region_id,target,pred_stat,top_evidence,top_factor_id,top_factor_label,top_factor_kind,top_baseline_type,top_baseline_value,top_freq,top_delta_mean,top_direction,top_score
0,OC_0-5cm_1km_mean,"{""OC_0-5cm_1km_mean"": {""mean"": 1.8473978749750843, ""p50"": 1.8513081669807434, ""p95"": 1.9777055203914642}}","[{""factor_id"": 43, ""factor_label"": ""terrain_relief"", ""factor_kind"": ""terrain_feature"", ""baseline_type"": ""region_mean"", ""baseline_value"": 0.24603624641895294, ""freq"": 0.7262804366078925, ""delta_mean"": 0.46543601155281067, ""direction"": ""increase"", ""score"": 0.33803706968361147}, {""factor_id"": 40, ""factor_label"": ""climate_bio15"", ""factor_kind"": ""climate_feature"", ""baseline_type"": ""region_mean"", ""baseline_value"": 0.24603624641895294, ""freq"": 0.18261964735516373, ""delta_mean"": -0.40177345275878906, ""direction"": ""decrease"", ""score"": 0.07337172625947659}, {""factor_id"": 19, ""factor_label"": ""ndre"", ""factor_kind"": ""aux_feature"", ""baseline_type"": ""region_mean"", ""baseline_value"": 0.24603624641895294, ""freq"": 0.06381192275398824, ""delta_mean"": -0.4191945493221283, ""direction"": ""decrease"", ""score"": 0.026749610200236563}, {""factor_id"": 37, ""factor_label"": ""climate_bio1"", ""factor_kind"": ""climate_feature"", ""baseline_type"": ""region_mean"", ""baseline_value"": 0.24603624641895294, ""freq"": 0.02392947103274559, ""delta_mean"": 0.38731053471565247, ""direction"": ""increase"", ""score"": 0.009268136221155411}, {""factor_id"": 39, ""factor_label"": ""climate_bio12"", ""factor_kind"": ""climate_feature"", ""baseline_type"": ""region_mean"", ""baseline_value"": 0.24603624641895294, ""freq"": 0.002938706968933669, ""delta_mean"": -0.33794689178466797, ""direction"": ""decrease"", ""score"": 0.0009931268860170763}]",43,terrain_relief,terrain_feature,region_mean,0.24603624641895294,0.7262804366078925,0.46543601155281067,increase,0.33803706968361147
1,OC_0-5cm_1km_mean,"{""OC_0-5cm_1km_mean"": {""mean"": 1.754363529540442, ""p50"": 1.7557069659233093, ""p95"": 1.8525142610073089}}","[{""factor_id"": 43, ""factor_label"": ""terrain_relief"", ""factor_kind"": ""terrain_feature"", ""baseline_type"": ""region_mean"", ""baseline_value"": 0.19362184405326843, ""freq"": 0.743006993006993, ""delta_mean"": 0.4195660650730133, ""direction"": ""increase"", ""score"": 0.31174052037767597}, {""factor_id"": 40, ""factor_label"": ""climate_bio15"", ""factor_kind"": ""climate_feature"", ""baseline_type"": ""region_mean"", ""baseline_value"": 0.19362184405326843, ""freq"": 0.2298951048951049, ""delta_mean"": -0.45998895168304443, ""direction"": ""decrease"", ""score"": 0.10574920829776284}, {""factor_id"": 39, ""factor_label"": ""climate_bio12"", ""factor_kind"": ""climate_feature"", ""baseline_type"": ""region_mean"", ""baseline_value"": 0.19362184405326843, ""freq"": 0.022727272727272728, ""delta_mean"": -0.46800902485847473, ""direction"": ""decrease"", ""score"": 0.010636568746783518}, {""factor_id"": 19, ""factor_label"": ""ndre"", ""factor_kind"": ""aux_feature"", ""baseline_type"": ""region_mean"", ""baseline_value"": 0.19362184405326843, ""freq"": 0.0034965034965034965, ""delta_mean"": -0.5591413378715515, ""direction"": ""decrease"", ""score"": 0.001955039642907523}, {""factor_id"": 37, ""factor_label"": ""climate_bio1"", ""factor_kind"": ""climate_feature"", ""baseline_type"": ""region_mean"", ""baseline_value"": 0.19362184405326843, ""freq"": 0.0008741258741258741, ""delta_mean"": 0.25409242510795593, ""direction"": ""increase"", ""score"": 0.0002221087632062552}]",43,terrain_relief,terrain_feature,region_mean,0.19362184405326843,0.743006993006993,0.4195660650730133,increase,0.31174052037767597
2,OC_0-5cm_1km_mean,"{""OC_0-5cm_1km_mean"": {""mean"": 1.7717534830172856, ""p50"": 1.7638035416603088, ""p95"": 1.8982585847377778}}","[{""factor_id"": 43, ""factor_label"": ""terrain_relief"", ""factor_kind"": ""terrain_feature"", ""baseline_type"": ""region_mean"", ""baseline_value"": 0.19694751501083374, ""freq"": 0.7208333333333333, ""delta_mean"": 0.43520382046699524, ""direction"": ""increase"", ""score"": 0.3137094205866257}, {""factor_id"": 40, ""factor_label"": ""climate_bio15"", ""factor_kind"": ""climate_feature"", ""baseline_type"": ""region_mean"", ""baseline_value"": 0.19694751501083374, ""freq"": 0.2, ""delta_mean"": -0.4116295576095581, ""direction"": ""decrease"", ""score"": 0.08232591152191163}, {""factor_id"": 19, ""factor_label"": ""ndre"", ""factor_kind"": ""aux_feature"", ""baseline_type"": ""region_mean"", ""baseline_value"": 0.19694751501083374, ""freq"": 0.07152777777777777, ""delta_mean"": -0.45923203229904175, ""direction"": ""decrease"", ""score"": 0.032847846754723124}, {""factor_id"": 39, ""factor_label"": ""climate_bio12"", ""factor_kind"": ""climate_feature"", ""baseline_type"": ""region_mean"", ""baseline_value"": 0.19694751501083374, ""freq"": 0.005555555555555556, ""delta_mean"": -0.35352712869644165, ""direction"": ""decrease"", ""score"": 0.0019640396038691204}, {""factor_id"": 37, ""factor_label"": ""climate_bio1"", ""factor_kind"": ""climate_feature"", ""baseline_type"": ""region_mean"", ""baseline_value"": 0.19694751501083374, ""freq"": 0.001388888888888889, ""delta_mean"": 0.507655918598175, ""direction"": ""increase"", ""score"": 0.0007050776647196876}]",43,terrain_relief,terrain_feature,region_mean,0.19694751501083374,0.7208333333333333,0.43520382046699524,increase,0.3137094205866257
3,OC_0-5cm_1km_mean,"{""OC_0-5cm_1km_mean"": {""mean"": 1.8096406559960176, ""p50"": 1.8115037679672241, ""p95"": 1.910092830657959}}","[{""factor_id"": 43, ""factor_label"": ""terrain_relief"", ""factor_kind"": ""terrain_feature"", ""baseline_type"": ""region_mean"", ""baseline_value"": 0.18129093945026398, ""freq"": 0.6807489198271723, ""delta_mean"": 0.44178372621536255, ""direction"": ""increase"", ""score"": 0.30074379441833127}, {""factor_id"": 40, ""factor_label"": ""climate_bio15"", ""factor_kind"": ""climate_feature"", ""baseline_type"": ""region_mean"", ""baseline_value"": 0.18129093945026398, ""freq"": 0.19971195391262603, ""delta_mean"": -0.3765724003314972, ""direction"": ""decrease"", ""score"": 0.07520600985977093}, {""factor_id"": 19, ""factor_label"": ""ndre"", ""factor_kind"": ""aux_feature"", ""baseline_type"": ""region_mean"", ""baseline_value"": 0.18129093945026398, ""freq"": 0.11377820451272204, ""delta_mean"": -0.4000750780105591, ""direction"": ""decrease"", ""score"": 0.045519824046328615}, {""factor_id"": 37, ""factor_label"": ""climate_bio1"", ""factor_kind"": ""climate_feature"", ""baseline_type"": ""region_mean"", ""baseline_value"": 0.18129093945026398, ""freq"": 0.004800768122899664, ""delta_mean"": 0.3247555196285248, ""direction"": ""increase"", ""score"": 0.001559075946368338}, {""factor_id"": 39, ""factor_label"": ""climate_bio12"", ""factor_kind"": ""climate_feature"", ""baseline_type"": ""region_mean"", ""baseline_value"": 0.18129093945026398, ""freq"": 0.0009601536245799327, ""delta_mean"": -0.29797255992889404, ""direction"": ""decrease"", ""score"": 0.00028609943344108885}]",43,terrain_relief,terrain_feature,region_mean,0.18129093945026398,0.6807489198271723,0.44178372621536255,increase,0.30074379441833127
4,OC_0-5cm_1km_mean,"{""OC_0-5cm_1km_mean"": {""mean"": 1.797848602145928, ""p50"": 1.7924184203147888, ""p95"": 1.9475289702415466}}","[{""factor_id"": 43, ""factor_label"": ""terrain_relief"", ""factor_kind"": ""terrain_feature"", ""baseline_type"": ""region_mean"", ""baseline_value"": 0.246718630194664, ""freq"": 0.7467529441914103, ""delta_mean"": 0.41495397686958313, ""direction"": ""increase"", ""score"": 0.30986810393129555}, {""factor_id"": 40, ""factor_label"": ""climate_bio15"", ""factor_kind"": ""climate_feature"", ""baseline_type"": ""region_mean"", ""baseline_value"": 0.246718630194664, ""freq"": 0.17996552005311775, ""delta_mean"": -0.3848538100719452, ""direction"": ""decrease"", ""score"": 0.06926041607402142}, {""factor_id"": 37, ""factor_label"": ""climate_bio1"", ""factor_kind"": ""climate_feature"", ""baseline_type"": ""region_mean"", ""baseline_value"": 0.246718630194664, ""freq"": 0.0433503791629294, ""delta_mean"": 0.3937649428844452, ""direction"": ""increase"", ""score"": 0.01706985957510994}, {""factor_id"": 39, ""factor_label"": ""climate_bio12"", ""factor_kind"": ""climate_feature"", ""baseline_type"": ""region_mean"", ""baseline_value"": 0.246718630194664, ""freq"": 0.022703181241045114, ""delta_mean"": -0.35599032044410706, ""direction"": ""decrease"", ""score"": 0.00808211276510029}, {""factor_id"": 19, ""factor_label"": ""ndre"", ""factor_kind"": ""aux_feature"", ""baseline_type"": ""region_mean"", ""baseline_value"": 0.246718630194664, ""freq"": 0.00662224655491747, ""delta_mean"": -0.40368422865867615, ""direction"": ""decrease"", ""score"": 0.002673296492509434}]",43,terrain_relief,terrain_feature,region_mean,0.246718630194664,0.7467529441914103,0.41495397686958313,increase,0.30986810393129555
5,OC_0-5cm_1km_mean,"{""OC_0-5cm_1km_mean"": {""mean"": 2.0216017361020184, ""p50"": 2.015791654586792, ""p95"": 2.1753830432891843}}","[{""factor_id"": 43, ""factor_label"": ""terrain_relief"", ""factor_kind"": ""terrain_feature"", ""baseline_type"": ""region_mean"", ""baseline_value"": 0.3694855272769928, ""freq"": 0.6873595365329871, ""delta_mean"": 0.4578605890274048, ""direction"": ""increase"", ""score"": 0.31471484227059743}, {""factor_id"": 37, ""factor_label"": ""climate_bio1"", ""factor_kind"": ""climate_feature"", ""baseline_type"": ""region_mean"", ""baseline_value"": 0.3694855272769928, ""freq"": 0.22409229386205864, ""delta_mean"": 0.4155377149581909, ""direction"": ""increase"", ""score"": 0.09311879973117929}, {""factor_id"": 25, ""factor_label"": ""red_edge_diff"", ""factor_kind"": ""aux_feature"", ""baseline_type"": ""region_mean"", ""baseline_value"": 0.3694855272769928, ""freq"": 0.05518653548419318, ""delta_mean"": -0.4496164321899414, ""direction"": ""decrease"", ""score"": 0.024812773189326537}, {""factor_id"": 19, ""factor_label"": ""ndre"", ""factor_kind"": ""aux_feature"", ""baseline_type"": ""region_mean"", ""baseline_value"": 0.3694855272769928, ""freq"": 0.02022673924986266, ""delta_mean"": -0.4778593182563782, ""direction"": ""decrease"", ""score"": 0.009665535828488897}, {""factor_id"": 40, ""factor_label"": ""climate_bio15"", ""factor_kind"": ""climate_feature"", ""baseline_type"": ""region_mean"", ""baseline_value"": 0.3694855272769928, ""freq"": 0.010587824002397243, ""delta_mean"": -0.3974810242652893, ""direction"": ""decrease"", ""score"": 0.004208459129213471}]",43,terrain_relief,terrain_feature,region_mean,0.3694855272769928,0.6873595365329871,0.4578605890274048,increase,0.31471484227059743
6,OC_0-5cm_1km_mean,"{""OC_0-5cm_1km_mean"": {""mean"": 2.040387964640935, ""p50"": 2.0544921159744263, ""p95"": 2.166311812400818}}","[{""factor_id"": 43, ""factor_label"": ""terrain_relief"", ""factor_kind"": ""terrain_feature"", ""baseline_type"": ""region_mean"", ""baseline_value"": 0.43625888228416443, ""freq"": 0.757409211075553, ""delta_mean"": 0.46521031856536865, ""direction"": ""increase"", ""score"": 0.3523545803688026}, {""factor_id"": 37, ""factor_label"": ""climate_bio1"", ""factor_kind"": ""climate_feature"", ""baseline_type"": ""region_mean"", ""baseline_value"": 0.43625888228416443, ""freq"": 0.21514540141922917, ""delta_mean"": 0.44487303495407104, ""direction"": ""increase"", ""score"": 0.09571238768578438}, {""factor_id"": 25, ""factor_label"": ""red_edge_diff"", ""factor_kind"": ""aux_feature"", ""baseline_type"": ""region_mean"", ""baseline_value"": 0.43625888228416443, ""freq"": 0.012174759983303186, ""delta_mean"": -0.4684463143348694, ""direction"": ""decrease"", ""score"": 0.0057032214420900335}, {""factor_id"": 40, ""factor_label"": ""climate_bio15"", ""factor_kind"": ""climate_feature"", ""baseline_type"": ""region_mean"", ""baseline_value"": 0.43625888228416443, ""freq"": 0.007270070961458188, ""delta_mean"": -0.42495787143707275, ""direction"": ""decrease"", ""score"": 0.003089473880977745}, {""factor_id"": 19, ""factor_label"": ""ndre"", ""factor_kind"": ""aux_feature"", ""baseline_type"": ""region_mean"", ""baseline_value"": 0.43625888228416443, ""freq"": 0.005878669820509253, ""delta_mean"": -0.48786285519599915, ""direction"": ""decrease"", ""score"": 0.002867984643388196}]",43,terrain_relief,terrain_feature,region_mean,0.43625888228416443,0.757409211075553,0.46521031856536865,increase,0.3523545803688026
7,OC_0-5cm_1km_mean,"{""OC_0-5cm_1km_mean"": {""mean"": 2.1309786708860283, ""p50"": 2.129260540008545, ""p95"": 2.230972409248352}}","[{""factor_id"": 43, ""factor_label"": ""terrain_relief"", ""factor_kind"": ""terrain_feature"", ""baseline_type"": ""region_mean"", ""baseline_value"": 0.4459444582462311, ""freq"": 0.6573295985060691, ""delta_mean"": 0.4649508595466614, ""direction"": ""increase"", ""score"": 0.30562596183085866}, {""factor_id"": 37, ""factor_label"": ""climate_bio1"", ""factor_kind"": ""climate_feature"", ""baseline_type"": ""region_mean"", ""baseline_value"": 0.4459444582462311, ""freq"": 0.32679738562091504, ""delta_mean"": 0.4538429081439972, ""direction"": ""increase"", ""score"": 0.14831467586405137}, {""factor_id"": 25, ""factor_label"": ""red_edge_diff"", ""factor_kind"": ""aux_feature"", ""baseline_type"": ""region_mean"", ""baseline_value"": 0.4459444582462311, ""freq"": 0.014005602240896359, ""delta_mean"": -0.5127556920051575, ""direction"": ""decrease"", ""score"": 0.007181452268979796}, {""factor_id"": 40, ""factor_label"": ""climate_bio15"", ""factor_kind"": ""climate_feature"", ""baseline_type"": ""region_mean"", ""baseline_value"": 0.4459444582462311, ""freq"": 0.0018674136321195146, ""delta_mean"": -0.4362874925136566, ""direction"": ""decrease"", ""score"": 0.000814729211043243}]",43,terrain_relief,terrain_feature,region_mean,0.4459444582462311,0.6573295985060691,0.4649508595466614,increase,0.30562596183085866
8,OC_0-5cm_1km_mean,"{""OC_0-5cm_1km_mean"": {""mean"": 1.8311254614532646, ""p50"": 1.8339649438858032, ""p95"": 1.925690472126007}}","[{""factor_id"": 43, ""factor_label"": ""terrain_relief"", ""factor_kind"": ""terrain_feature"", ""baseline_type"": ""region_mean"", ""baseline_value"": -0.5759618282318115, ""freq"": 0.4721499219156689, ""delta_mean"": -0.6272289156913757, ""direction"": ""decrease"", ""score"": 0.2961460835669327}, {""factor_id"": 19, ""factor_label"": ""ndre"", ""factor_kind"": ""aux_feature"", ""baseline_type"": ""region_mean"", ""baseline_value"": -0.5759618282318115, ""freq"": 0.3893805309734513, ""delta_mean"": -0.6110482811927795, ""direction"": ""decrease"", ""score"": 0.2379303041812593}, {""factor_id"": 40, ""factor_label"": ""climate_bio15"", ""factor_kind"": ""climate_feature"", ""baseline_type"": ""region_mean"", ""baseline_value"": -0.5759618282318115, ""freq"": 0.11591185146625022, ""delta_mean"": -0.4134018123149872, ""direction"": ""decrease"", ""score"": 0.04791816946493344}, {""factor_id"": 37, ""factor_label"": ""climate_bio1"", ""factor_kind"": ""climate_feature"", ""baseline_type"": ""region_mean"", ""baseline_value"": -0.5759618282318115, ""freq"": 0.02030192608016658, ""delta_mean"": 0.3721088767051697, ""direction"": ""increase"", ""score"": 0.007554526908642174}, {""factor_id"": 44, ""factor_label"": ""terrain_slope"", ""factor_kind"": ""terrain_feature"", ""baseline_type"": ""region_mean"", ""baseline_value"": -0.5759618282318115, ""freq"": 0.002082248828735034, ""delta_mean"": -0.6781185269355774, ""direction"": ""decrease"", ""score"": 0.0014120115084551325}]",43,terrain_relief,terrain_feature,region_mean,-0.5759618282318115,0.4721499219156689,-0.6272289156913757,decrease,0.2961460835669327
9,OC_0-5cm_1km_mean,"{""OC_0-5cm_1km_mean"": {""mean"": 1.9710000261997032, ""p50"": 1.9705596566200256, ""p95"": 2.0511598587036133}}","[{""factor_id"": 43, ""factor_label"": ""terrain_relief"", ""factor_kind"": ""terrain_feature"", ""baseline_type"": ""region_mean"", ""baseline_value"": 0.44265520572662354, ""freq"": 0.8463866818009838, ""delta_mean"": 0.4453268051147461, ""direction"": ""increase"", ""score"": 0.3769186768981033}, {""factor_id"": 37, ""factor_label"": ""climate_bio1"", ""factor_kind"": ""climate_feature"", ""baseline_type"": ""region_mean"", ""baseline_value"": 0.44265520572662354, ""freq"": 0.15285660234581913, ""delta_mean"": 0.4320492744445801, ""direction"": ""increase"", ""score"": 0.06604158413757485}, {""factor_id"": 25, ""factor_label"": ""red_edge_diff"", ""factor_kind"": ""aux_feature"", ""baseline_type"": ""region_mean"", ""baseline_value"": 0.44265520572662354, ""freq"": 0.00037835792659856227, ""delta_mean"": -0.38117271661758423, ""direction"": ""decrease"", ""score"": 0.00014421971873537052}, {""factor_id"": 20, ""factor_label"": ""evi"", ""factor_kind"": ""aux_feature"", ""baseline_type"": ""region_mean"", ""baseline_value"": 0.44265520572662354, ""freq"": 0.00018917896329928113, ""delta_mean"": -0.43767571449279785, ""direction"": ""decrease"", ""score"": 8.279903792901966e-05}, {""factor_id"": 40, ""factor_label"": ""climate_bio15"", ""factor_kind"": ""climate_feature"", ""baseline_type"": ""region_mean"", ""baseline_value"": 0.44265520572662354, ""freq"": 0.00018917896329928113, ""delta_mean"": -0.41250184178352356, ""direction"": ""decrease"", ""score"": 7.803667078765107e-05}]",43,terrain_relief,terrain_feature,region_mean,0.44265520572662354,0.8463866818009838,0.4453268051147461,increase,0.3769186768981033
10,OC_0-5cm_1km_mean,"{""OC_0-5cm_1km_mean"": {""mean"": 2.0989672434705406, ""p50"": 2.07975697517395, ""p95"": 2.2661174535751343}}","[{""factor_id"": 43, ""factor_label"": ""terrain_relief"", ""factor_kind"": ""terrain_feature"", ""baseline_type"": ""region_mean"", ""baseline_value"": -0.03518073633313179, ""freq"": 0.5120949338201735, ""delta_mean"": -0.015399681404232979, ""direction"": ""decrease"", ""score"": 0.007886098829552443}, {""factor_id"": 37, ""factor_label"": ""climate_bio1"", ""factor_kind"": ""climate_feature"", ""baseline_type"": ""region_mean"", ""baseline_value"": -0.03518073633313179, ""freq"": 0.2482884527612962, ""delta_mean"": 0.44556233286857605, ""direction"": ""increase"", ""score"": 0.11062798223665238}, {""factor_id"": 44, ""factor_label"": ""terrain_slope"", ""factor_kind"": ""terrain_feature"", ""baseline_type"": ""region_mean"", ""baseline_value"": -0.03518073633313179, ""freq"": 0.20356001825650388, ""delta_mean"": -0.6361355185508728, ""direction"": ""decrease"", ""score"": 0.12949175776982624}, {""factor_id"": 25, ""factor_label"": ""red_edge_diff"", ""factor_kind"": ""aux_feature"", ""baseline_type"": ""region_mean"", ""baseline_value"": -0.03518073633313179, ""freq"": 0.016887266088544045, ""delta_mean"": -0.4704204797744751, ""direction"": ""decrease"", ""score"": 0.007944115815452114}, {""factor_id"": 38, ""factor_label"": ""climate_bio4"", ""factor_kind"": ""climate_feature"", ""baseline_type"": ""region_mean"", ""baseline_value"": -0.03518073633313179, ""freq"": 0.009584664536741214, ""delta_mean"": 0.4403142035007477, ""direction"": ""increase"", ""score"": 0.0042202639313170705}]",43,terrain_relief,terrain_feature,region_mean,-0.03518073633313179,0.5120949338201735,-0.015399681404232979,decrease,0.007886098829552443
11,OC_0-5cm_1km_mean,"{""OC_0-5cm_1km_mean"": {""mean"": 1.7904124929511342, ""p50"": 1.7885427474975586, ""p95"": 1.9498380422592163}}","[{""factor_id"": 43, ""factor_label"": ""terrain_relief"", ""factor_kind"": ""terrain_feature"", ""baseline_type"": ""region_mean"", ""baseline_value"": 0.1661338359117508, ""freq"": 0.6647691334598356, ""delta_mean"": 0.4160792827606201, ""direction"": ""increase"", ""score"": 0.27659666425136736}, {""factor_id"": 40, ""factor_label"": ""climate_bio15"", ""factor_kind"": ""climate_feature"", ""baseline_type"": ""region_mean"", ""baseline_value"": 0.1661338359117508, ""freq"": 0.15117014547754587, ""delta_mean"": -0.3790071904659271, ""direction"": ""decrease"", ""score"": 0.05729457211977014}, {""factor_id"": 39, ""factor_label"": ""climate_bio12"", ""factor_kind"": ""climate_feature"", ""baseline_type"": ""region_mean"", ""baseline_value"": 0.1661338359117508, ""freq"": 0.11827956989247312, ""delta_mean"": -0.337077260017395, ""direction"": ""decrease"", ""score"": 0.03986935333539081}, {""factor_id"": 19, ""factor_label"": ""ndre"", ""factor_kind"": ""aux_feature"", ""baseline_type"": ""region_mean"", ""baseline_value"": 0.1661338359117508, ""freq"": 0.05060088551549652, ""delta_mean"": -0.3865850269794464, ""direction"": ""decrease"", ""score"": 0.019561544692192102}, {""factor_id"": 37, ""factor_label"": ""climate_bio1"", ""factor_kind"": ""climate_feature"", ""baseline_type"": ""region_mean"", ""baseline_value"": 0.1661338359117508, ""freq"": 0.01454775458570525, ""delta_mean"": 0.40929484367370605, ""direction"": ""increase"", ""score"": 0.00595432093895967}]",43,terrain_relief,terrain_feature,region_mean,0.1661338359117508,0.6647691334598356,0.4160792827606201,increase,0.27659666425136736
12,OC_0-5cm_1km_mean,"{""OC_0-5cm_1km_mean"": {""mean"": 1.9797190947291452, ""p50"": 1.9808653593063354, ""p95"": 2.108410596847534}}","[{""factor_id"": 43, ""factor_label"": ""terrain_relief"", ""factor_kind"": ""terrain_feature"", ""baseline_type"": ""region_mean"", ""baseline_value"": 0.37442323565483093, ""freq"": 0.7183478000598623, ""delta_mean"": 0.4124164283275604, ""direction"": ""increase"", ""score"": 0.2962584339976489}, {""factor_id"": 37, ""factor_label"": ""climate_bio1"", ""factor_kind"": ""climate_feature"", ""baseline_type"": ""region_mean"", ""baseline_value"": 0.37442323565483093, ""freq"": 0.23855133193654596, ""delta_mean"": 0.4091711938381195, ""direction"": ""increase"", ""score"": 0.09760833328015003}, {""factor_id"": 25, ""factor_label"": ""red_edge_diff"", ""factor_kind"": ""aux_feature"", ""baseline_type"": ""region_mean"", ""baseline_value"": 0.37442323565483093, ""freq"": 0.020951810835079316, ""delta_mean"": -0.4585179388523102, ""direction"": ""decrease"", ""score"": 0.009606781119324068}, {""factor_id"": 40, ""factor_label"": ""climate_bio15"", ""factor_kind"": ""climate_feature"", ""baseline_type"": ""region_mean"", ""baseline_value"": 0.37442323565483093, ""freq"": 0.01706076025142173, ""delta_mean"": -0.41579362750053406, ""direction"": ""decrease"", ""score"": 0.007093755392855564}, {""factor_id"": 44, ""factor_label"": ""terrain_slope"", ""factor_kind"": ""terrain_feature"", ""baseline_type"": ""region_mean"", ""baseline_value"": 0.37442323565483093, ""freq"": 0.0026938042502244837, ""delta_mean"": -0.5915908813476562, ""direction"": ""decrease"", ""score"": 0.0015936300305683646}]",43,terrain_relief,terrain_feature,region_mean,0.37442323565483093,0.7183478000598623,0.4124164283275604,increase,0.2962584339976489
13,OC_0-5cm_1km_mean,"{""OC_0-5cm_1km_mean"": {""mean"": 2.1047345578974093, ""p50"": 2.1102367639541626, ""p95"": 2.1829992890357968}}","[{""factor_id"": 43, ""factor_label"": ""terrain_relief"", ""factor_kind"": ""terrain_feature"", ""baseline_type"": ""region_mean"", ""baseline_value"": 0.4590461254119873, ""freq"": 0.7580645161290323, ""delta_mean"": 0.46730920672416687, ""direction"": ""increase"", ""score"": 0.3542505276779975}, {""factor_id"": 37, ""factor_label"": ""climate_bio1"", ""factor_kind"": ""climate_feature"", ""baseline_type"": ""region_mean"", ""baseline_value"": 0.4590461254119873, ""freq"": 0.23853989813242785, ""delta_mean"": 0.44189196825027466, ""direction"": ""increase"", ""score"": 0.10540886509195856}, {""factor_id"": 25, ""factor_label"": ""red_edge_diff"", ""factor_kind"": ""aux_feature"", ""baseline_type"": ""region_mean"", ""baseline_value"": 0.4590461254119873, ""freq"": 0.0008488964346349745, ""delta_mean"": -0.4375413954257965, ""direction"": ""decrease"", ""score"": 0.0003714273305821702}, {""factor_id"": 38, ""factor_label"": ""climate_bio4"", ""factor_kind"": ""climate_feature"", ""baseline_type"": ""region_mean"", ""baseline_value"": 0.4590461254119873, ""freq"": 0.0008488964346349745, ""delta_mean"": 0.4311429560184479, ""direction"": ""increase"", ""score"": 0.00036599571818204404}, {""factor_id"": 40, ""factor_label"": ""climate_bio15"", ""factor_kind"": ""climate_feature"", ""baseline_type"": ""region_mean"", ""baseline_value"": 0.4590461254119873, ""freq"": 0.0008488964346349745, ""delta_mean"": -0.42467358708381653, ""direction"": ""decrease"", ""score"": 0.0003605038939590972}]",43,terrain_relief,terrain_feature,region_mean,0.4590461254119873,0.7580645161290323,0.46730920672416687,increase,0.3542505276779975
14,OC_0-5cm_1km_mean,"{""OC_0-5cm_1km_mean"": {""mean"": 2.021893081105358, ""p50"": 2.0229225158691406, ""p95"": 2.0953528881073}}","[{""factor_id"": 43, ""factor_label"": ""terrain_relief"", ""factor_kind"": ""terrain_feature"", ""baseline_type"": ""region_mean"", ""baseline_value"": 0.461363285779953, ""freq"": 0.7542126670540383, ""delta_mean"": 0.4636988341808319, ""direction"": ""increase"", ""score"": 0.34972753443737353}, {""factor_id"": 37, ""factor_label"": ""climate_bio1"", ""factor_kind"": ""climate_feature"", ""baseline_type"": ""region_mean"", ""baseline_value"": 0.461363285779953, ""freq"": 0.24520627542126672, ""delta_mean"": 0.4560920000076294, ""direction"": ""increase"", ""score"": 0.11183662057130715}, {""factor_id"": 40, ""factor_label"": ""climate_bio15"", ""factor_kind"": ""climate_feature"", ""baseline_type"": ""region_mean"", ""baseline_value"": 0.461363285779953, ""freq"": 0.0005810575246949448, ""delta_mean"": -0.3456796109676361, ""direction"": ""decrease"", ""score"": 0.00020085973908636612}]",43,terrain_relief,terrain_feature,region_mean,0.461363285779953,0.7542126670540383,0.4636988341808319,increase,0.34972753443737353
15,OC_0-5cm_1km_mean,"{""OC_0-5cm_1km_mean"": {""mean"": 1.9637347981425226, ""p50"": 1.9104021787643433, ""p95"": 2.346977782249451}}","[{""factor_id"": 44, ""factor_label"": ""terrain_slope"", ""factor_kind"": ""terrain_feature"", ""baseline_type"": ""region_mean"", ""baseline_value"": -0.677151620388031, ""freq"": 0.566516577977896, ""delta_mean"": -0.8195779323577881, ""direction"": ""decrease"", ""score"": 0.4643044856255336}, {""factor_id"": 23, ""factor_label"": ""red_green_ratio"", ""factor_kind"": ""aux_feature"", ""baseline_type"": ""region_mean"", ""baseline_value"": -0.677151620388031, ""freq"": 0.264428980761359, ""delta_mean"": -0.622307300567627, ""direction"": ""decrease"", ""score"": 0.16455608520945028}, {""factor_id"": 39, ""factor_label"": ""climate_bio12"", ""factor_kind"": ""climate_feature"", ""baseline_type"": ""region_mean"", ""baseline_value"": -0.677151620388031, ""freq"": 0.07408923454768727, ""delta_mean"": -0.5711176991462708, ""direction"": ""decrease"", ""score"": 0.04231367316638355}, {""factor_id"": 40, ""factor_label"": ""climate_bio15"", ""factor_kind"": ""climate_feature"", ""baseline_type"": ""region_mean"", ""baseline_value"": -0.677151620388031, ""freq"": 0.044207941056078594, ""delta_mean"": -0.5506079196929932, ""direction"": ""decrease"", ""score"": 0.024341242458797898}, {""factor_id"": 37, ""factor_label"": ""climate_bio1"", ""factor_kind"": ""climate_feature"", ""baseline_type"": ""region_mean"", ""baseline_value"": -0.677151620388031, ""freq"": 0.034383954154727794, ""delta_mean"": 0.8020157814025879, ""direction"": ""increase"", ""score"": 0.02757647385911477}]",44,terrain_slope,terrain_feature,region_mean,-0.677151620388031,0.566516577977896,-0.8195779323577881,decrease,0.4643044856255336
16,OC_0-5cm_1km_mean,"{""OC_0-5cm_1km_mean"": {""mean"": 1.9751320425724928, ""p50"": 1.9860641360282898, ""p95"": 2.069811224937439}}","[{""factor_id"": 43, ""factor_label"": ""terrain_relief"", ""factor_kind"": ""terrain_feature"", ""baseline_type"": ""region_mean"", ""baseline_value"": 0.4209321439266205, ""freq"": 0.6672494172494172, ""delta_mean"": 0.4314901828765869, ""direction"": ""increase"", ""score"": 0.2879115730732471}, {""factor_id"": 37, ""factor_label"": ""climate_bio1"", ""factor_kind"": ""climate_feature"", ""baseline_type"": ""region_mean"", ""baseline_value"": 0.4209321439266205, ""freq"": 0.3175990675990676, ""delta_mean"": 0.4385184943675995, ""direction"": ""increase"", ""score"": 0.13927306493609656}, {""factor_id"": 40, ""factor_label"": ""climate_bio15"", ""factor_kind"": ""climate_feature"", ""baseline_type"": ""region_mean"", ""baseline_value"": 0.4209321439266205, ""freq"": 0.015151515151515152, ""delta_mean"": -0.4126652181148529, ""direction"": ""decrease"", ""score"": 0.006252503304770499}]",43,terrain_relief,terrain_feature,region_mean,0.4209321439266205,0.6672494172494172,0.4314901828765869,increase,0.2879115730732471
17,OC_0-5cm_1km_mean,"{""OC_0-5cm_1km_mean"": {""mean"": 2.0529106916154474, ""p50"": 2.055243730545044, ""p95"": 2.124996566772461}}","[{""factor_id"": 43, ""factor_label"": ""terrain_relief"", ""factor_kind"": ""terrain_feature"", ""baseline_type"": ""region_mean"", ""baseline_value"": 0.4743735194206238, ""freq"": 0.7554611650485437, ""delta_mean"": 0.47530075907707214, ""direction"": ""increase"", ""score"": 0.3590712652008221}, {""factor_id"": 37, ""factor_label"": ""climate_bio1"", ""factor_kind"": ""climate_feature"", ""baseline_type"": ""region_mean"", ""baseline_value"": 0.4743735194206238, ""freq"": 0.2445388349514563, ""delta_mean"": 0.47150900959968567, ""direction"": ""increase"", ""score"": 0.11530226387662217}]",43,terrain_relief,terrain_feature,region_mean,0.4743735194206238,0.7554611650485437,0.47530075907707214,increase,0.3590712652008221
18,OC_0-5cm_1km_mean,"{""OC_0-5cm_1km_mean"": {""mean"": 1.838746847362967, ""p50"": 1.8413186073303223, ""p95"": 1.9576403200626373}}","[{""factor_id"": 43, ""factor_label"": ""terrain_relief"", ""factor_kind"": ""terrain_feature"", ""baseline_type"": ""region_mean"", ""baseline_value"": 0.31617429852485657, ""freq"": 0.7112112112112112, ""delta_mean"": 0.4078933000564575, ""direction"": ""increase"", ""score"": 0.2900982879780912}, {""factor_id"": 37, ""factor_label"": ""climate_bio1"", ""factor_kind"": ""climate_feature"", ""baseline_type"": ""region_mean"", ""baseline_value"": 0.31617429852485657, ""freq"": 0.17392392392392392, ""delta_mean"": 0.3997492790222168, ""direction"": ""increase"", ""score"": 0.06952596319330347}, {""factor_id"": 40, ""factor_label"": ""climate_bio15"", ""factor_kind"": ""climate_feature"", ""baseline_type"": ""region_mean"", ""baseline_value"": 0.31617429852485657, ""freq"": 0.09434434434434434, ""delta_mean"": -0.37117549777030945, ""direction"": ""decrease"", ""score"": 0.03501830897382549}, {""factor_id"": 39, ""factor_label"": ""climate_bio12"", ""factor_kind"": ""climate_feature"", ""baseline_type"": ""region_mean"", ""baseline_value"": 0.31617429852485657, ""freq"": 0.01826826826826827, ""delta_mean"": -0.40696287155151367, ""direction"": ""decrease"", ""score"": 0.007434506912727853}, {""factor_id"": 19, ""factor_label"": ""ndre"", ""factor_kind"": ""aux_feature"", ""baseline_type"": ""region_mean"", ""baseline_value"": 0.31617429852485657, ""freq"": 0.002002002002002002, ""delta_mean"": -0.4483027458190918, ""direction"": ""decrease"", ""score"": 0.0008975029946328164}]",43,terrain_relief,terrain_feature,region_mean,0.31617429852485657,0.7112112112112112,0.4078933000564575,increase,0.2900982879780912
19,OC_0-5cm_1km_mean,"{""OC_0-5cm_1km_mean"": {""mean"": 2.0266028029270142, ""p50"": 2.0330065488815308, ""p95"": 2.292925441265106}}","[{""factor_id"": 44, ""factor_label"": ""terrain_slope"", ""factor_kind"": ""terrain_feature"", ""baseline_type"": ""region_mean"", ""baseline_value"": -0.7153427600860596, ""freq"": 0.43553459119496857, ""delta_mean"": -0.7713205814361572, ""direction"": ""decrease"", ""score"": 0.3359367941160622}, {""factor_id"": 23, ""factor_label"": ""red_green_ratio"", ""factor_kind"": ""aux_feature"", ""baseline_type"": ""region_mean"", ""baseline_value"": -0.7153427600860596, ""freq"": 0.3541666666666667, ""delta_mean"": -0.7243743538856506, ""direction"": ""decrease"", ""score"": 0.25654925033450127}, {""factor_id"": 39, ""factor_label"": ""climate_bio12"", ""factor_kind"": ""climate_feature"", ""baseline_type"": ""region_mean"", ""baseline_value"": -0.7153427600860596, ""freq"": 0.06643081761006289, ""delta_mean"": -0.637754499912262, ""direction"": ""decrease"", ""score"": 0.04236655286366835}, {""factor_id"": 40, ""factor_label"": ""climate_bio15"", ""factor_kind"": ""climate_feature"", ""baseline_type"": ""region_mean"", ""baseline_value"": -0.7153427600860596, ""freq"": 0.0440251572327044, ""delta_mean"": -0.6185909509658813, ""direction"": ""decrease"", ""score"": 0.027233563879001065}, {""factor_id"": 43, ""factor_label"": ""terrain_relief"", ""factor_kind"": ""terrain_feature"", ""baseline_type"": ""region_mean"", ""baseline_value"": -0.7153427600860596, ""freq"": 0.04363207547169811, ""delta_mean"": -1.058143973350525, ""direction"": ""decrease"", ""score"": 0.04616901770515262}]",44,terrain_slope,terrain_feature,region_mean,-0.7153427600860596,0.43553459119496857,-0.7713205814361572,decrease,0.3359367941160622
20,OC_0-5cm_1km_mean,"{""OC_0-5cm_1km_mean"": {""mean"": 1.9247015654165371, ""p50"": 1.9288501739501953, ""p95"": 2.040361213684082}}","[{""factor_id"": 43, ""factor_label"": ""terrain_relief"", ""factor_kind"": ""terrain_feature"", ""baseline_type"": ""region_mean"", ""baseline_value"": 0.40162062644958496, ""freq"": 0.6448598130841121, ""delta_mean"": 0.4155193865299225, ""direction"": ""increase"", ""score"": 0.26795175393051074}, {""factor_id"": 37, ""factor_label"": ""climate_bio1"", ""factor_kind"": ""climate_feature"", ""baseline_type"": ""region_mean"", ""baseline_value"": 0.40162062644958496, ""freq"": 0.32777036048064084, ""delta_mean"": 0.44498711824417114, ""direction"": ""increase"", ""score"": 0.14585358815613353}, {""factor_id"": 40, ""factor_label"": ""climate_bio15"", ""factor_kind"": ""climate_feature"", ""baseline_type"": ""region_mean"", ""baseline_value"": 0.40162062644958496, ""freq"": 0.021361815754339118, ""delta_mean"": -0.40810489654541016, ""direction"": ""decrease"", ""score"": 0.008717861608446679}, {""factor_id"": 44, ""factor_label"": ""terrain_slope"", ""factor_kind"": ""terrain_feature"", ""baseline_type"": ""region_mean"", ""baseline_value"": 0.40162062644958496, ""freq"": 0.004672897196261682, ""delta_mean"": -0.7316382527351379, ""direction"": ""decrease"", ""score"": 0.0034188703398838217}, {""factor_id"": 25, ""factor_label"": ""red_edge_diff"", ""factor_kind"": ""aux_feature"", ""baseline_type"": ""region_mean"", ""baseline_value"": 0.40162062644958496, ""freq"": 0.0006675567423230974, ""delta_mean"": -0.28899893164634705, ""direction"": ""decrease"", ""score"": 0.00019292318534469094}]",43,terrain_relief,terrain_feature,region_mean,0.40162062644958496,0.6448598130841121,0.4155193865299225,increase,0.26795175393051074
21,OC_0-5cm_1km_mean,"{""OC_0-5cm_1km_mean"": {""mean"": 1.822028465933122, ""p50"": 1.8230090737342834, ""p95"": 1.927646416425705}}","[{""factor_id"": 43, ""factor_label"": ""terrain_relief"", ""factor_kind"": ""terrain_feature"", ""baseline_type"": ""region_mean"", ""baseline_value"": 0.2870345115661621, ""freq"": 0.7104160848924881, ""delta_mean"": 0.40683987736701965, ""direction"": ""increase"", ""score"": 0.28902559285721807}, {""factor_id"": 37, ""factor_label"": ""climate_bio1"", ""factor_kind"": ""climate_feature"", ""baseline_type"": ""region_mean"", ""baseline_value"": 0.2870345115661621, ""freq"": 0.14095224797542585, ""delta_mean"": 0.39193060994148254, ""direction"": ""increase"", ""score"": 0.05524350052163175}, {""factor_id"": 40, ""factor_label"": ""climate_bio15"", ""factor_kind"": ""climate_feature"", ""baseline_type"": ""region_mean"", ""baseline_value"": 0.2870345115661621, ""freq"": 0.14067299636972913, ""delta_mean"": -0.3854850232601166, ""direction"": ""decrease"", ""score"": 0.05422733327765533}, {""factor_id"": 39, ""factor_label"": ""climate_bio12"", ""factor_kind"": ""climate_feature"", ""baseline_type"": ""region_mean"", ""baseline_value"": 0.2870345115661621, ""freq"": 0.006492599832449037, ""delta_mean"": -0.38109827041625977, ""direction"": ""decrease"", ""score"": 0.002474318566651226}, {""factor_id"": 19, ""factor_label"": ""ndre"", ""factor_kind"": ""aux_feature"", ""baseline_type"": ""region_mean"", ""baseline_value"": 0.2870345115661621, ""freq"": 0.0012566322256352975, ""delta_mean"": -0.3617249131202698, ""direction"": ""decrease"", ""score"": 0.00045455518264205923}]",43,terrain_relief,terrain_feature,region_mean,0.2870345115661621,0.7104160848924881,0.40683987736701965,increase,0.28902559285721807
22,OC_0-5cm_1km_mean,"{""OC_0-5cm_1km_mean"": {""mean"": 1.9646092682728067, ""p50"": 1.9671530723571777, ""p95"": 2.0693490505218506}}","[{""factor_id"": 43, ""factor_label"": ""terrain_relief"", ""factor_kind"": ""terrain_feature"", ""baseline_type"": ""region_mean"", ""baseline_value"": 0.43060675263404846, ""freq"": 0.6879063719115734, ""delta_mean"": 0.4351936876773834, ""direction"": ""increase"", ""score"": 0.29937251076896726}, {""factor_id"": 37, ""factor_label"": ""climate_bio1"", ""factor_kind"": ""climate_feature"", ""baseline_type"": ""region_mean"", ""baseline_value"": 0.43060675263404846, ""freq"": 0.30006501950585174, ""delta_mean"": 0.45533859729766846, ""direction"": ""increase"", ""score"": 0.13663118507989205}, {""factor_id"": 40, ""factor_label"": ""climate_bio15"", ""factor_kind"": ""climate_feature"", ""baseline_type"": ""region_mean"", ""baseline_value"": 0.43060675263404846, ""freq"": 0.010403120936280884, ""delta_mean"": -0.43494439125061035, ""direction"": ""decrease"", ""score"": 0.004524779102737169}, {""factor_id"": 44, ""factor_label"": ""terrain_slope"", ""factor_kind"": ""terrain_feature"", ""baseline_type"": ""region_mean"", ""baseline_value"": 0.43060675263404846, ""freq"": 0.0013003901170351106, ""delta_mean"": -0.5424169898033142, ""direction"": ""decrease"", ""score"": 0.0007053536928521641}, {""factor_id"": 25, ""factor_label"": ""red_edge_diff"", ""factor_kind"": ""aux_feature"", ""baseline_type"": ""region_mean"", ""baseline_value"": 0.43060675263404846, ""freq"": 0.00032509752925877764, ""delta_mean"": -0.5131856799125671, ""direction"": ""decrease"", ""score"": 0.0001668353965905615}]",43,terrain_relief,terrain_feature,region_mean,0.43060675263404846,0.6879063719115734,0.4351936876773834,increase,0.29937251076896726
23,OC_0-5cm_1km_mean,"{""OC_0-5cm_1km_mean"": {""mean"": 1.8611338142837797, ""p50"": 1.8278241753578186, ""p95"": 2.082904839515686}}","[{""factor_id"": 43, ""factor_label"": ""terrain_relief"", ""factor_kind"": ""terrain_feature"", ""baseline_type"": ""region_mean"", ""baseline_value"": -0.68448406457901, ""freq"": 0.6935714285714286, ""delta_mean"": -0.7846422791481018, ""direction"": ""decrease"", ""score"": 0.5442054664662906}, {""factor_id"": 40, ""factor_label"": ""climate_bio15"", ""factor_kind"": ""climate_feature"", ""baseline_type"": ""region_mean"", ""baseline_value"": -0.68448406457901, ""freq"": 0.15071428571428572, ""delta_mean"": -0.481626957654953, ""direction"": ""decrease"", ""score"": 0.07258806290371078}, {""factor_id"": 19, ""factor_label"": ""ndre"", ""factor_kind"": ""aux_feature"", ""baseline_type"": ""region_mean"", ""baseline_value"": -0.68448406457901, ""freq"": 0.06857142857142857, ""delta_mean"": -0.7056853175163269, ""direction"": ""decrease"", ""score"": 0.048389850343976706}, {""factor_id"": 44, ""factor_label"": ""terrain_slope"", ""factor_kind"": ""terrain_feature"", ""baseline_type"": ""region_mean"", ""baseline_value"": -0.68448406457901, ""freq"": 0.05, ""delta_mean"": -0.7924019694328308, ""direction"": ""decrease"", ""score"": 0.039620098471641545}, {""factor_id"": 37, ""factor_label"": ""climate_bio1"", ""factor_kind"": ""climate_feature"", ""baseline_type"": ""region_mean"", ""baseline_value"": -0.68448406457901, ""freq"": 0.03428571428571429, ""delta_mean"": 0.6486117839813232, ""direction"": ""increase"", ""score"": 0.022238118307931085}]",43,terrain_relief,terrain_feature,region_mean,-0.68448406457901,0.6935714285714286,-0.7846422791481018,decrease,0.5442054664662906
24,OC_0-5cm_1km_mean,"{""OC_0-5cm_1km_mean"": {""mean"": 1.846439315691027, ""p50"": 1.854506254196167, ""p95"": 1.9560532033443452}}","[{""factor_id"": 43, ""factor_label"": ""terrain_relief"", ""factor_kind"": ""terrain_feature"", ""baseline_type"": ""region_mean"", ""baseline_value"": 0.2698674201965332, ""freq"": 0.7323883161512027, ""delta_mean"": 0.42266368865966797, ""direction"": ""increase"", ""score"": 0.3095539472357104}, {""factor_id"": 40, ""factor_label"": ""climate_bio15"", ""factor_kind"": ""climate_feature"", ""baseline_type"": ""region_mean"", ""baseline_value"": 0.2698674201965332, ""freq"": 0.17053264604810997, ""delta_mean"": -0.42994263768196106, ""direction"": ""decrease"", ""score"": 0.07331925565280865}, {""factor_id"": 37, ""factor_label"": ""climate_bio1"", ""factor_kind"": ""climate_feature"", ""baseline_type"": ""region_mean"", ""baseline_value"": 0.2698674201965332, ""freq"": 0.08676975945017182, ""delta_mean"": 0.4480556547641754, ""direction"": ""increase"", ""score"": 0.03887768138417673}, {""factor_id"": 19, ""factor_label"": ""ndre"", ""factor_kind"": ""aux_feature"", ""baseline_type"": ""region_mean"", ""baseline_value"": 0.2698674201965332, ""freq"": 0.007731958762886598, ""delta_mean"": -0.5333421230316162, ""direction"": ""decrease"", ""score"": 0.004123779301790847}, {""factor_id"": 39, ""factor_label"": ""climate_bio12"", ""factor_kind"": ""climate_feature"", ""baseline_type"": ""region_mean"", ""baseline_value"": 0.2698674201965332, ""freq"": 0.002147766323024055, ""delta_mean"": -0.3944934010505676, ""direction"": ""decrease"", ""score"": 0.0008472796414316316}]",43,terrain_relief,terrain_feature,region_mean,0.2698674201965332,0.7323883161512027,0.42266368865966797,increase,0.3095539472357104
25,OC_0-5cm_1km_mean,"{""OC_0-5cm_1km_mean"": {""mean"": 1.8051084396235808, ""p50"": 1.755532145500183, ""p95"": 2.231298720836638}}","[{""factor_id"": 43, ""factor_label"": ""terrain_relief"", ""factor_kind"": ""terrain_feature"", ""baseline_type"": ""region_mean"", ""baseline_value"": -0.700620710849762, ""freq"": 0.46454767726161367, ""delta_mean"": -0.8804689049720764, ""direction"": ""decrease"", ""score"": 0.40901978470585454}, {""factor_id"": 40, ""factor_label"": ""climate_bio15"", ""factor_kind"": ""climate_feature"", ""baseline_type"": ""region_mean"", ""baseline_value"": -0.700620710849762, ""freq"": 0.17817848410757947, ""delta_mean"": -0.47710752487182617, ""direction"": ""decrease"", ""score"": 0.08501029553798126}, {""factor_id"": 19, ""factor_label"": ""ndre"", ""factor_kind"": ""aux_feature"", ""baseline_type"": ""region_mean"", ""baseline_value"": -0.700620710849762, ""freq"": 0.16167481662591687, ""delta_mean"": -0.7201016545295715, ""direction"": ""decrease"", ""score"": 0.11642230294808782}, {""factor_id"": 44, ""factor_label"": ""terrain_slope"", ""factor_kind"": ""terrain_feature"", ""baseline_type"": ""region_mean"", ""baseline_value"": -0.700620710849762, ""freq"": 0.1408924205378973, ""delta_mean"": -0.911185085773468, ""direction"": ""decrease"", ""score"": 0.12837907229265547}, {""factor_id"": 37, ""factor_label"": ""climate_bio1"", ""factor_kind"": ""climate_feature"", ""baseline_type"": ""region_mean"", ""baseline_value"": -0.700620710849762, ""freq"": 0.04706601466992665, ""delta_mean"": 0.8855977058410645, ""direction"": ""increase"", ""score"": 0.041681554614768926}]",43,terrain_relief,terrain_feature,region_mean,-0.700620710849762,0.46454767726161367,-0.8804689049720764,decrease,0.40901978470585454
26,OC_0-5cm_1km_mean,"{""OC_0-5cm_1km_mean"": {""mean"": 1.6616127305086947, ""p50"": 1.5993437767028809, ""p95"": 2.210300874710082}}","[{""factor_id"": 43, ""factor_label"": ""terrain_relief"", ""factor_kind"": ""terrain_feature"", ""baseline_type"": ""region_mean"", ""baseline_value"": -0.8559719324111938, ""freq"": 0.27704843820733366, ""delta_mean"": -1.002106785774231, ""direction"": ""decrease"", ""score"": 0.2776321199157218}, {""factor_id"": 44, ""factor_label"": ""terrain_slope"", ""factor_kind"": ""terrain_feature"", ""baseline_type"": ""region_mean"", ""baseline_value"": -0.8559719324111938, ""freq"": 0.22363060208239022, ""delta_mean"": -1.0356037616729736, ""direction"": ""decrease"", ""score"": 0.23159269274171523}, {""factor_id"": 40, ""factor_label"": ""climate_bio15"", ""factor_kind"": ""climate_feature"", ""baseline_type"": ""region_mean"", ""baseline_value"": -0.8559719324111938, ""freq"": 0.1751923947487551, ""delta_mean"": -0.6158804297447205, ""direction"": ""decrease"", ""score"": 0.10789756736586999}, {""factor_id"": 23, ""factor_label"": ""red_green_ratio"", ""factor_kind"": ""aux_feature"", ""baseline_type"": ""region_mean"", ""baseline_value"": -0.8559719324111938, ""freq"": 0.14101403349932096, ""delta_mean"": -1.0282953977584839, ""direction"": ""decrease"", ""score"": 0.14500408166671241}, {""factor_id"": 19, ""factor_label"": ""ndre"", ""factor_kind"": ""aux_feature"", ""baseline_type"": ""region_mean"", ""baseline_value"": -0.8559719324111938, ""freq"": 0.12675418741511996, ""delta_mean"": -0.8963404893875122, ""direction"": ""decrease"", ""score"": 0.11361491037958506}]",43,terrain_relief,terrain_feature,region_mean,-0.8559719324111938,0.27704843820733366,-1.002106785774231,decrease,0.2776321199157218
27,OC_0-5cm_1km_mean,"{""OC_0-5cm_1km_mean"": {""mean"": 1.6605893790342072, ""p50"": 1.6104984879493713, ""p95"": 2.0195899724960324}}","[{""factor_id"": 43, ""factor_label"": ""terrain_relief"", ""factor_kind"": ""terrain_feature"", ""baseline_type"": ""region_mean"", ""baseline_value"": -0.8461241722106934, ""freq"": 0.4830450614474283, ""delta_mean"": -0.9607886672019958, ""direction"": ""decrease"", ""score"": 0.4641042207865808}, {""factor_id"": 40, ""factor_label"": ""climate_bio15"", ""factor_kind"": ""climate_feature"", ""baseline_type"": ""region_mean"", ""baseline_value"": -0.8461241722106934, ""freq"": 0.1952662721893491, ""delta_mean"": -0.6169463992118835, ""direction"": ""decrease"", ""score"": 0.12046882351474648}, {""factor_id"": 44, ""factor_label"": ""terrain_slope"", ""factor_kind"": ""terrain_feature"", ""baseline_type"": ""region_mean"", ""baseline_value"": -0.8461241722106934, ""freq"": 0.14485662266727356, ""delta_mean"": -0.9575815796852112, ""direction"": ""decrease"", ""score"": 0.1387120335615924}, {""factor_id"": 19, ""factor_label"": ""ndre"", ""factor_kind"": ""aux_feature"", ""baseline_type"": ""region_mean"", ""baseline_value"": -0.8461241722106934, ""freq"": 0.10821574874829312, ""delta_mean"": -0.8675473928451538, ""direction"": ""decrease"", ""score"": 0.09388229069136791}, {""factor_id"": 23, ""factor_label"": ""red_green_ratio"", ""factor_kind"": ""aux_feature"", ""baseline_type"": ""region_mean"", ""baseline_value"": -0.8461241722106934, ""freq"": 0.029813381884387802, ""delta_mean"": -0.7599093317985535, ""direction"": ""decrease"", ""score"": 0.022655467106420232}]",43,terrain_relief,terrain_feature,region_mean,-0.8461241722106934,0.4830450614474283,-0.9607886672019958,decrease,0.4641042207865808
28,OC_0-5cm_1km_mean,"{""OC_0-5cm_1km_mean"": {""mean"": 2.0035758914223623, ""p50"": 1.9361263513565063, ""p95"": 2.6567394733428955}}","[{""factor_id"": 43, ""factor_label"": ""terrain_relief"", ""factor_kind"": ""terrain_feature"", ""baseline_type"": ""region_mean"", ""baseline_value"": -0.7196682691574097, ""freq"": 0.33565459610027853, ""delta_mean"": -1.0644862651824951, ""direction"": ""decrease"", ""score"": 0.35729970739412437}, {""factor_id"": 44, ""factor_label"": ""terrain_slope"", ""factor_kind"": ""terrain_feature"", ""baseline_type"": ""region_mean"", ""baseline_value"": -0.7196682691574097, ""freq"": 0.3161559888579387, ""delta_mean"": -0.8977825045585632, ""direction"": ""decrease"", ""score"": 0.28383931550806946}, {""factor_id"": 37, ""factor_label"": ""climate_bio1"", ""factor_kind"": ""climate_feature"", ""baseline_type"": ""region_mean"", ""baseline_value"": -0.7196682691574097, ""freq"": 0.1190807799442897, ""delta_mean"": 1.1102484464645386, ""direction"": ""increase"", ""score"": 0.13220925093693323}, {""factor_id"": 19, ""factor_label"": ""ndre"", ""factor_kind"": ""aux_feature"", ""baseline_type"": ""region_mean"", ""baseline_value"": -0.7196682691574097, ""freq"": 0.10793871866295264, ""delta_mean"": -0.9527420401573181, ""direction"": ""decrease"", ""score"": 0.10283775503090829}, {""factor_id"": 23, ""factor_label"": ""red_green_ratio"", ""factor_kind"": ""aux_feature"", ""baseline_type"": ""region_mean"", ""baseline_value"": -0.7196682691574097, ""freq"": 0.0766016713091922, ""delta_mean"": -0.9995000958442688, ""direction"": ""decrease"", ""score"": 0.07656337781536877}]",43,terrain_relief,terrain_feature,region_mean,-0.7196682691574097,0.33565459610027853,-1.0644862651824951,decrease,0.35729970739412437
29,OC_0-5cm_1km_mean,"{""OC_0-5cm_1km_mean"": {""mean"": 2.275421559859481, ""p50"": 2.272984266281128, ""p95"": 2.514599084854126}}","[{""factor_id"": 44, ""factor_label"": ""terrain_slope"", ""factor_kind"": ""terrain_feature"", ""baseline_type"": ""region_mean"", ""baseline_value"": -0.7657338380813599, ""freq"": 0.4553400710188473, ""delta_mean"": -1.0233867168426514, ""direction"": ""decrease"", ""score"": 0.46598898032687786}, {""factor_id"": 23, ""factor_label"": ""red_green_ratio"", ""factor_kind"": ""aux_feature"", ""baseline_type"": ""region_mean"", ""baseline_value"": -0.7657338380813599, ""freq"": 0.3701174542474734, ""delta_mean"": -1.0787816047668457, ""direction"": ""decrease"", ""score"": 0.39927590124530893}, {""factor_id"": 37, ""factor_label"": ""climate_bio1"", ""factor_kind"": ""climate_feature"", ""baseline_type"": ""region_mean"", ""baseline_value"": -0.7657338380813599, ""freq"": 0.13193116634799235, ""delta_mean"": 1.075073480606079, ""direction"": ""increase"", ""score"": 0.14183569820615574}, {""factor_id"": 34, ""factor_label"": ""covgtiff_wet_g_0_5cm_1km_mean"", ""factor_kind"": ""gtiff_covariate"", ""baseline_type"": ""region_mean"", ""baseline_value"": -0.7657338380813599, ""freq"": 0.03960666484567058, ""delta_mean"": -1.006842017173767, ""direction"": ""decrease"", ""score"": 0.0398776543267403}, {""factor_id"": 19, ""factor_label"": ""ndre"", ""factor_kind"": ""aux_feature"", ""baseline_type"": ""region_mean"", ""baseline_value"": -0.7657338380813599, ""freq"": 0.002458344714558864, ""delta_mean"": -0.8273727893829346, ""direction"": ""decrease"", ""score"": 0.0020339675237493614}]",44,terrain_slope,terrain_feature,region_mean,-0.7657338380813599,0.4553400710188473,-1.0233867168426514,decrease,0.46598898032687786
30,OC_0-5cm_1km_mean,"{""OC_0-5cm_1km_mean"": {""mean"": 1.571603112715551, ""p50"": 1.5620602369308472, ""p95"": 1.71999272108078}}","[{""factor_id"": 43, ""factor_label"": ""terrain_relief"", ""factor_kind"": ""terrain_feature"", ""baseline_type"": ""region_mean"", ""baseline_value"": -0.4994804263114929, ""freq"": 0.4553450608930988, ""delta_mean"": -0.5678414702415466, ""direction"": ""decrease"", ""score"": 0.25856380884476377}, {""factor_id"": 19, ""factor_label"": ""ndre"", ""factor_kind"": ""aux_feature"", ""baseline_type"": ""region_mean"", ""baseline_value"": -0.4994804263114929, ""freq"": 0.18569319719522698, ""delta_mean"": -0.5965395569801331, ""direction"": ""decrease"", ""score"": 0.11077333758906519}, {""factor_id"": 40, ""factor_label"": ""climate_bio15"", ""factor_kind"": ""climate_feature"", ""baseline_type"": ""region_mean"", ""baseline_value"": -0.4994804263114929, ""freq"": 0.14146881535244188, ""delta_mean"": -0.35816872119903564, ""direction"": ""decrease"", ""score"": 0.05066970468432661}, {""factor_id"": 39, ""factor_label"": ""climate_bio12"", ""factor_kind"": ""climate_feature"", ""baseline_type"": ""region_mean"", ""baseline_value"": -0.4994804263114929, ""freq"": 0.07596260302620249, ""delta_mean"": -0.3236547112464905, ""direction"": ""decrease"", ""score"": 0.02458565434797735}, {""factor_id"": 23, ""factor_label"": ""red_green_ratio"", ""factor_kind"": ""aux_feature"", ""baseline_type"": ""region_mean"", ""baseline_value"": -0.4994804263114929, ""freq"": 0.05855578791979333, ""delta_mean"": -0.7296897172927856, ""direction"": ""decrease"", ""score"": 0.04272755633305031}]",43,terrain_relief,terrain_feature,region_mean,-0.4994804263114929,0.4553450608930988,-0.5678414702415466,decrease,0.25856380884476377
31,OC_0-5cm_1km_mean,"{""OC_0-5cm_1km_mean"": {""mean"": 1.6982281112825997, ""p50"": 1.6353163719177246, ""p95"": 2.2618059158325194}}","[{""factor_id"": 43, ""factor_label"": ""terrain_relief"", ""factor_kind"": ""terrain_feature"", ""baseline_type"": ""region_mean"", ""baseline_value"": -0.8060699105262756, ""freq"": 0.30249367546078787, ""delta_mean"": -1.0155985355377197, ""direction"": ""decrease"", ""score"": 0.3072121338073984}, {""factor_id"": 44, ""factor_label"": ""terrain_slope"", ""factor_kind"": ""terrain_feature"", ""baseline_type"": ""region_mean"", ""baseline_value"": -0.8060699105262756, ""freq"": 0.25081315504156126, ""delta_mean"": -0.8485376834869385, ""direction"": ""decrease"", ""score"": 0.21282441356701673}, {""factor_id"": 23, ""factor_label"": ""red_green_ratio"", ""factor_kind"": ""aux_feature"", ""baseline_type"": ""region_mean"", ""baseline_value"": -0.8060699105262756, ""freq"": 0.1637152150343332, ""delta_mean"": -0.9366337656974792, ""direction"": ""decrease"", ""score"": 0.15334119835958007}, {""factor_id"": 40, ""factor_label"": ""climate_bio15"", ""factor_kind"": ""climate_feature"", ""baseline_type"": ""region_mean"", ""baseline_value"": -0.8060699105262756, ""freq"": 0.12576797976147452, ""delta_mean"": -0.6047550439834595, ""direction"": ""decrease"", ""score"": 0.07605882013236137}, {""factor_id"": 19, ""factor_label"": ""ndre"", ""factor_kind"": ""aux_feature"", ""baseline_type"": ""region_mean"", ""baseline_value"": -0.8060699105262756, ""freq"": 0.09251897361763643, ""delta_mean"": -0.7435710430145264, ""direction"": ""decrease"", ""score"": 0.06879442971149936}]",43,terrain_relief,terrain_feature,region_mean,-0.8060699105262756,0.30249367546078787,-1.0155985355377197,decrease,0.3072121338073984
32,OC_0-5cm_1km_mean,"{""OC_0-5cm_1km_mean"": {""mean"": 1.85083779024713, ""p50"": 1.7945531010627747, ""p95"": 2.3096956610679626}}","[{""factor_id"": 44, ""factor_label"": ""terrain_slope"", ""factor_kind"": ""terrain_feature"", ""baseline_type"": ""region_mean"", ""baseline_value"": -0.7176966667175293, ""freq"": 0.37623762376237624, ""delta_mean"": -0.8788907527923584, ""direction"": ""decrease"", ""score"": 0.330671768377323}, {""factor_id"": 23, ""factor_label"": ""red_green_ratio"", ""factor_kind"": ""aux_feature"", ""baseline_type"": ""region_mean"", ""baseline_value"": -0.7176966667175293, ""freq"": 0.2785778577857786, ""delta_mean"": -0.8682968616485596, ""direction"": ""decrease"", ""score"": 0.2418882796401703}, {""factor_id"": 43, ""factor_label"": ""terrain_relief"", ""factor_kind"": ""terrain_feature"", ""baseline_type"": ""region_mean"", ""baseline_value"": -0.7176966667175293, ""freq"": 0.08865886588658865, ""delta_mean"": -1.1040959358215332, ""direction"": ""decrease"", ""score"": 0.09788789349992891}, {""factor_id"": 19, ""factor_label"": ""ndre"", ""factor_kind"": ""aux_feature"", ""baseline_type"": ""region_mean"", ""baseline_value"": -0.7176966667175293, ""freq"": 0.081008100810081, ""delta_mean"": -0.7284427881240845, ""direction"": ""decrease"", ""score"": 0.05900976681473231}, {""factor_id"": 37, ""factor_label"": ""climate_bio1"", ""factor_kind"": ""climate_feature"", ""baseline_type"": ""region_mean"", ""baseline_value"": -0.7176966667175293, ""freq"": 0.0747074707470747, ""delta_mean"": 1.015976905822754, ""direction"": ""increase"", ""score"": 0.07590106497145686}]",44,terrain_slope,terrain_feature,region_mean,-0.7176966667175293,0.37623762376237624,-0.8788907527923584,decrease,0.330671768377323
33,OC_0-5cm_1km_mean,"{""OC_0-5cm_1km_mean"": {""mean"": 1.594624224452945, ""p50"": 1.6024770736694336, ""p95"": 1.7373099327087402}}","[{""factor_id"": 43, ""factor_label"": ""terrain_relief"", ""factor_kind"": ""terrain_feature"", ""baseline_type"": ""region_mean"", ""baseline_value"": -0.501069188117981, ""freq"": 0.4549831487722677, ""delta_mean"": -0.5391761660575867, ""direction"": ""decrease"", ""score"": 0.24531606977583986}, {""factor_id"": 19, ""factor_label"": ""ndre"", ""factor_kind"": ""aux_feature"", ""baseline_type"": ""region_mean"", ""baseline_value"": -0.501069188117981, ""freq"": 0.3177660086663457, ""delta_mean"": -0.6043393015861511, ""direction"": ""decrease"", ""score"": 0.1920384877452382}, {""factor_id"": 39, ""factor_label"": ""climate_bio12"", ""factor_kind"": ""climate_feature"", ""baseline_type"": ""region_mean"", ""baseline_value"": -0.501069188117981, ""freq"": 0.11988444872412132, ""delta_mean"": -0.3220670223236084, ""direction"": ""decrease"", ""score"": 0.03861082742348507}, {""factor_id"": 40, ""factor_label"": ""climate_bio15"", ""factor_kind"": ""climate_feature"", ""baseline_type"": ""region_mean"", ""baseline_value"": -0.501069188117981, ""freq"": 0.07125662012518055, ""delta_mean"": -0.3080614507198334, ""direction"": ""decrease"", ""score"": 0.021951417769155195}, {""factor_id"": 37, ""factor_label"": ""climate_bio1"", ""factor_kind"": ""climate_feature"", ""baseline_type"": ""region_mean"", ""baseline_value"": -0.501069188117981, ""freq"": 0.021665864227250843, ""delta_mean"": 0.25189828872680664, ""direction"": ""increase"", ""score"": 0.0054575941226318245}]",43,terrain_relief,terrain_feature,region_mean,-0.501069188117981,0.4549831487722677,-0.5391761660575867,decrease,0.24531606977583986
34,OC_0-5cm_1km_mean,"{""OC_0-5cm_1km_mean"": {""mean"": 1.5462677914851115, ""p50"": 1.5435420274734497, ""p95"": 1.7011833786964417}}","[{""factor_id"": 43, ""factor_label"": ""terrain_relief"", ""factor_kind"": ""terrain_feature"", ""baseline_type"": ""region_mean"", ""baseline_value"": -0.443681538105011, ""freq"": 0.44226092032298864, ""delta_mean"": -0.49773913621902466, ""direction"": ""decrease"", ""score"": 0.22013056846499526}, {""factor_id"": 19, ""factor_label"": ""ndre"", ""factor_kind"": ""aux_feature"", ""baseline_type"": ""region_mean"", ""baseline_value"": -0.443681538105011, ""freq"": 0.22803774686253528, ""delta_mean"": -0.5832313299179077, ""direction"": ""decrease"", ""score"": 0.13299875837411965}, {""factor_id"": 39, ""factor_label"": ""climate_bio12"", ""factor_kind"": ""climate_feature"", ""baseline_type"": ""region_mean"", ""baseline_value"": -0.443681538105011, ""freq"": 0.14836073548010506, ""delta_mean"": -0.3217969536781311, ""direction"": ""decrease"", ""score"": 0.04774203272294483}, {""factor_id"": 40, ""factor_label"": ""climate_bio15"", ""factor_kind"": ""climate_feature"", ""baseline_type"": ""region_mean"", ""baseline_value"": -0.443681538105011, ""freq"": 0.10827901546843079, ""delta_mean"": -0.3282434940338135, ""direction"": ""decrease"", ""score"": 0.035541882367899055}, {""factor_id"": 37, ""factor_label"": ""climate_bio1"", ""factor_kind"": ""climate_feature"", ""baseline_type"": ""region_mean"", ""baseline_value"": -0.443681538105011, ""freq"": 0.04183286311898045, ""delta_mean"": 0.2601816952228546, ""direction"": ""increase"", ""score"": 0.010884145242321966}]",43,terrain_relief,terrain_feature,region_mean,-0.443681538105011,0.44226092032298864,-0.49773913621902466,decrease,0.22013056846499526
35,OC_0-5cm_1km_mean,"{""OC_0-5cm_1km_mean"": {""mean"": 1.546166509983374, ""p50"": 1.5366061925888062, ""p95"": 1.7186576485633849}}","[{""factor_id"": 43, ""factor_label"": ""terrain_relief"", ""factor_kind"": ""terrain_feature"", ""baseline_type"": ""region_mean"", ""baseline_value"": -0.5252410173416138, ""freq"": 0.40905738309485173, ""delta_mean"": -0.586238443851471, ""direction"": ""decrease"", ""score"": 0.2398051637114809}, {""factor_id"": 19, ""factor_label"": ""ndre"", ""factor_kind"": ""aux_feature"", ""baseline_type"": ""region_mean"", ""baseline_value"": -0.5252410173416138, ""freq"": 0.23764567045286916, ""delta_mean"": -0.573894202709198, ""direction"": ""decrease"", ""score"": 0.13638347257184216}, {""factor_id"": 39, ""factor_label"": ""climate_bio12"", ""factor_kind"": ""climate_feature"", ""baseline_type"": ""region_mean"", ""baseline_value"": -0.5252410173416138, ""freq"": 0.15326744357574865, ""delta_mean"": -0.3524421155452728, ""direction"": ""decrease"", ""score"": 0.05401790205805259}, {""factor_id"": 40, ""factor_label"": ""climate_bio15"", ""factor_kind"": ""climate_feature"", ""baseline_type"": ""region_mean"", ""baseline_value"": -0.5252410173416138, ""freq"": 0.09116388847912671, ""delta_mean"": -0.32829749584198, ""direction"": ""decrease"", ""score"": 0.029928876298914827}, {""factor_id"": 23, ""factor_label"": ""red_green_ratio"", ""factor_kind"": ""aux_feature"", ""baseline_type"": ""region_mean"", ""baseline_value"": -0.5252410173416138, ""freq"": 0.06195604071396961, ""delta_mean"": -0.7574356198310852, ""direction"": ""decrease"", ""score"": 0.04692771210046552}]",43,terrain_relief,terrain_feature,region_mean,-0.5252410173416138,0.40905738309485173,-0.586238443851471,decrease,0.2398051637114809
36,OC_0-5cm_1km_mean,"{""OC_0-5cm_1km_mean"": {""mean"": 1.490529687232668, ""p50"": 1.4682232737541199, ""p95"": 1.7011817634105681}}","[{""factor_id"": 43, ""factor_label"": ""terrain_relief"", ""factor_kind"": ""terrain_feature"", ""baseline_type"": ""region_mean"", ""baseline_value"": -0.5023384094238281, ""freq"": 0.4358190709046455, ""delta_mean"": -0.5424270629882812, ""direction"": ""decrease"", ""score"": 0.23640005862508837}, {""factor_id"": 44, ""factor_label"": ""terrain_slope"", ""factor_kind"": ""terrain_feature"", ""baseline_type"": ""region_mean"", ""baseline_value"": -0.5023384094238281, ""freq"": 0.17451100244498777, ""delta_mean"": -0.636460542678833, ""direction"": ""decrease"", ""score"": 0.11106936731956407}, {""factor_id"": 39, ""factor_label"": ""climate_bio12"", ""factor_kind"": ""climate_feature"", ""baseline_type"": ""region_mean"", ""baseline_value"": -0.5023384094238281, ""freq"": 0.1387530562347188, ""delta_mean"": -0.34542906284332275, ""direction"": ""decrease"", ""score"": 0.04792933818180578}, {""factor_id"": 19, ""factor_label"": ""ndre"", ""factor_kind"": ""aux_feature"", ""baseline_type"": ""region_mean"", ""baseline_value"": -0.5023384094238281, ""freq"": 0.09596577017114914, ""delta_mean"": -0.6248189210891724, ""direction"": ""decrease"", ""score"": 0.05996122897982889}, {""factor_id"": 40, ""factor_label"": ""climate_bio15"", ""factor_kind"": ""climate_feature"", ""baseline_type"": ""region_mean"", ""baseline_value"": -0.5023384094238281, ""freq"": 0.0895476772616137, ""delta_mean"": -0.3407965898513794, ""direction"": ""decrease"", ""score"": 0.030517543039869855}]",43,terrain_relief,terrain_feature,region_mean,-0.5023384094238281,0.4358190709046455,-0.5424270629882812,decrease,0.23640005862508837
37,OC_0-5cm_1km_mean,"{""OC_0-5cm_1km_mean"": {""mean"": 1.5533663089885268, ""p50"": 1.5467340350151062, ""p95"": 1.723789143562317}}","[{""factor_id"": 43, ""factor_label"": ""terrain_relief"", ""factor_kind"": ""terrain_feature"", ""baseline_type"": ""region_mean"", ""baseline_value"": -0.508423924446106, ""freq"": 0.32297514033680835, ""delta_mean"": -0.48994940519332886, ""direction"": ""decrease"", ""score"": 0.15824147790025117}, {""factor_id"": 19, ""factor_label"": ""ndre"", ""factor_kind"": ""aux_feature"", ""baseline_type"": ""region_mean"", ""baseline_value"": -0.508423924446106, ""freq"": 0.25761828388131514, ""delta_mean"": -0.5566630363464355, ""direction"": ""decrease"", ""score"": 0.14340657612373087}, {""factor_id"": 39, ""factor_label"": ""climate_bio12"", ""factor_kind"": ""climate_feature"", ""baseline_type"": ""region_mean"", ""baseline_value"": -0.508423924446106, ""freq"": 0.1615878107457899, ""delta_mean"": -0.3689979314804077, ""direction"": ""decrease"", ""score"": 0.05962556791764407}, {""factor_id"": 23, ""factor_label"": ""red_green_ratio"", ""factor_kind"": ""aux_feature"", ""baseline_type"": ""region_mean"", ""baseline_value"": -0.508423924446106, ""freq"": 0.1277064955894146, ""delta_mean"": -0.7642950415611267, ""direction"": ""decrease"", ""score"": 0.09760544135413748}, {""factor_id"": 44, ""factor_label"": ""terrain_slope"", ""factor_kind"": ""terrain_feature"", ""baseline_type"": ""region_mean"", ""baseline_value"": -0.508423924446106, ""freq"": 0.06455493183640738, ""delta_mean"": -0.5924041867256165, ""direction"": ""decrease"", ""score"": 0.03824261189367452}]",43,terrain_relief,terrain_feature,region_mean,-0.508423924446106,0.32297514033680835,-0.48994940519332886,decrease,0.15824147790025117
38,OC_0-5cm_1km_mean,"{""OC_0-5cm_1km_mean"": {""mean"": 1.672338969748531, ""p50"": 1.6557811498641968, ""p95"": 1.9330577850341797}}","[{""factor_id"": 43, ""factor_label"": ""terrain_relief"", ""factor_kind"": ""terrain_feature"", ""baseline_type"": ""region_mean"", ""baseline_value"": -0.6222637891769409, ""freq"": 0.4406015511696828, ""delta_mean"": -0.6956632733345032, ""direction"": ""decrease"", ""score"": 0.30651031732296113}, {""factor_id"": 19, ""factor_label"": ""ndre"", ""factor_kind"": ""aux_feature"", ""baseline_type"": ""region_mean"", ""baseline_value"": -0.6222637891769409, ""freq"": 0.1788574311116716, ""delta_mean"": -0.6574221253395081, ""direction"": ""decrease"", ""score"": 0.11758483249419979}, {""factor_id"": 40, ""factor_label"": ""climate_bio15"", ""factor_kind"": ""climate_feature"", ""baseline_type"": ""region_mean"", ""baseline_value"": -0.6222637891769409, ""freq"": 0.12834983290245286, ""delta_mean"": -0.43243294954299927, ""direction"": ""decrease"", ""score"": 0.055502696815358785}, {""factor_id"": 44, ""factor_label"": ""terrain_slope"", ""factor_kind"": ""terrain_feature"", ""baseline_type"": ""region_mean"", ""baseline_value"": -0.6222637891769409, ""freq"": 0.10079450154486412, ""delta_mean"": -0.7230299711227417, ""direction"": ""decrease"", ""score"": 0.07287744554131424}, {""factor_id"": 23, ""factor_label"": ""red_green_ratio"", ""factor_kind"": ""aux_feature"", ""baseline_type"": ""region_mean"", ""baseline_value"": -0.6222637891769409, ""freq"": 0.0716627782331799, ""delta_mean"": -0.7952289581298828, ""direction"": ""decrease"", ""score"": 0.0569883164710645}]",43,terrain_relief,terrain_feature,region_mean,-0.6222637891769409,0.4406015511696828,-0.6956632733345032,decrease,0.30651031732296113
39,OC_0-5cm_1km_mean,"{""OC_0-5cm_1km_mean"": {""mean"": 1.6419281803531411, ""p50"": 1.6376513838768005, ""p95"": 1.8285577297210693}}","[{""factor_id"": 43, ""factor_label"": ""terrain_relief"", ""factor_kind"": ""terrain_feature"", ""baseline_type"": ""region_mean"", ""baseline_value"": -0.5132049918174744, ""freq"": 0.397037037037037, ""delta_mean"": -0.5398551225662231, ""direction"": ""decrease"", ""score"": 0.2143424782929597}, {""factor_id"": 19, ""factor_label"": ""ndre"", ""factor_kind"": ""aux_feature"", ""baseline_type"": ""region_mean"", ""baseline_value"": -0.5132049918174744, ""freq"": 0.3128395061728395, ""delta_mean"": -0.5959880948066711, ""direction"": ""decrease"", ""score"": 0.18644862126421047}, {""factor_id"": 40, ""factor_label"": ""climate_bio15"", ""factor_kind"": ""climate_feature"", ""baseline_type"": ""region_mean"", ""baseline_value"": -0.5132049918174744, ""freq"": 0.1325925925925926, ""delta_mean"": -0.37183281779289246, ""direction"": ""decrease"", ""score"": 0.04930227732216871}, {""factor_id"": 39, ""factor_label"": ""climate_bio12"", ""factor_kind"": ""climate_feature"", ""baseline_type"": ""region_mean"", ""baseline_value"": -0.5132049918174744, ""freq"": 0.11061728395061729, ""delta_mean"": -0.3920287489891052, ""direction"": ""decrease"", ""score"": 0.04336515544373312}, {""factor_id"": 44, ""factor_label"": ""terrain_slope"", ""factor_kind"": ""terrain_feature"", ""baseline_type"": ""region_mean"", ""baseline_value"": -0.5132049918174744, ""freq"": 0.028148148148148148, ""delta_mean"": -0.6612329483032227, ""direction"": ""decrease"", ""score"": 0.018612482989275897}]",43,terrain_relief,terrain_feature,region_mean,-0.5132049918174744,0.397037037037037,-0.5398551225662231,decrease,0.2143424782929597
40,OC_0-5cm_1km_mean,"{""OC_0-5cm_1km_mean"": {""mean"": 1.6733928436713834, ""p50"": 1.670893907546997, ""p95"": 1.8074637532234192}}","[{""factor_id"": 43, ""factor_label"": ""terrain_relief"", ""factor_kind"": ""terrain_feature"", ""baseline_type"": ""region_mean"", ""baseline_value"": -0.4566771388053894, ""freq"": 0.35524193548387095, ""delta_mean"": -0.522225022315979, ""direction"": ""decrease"", ""score"": 0.18551622768563608}, {""factor_id"": 40, ""factor_label"": ""climate_bio15"", ""factor_kind"": ""climate_feature"", ""baseline_type"": ""region_mean"", ""baseline_value"": -0.4566771388053894, ""freq"": 0.2754032258064516, ""delta_mean"": -0.36525681614875793, ""direction"": ""decrease"", ""score"": 0.10059290541516196}, {""factor_id"": 19, ""factor_label"": ""ndre"", ""factor_kind"": ""aux_feature"", ""baseline_type"": ""region_mean"", ""baseline_value"": -0.4566771388053894, ""freq"": 0.23346774193548386, ""delta_mean"": -0.5997967720031738, ""direction"": ""decrease"", ""score"": 0.14003319797977323}, {""factor_id"": 39, ""factor_label"": ""climate_bio12"", ""factor_kind"": ""climate_feature"", ""baseline_type"": ""region_mean"", ""baseline_value"": -0.4566771388053894, ""freq"": 0.08870967741935484, ""delta_mean"": -0.3719995617866516, ""direction"": ""decrease"", ""score"": 0.032999961126235225}, {""factor_id"": 37, ""factor_label"": ""climate_bio1"", ""factor_kind"": ""climate_feature"", ""baseline_type"": ""region_mean"", ""baseline_value"": -0.4566771388053894, ""freq"": 0.032661290322580645, ""delta_mean"": 0.3747606873512268, ""direction"": ""increase"", ""score"": 0.012240167611068295}]",43,terrain_relief,terrain_feature,region_mean,-0.4566771388053894,0.35524193548387095,-0.522225022315979,decrease,0.18551622768563608
41,OC_0-5cm_1km_mean,"{""OC_0-5cm_1km_mean"": {""mean"": 1.7611007343380545, ""p50"": 1.7569383382797241, ""p95"": 1.931816577911377}}","[{""factor_id"": 43, ""factor_label"": ""terrain_relief"", ""factor_kind"": ""terrain_feature"", ""baseline_type"": ""region_mean"", ""baseline_value"": -0.633469820022583, ""freq"": 0.3833742546474921, ""delta_mean"": -0.7115697264671326, ""direction"": ""decrease"", ""score"": 0.2727975135140568}, {""factor_id"": 19, ""factor_label"": ""ndre"", ""factor_kind"": ""aux_feature"", ""baseline_type"": ""region_mean"", ""baseline_value"": -0.633469820022583, ""freq"": 0.35671694142406174, ""delta_mean"": -0.6479193568229675, ""direction"": ""decrease"", ""score"": 0.23112381125533427}, {""factor_id"": 39, ""factor_label"": ""climate_bio12"", ""factor_kind"": ""climate_feature"", ""baseline_type"": ""region_mean"", ""baseline_value"": -0.633469820022583, ""freq"": 0.13995089442300948, ""delta_mean"": -0.5020428895950317, ""direction"": ""decrease"", ""score"": 0.0702613514375369}, {""factor_id"": 40, ""factor_label"": ""climate_bio15"", ""factor_kind"": ""climate_feature"", ""baseline_type"": ""region_mean"", ""baseline_value"": -0.633469820022583, ""freq"": 0.11013679410733077, ""delta_mean"": -0.46631014347076416, ""direction"": ""decrease"", ""score"": 0.05135790426159942}, {""factor_id"": 44, ""factor_label"": ""terrain_slope"", ""factor_kind"": ""terrain_feature"", ""baseline_type"": ""region_mean"", ""baseline_value"": -0.633469820022583, ""freq"": 0.009470361276745002, ""delta_mean"": -0.8457140326499939, ""direction"": ""decrease"", ""score"": 0.008009217426008361}]",43,terrain_relief,terrain_feature,region_mean,-0.633469820022583,0.3833742546474921,-0.7115697264671326,decrease,0.2727975135140568
42,OC_0-5cm_1km_mean,"{""OC_0-5cm_1km_mean"": {""mean"": 2.1462186774824286, ""p50"": 2.0900750160217285, ""p95"": 2.733362889289856}}","[{""factor_id"": 44, ""factor_label"": ""terrain_slope"", ""factor_kind"": ""terrain_feature"", ""baseline_type"": ""region_mean"", ""baseline_value"": -0.3706146776676178, ""freq"": 0.5221162185602776, ""delta_mean"": -0.8512086868286133, ""direction"": ""decrease"", ""score"": 0.4444298607726151}, {""factor_id"": 37, ""factor_label"": ""climate_bio1"", ""factor_kind"": ""climate_feature"", ""baseline_type"": ""region_mean"", ""baseline_value"": -0.3706146776676178, ""freq"": 0.24833766984677652, ""delta_mean"": 1.0255327224731445, ""direction"": ""increase"", ""score"": 0.25467840665060165}, {""factor_id"": 23, ""factor_label"": ""red_green_ratio"", ""factor_kind"": ""aux_feature"", ""baseline_type"": ""region_mean"", ""baseline_value"": -0.3706146776676178, ""freq"": 0.12836079791847355, ""delta_mean"": -0.8335990309715271, ""direction"": ""decrease"", ""score"": 0.10700143675957156}, {""factor_id"": 19, ""factor_label"": ""ndre"", ""factor_kind"": ""aux_feature"", ""baseline_type"": ""region_mean"", ""baseline_value"": -0.3706146776676178, ""freq"": 0.03873952009251229, ""delta_mean"": -0.8221452832221985, ""direction"": ""decrease"", ""score"": 0.03184951371835056}, {""factor_id"": 34, ""factor_label"": ""covgtiff_wet_g_0_5cm_1km_mean"", ""factor_kind"": ""gtiff_covariate"", ""baseline_type"": ""region_mean"", ""baseline_value"": -0.3706146776676178, ""freq"": 0.03006649320612894, ""delta_mean"": -0.7646141052246094, ""direction"": ""decrease"", ""score"": 0.022989264800046077}]",44,terrain_slope,terrain_feature,region_mean,-0.3706146776676178,0.5221162185602776,-0.8512086868286133,decrease,0.4444298607726151
43,OC_0-5cm_1km_mean,"{""OC_0-5cm_1km_mean"": {""mean"": 1.7569728556606583, ""p50"": 1.5346579551696777, ""p95"": 3.395341634750366}}","[{""factor_id"": 40, ""factor_label"": ""climate_bio15"", ""factor_kind"": ""climate_feature"", ""baseline_type"": ""region_mean"", ""baseline_value"": -0.3370060324668884, ""freq"": 0.5549667855185271, ""delta_mean"": -0.5602799654006958, ""direction"": ""decrease"", ""score"": 0.3109367713888557}, {""factor_id"": 37, ""factor_label"": ""climate_bio1"", ""factor_kind"": ""climate_feature"", ""baseline_type"": ""region_mean"", ""baseline_value"": -0.3370060324668884, ""freq"": 0.1714200407058014, ""delta_mean"": 0.907322347164154, ""direction"": ""increase"", ""score"": 0.15553323368416258}, {""factor_id"": 39, ""factor_label"": ""climate_bio12"", ""factor_kind"": ""climate_feature"", ""baseline_type"": ""region_mean"", ""baseline_value"": -0.3370060324668884, ""freq"": 0.12854501596370377, ""delta_mean"": -0.6728828549385071, ""direction"": ""decrease"", ""score"": 0.08649573732977296}, {""factor_id"": 19, ""factor_label"": ""ndre"", ""factor_kind"": ""aux_feature"", ""baseline_type"": ""region_mean"", ""baseline_value"": -0.3370060324668884, ""freq"": 0.043716336874393975, ""delta_mean"": -0.7040899395942688, ""direction"": ""decrease"", ""score"": 0.03078023298917476}, {""factor_id"": 34, ""factor_label"": ""covgtiff_wet_g_0_5cm_1km_mean"", ""factor_kind"": ""gtiff_covariate"", ""baseline_type"": ""region_mean"", ""baseline_value"": -0.3370060324668884, ""freq"": 0.03201694778466504, ""delta_mean"": -0.8900254964828491, ""direction"": ""decrease"", ""score"": 0.028495899847911958}]",40,climate_bio15,climate_feature,region_mean,-0.3370060324668884,0.5549667855185271,-0.5602799654006958,decrease,0.3109367713888557
44,OC_0-5cm_1km_mean,"{""OC_0-5cm_1km_mean"": {""mean"": 1.9934584634825712, ""p50"": 1.9686369895935059, ""p95"": 2.186203932762145}}","[{""factor_id"": 37, ""factor_label"": ""climate_bio1"", ""factor_kind"": ""climate_feature"", ""baseline_type"": ""region_mean"", ""baseline_value"": 0.27158695459365845, ""freq"": 0.6233911583659765, ""delta_mean"": 0.4035571217536926, ""direction"": ""increase"", ""score"": 0.25157394159687385}, {""factor_id"": 43, ""factor_label"": ""terrain_relief"", ""factor_kind"": ""terrain_feature"", ""baseline_type"": ""region_mean"", ""baseline_value"": 0.27158695459365845, ""freq"": 0.21040850587576945, ""delta_mean"": 0.4308655560016632, ""direction"": ""increase"", ""score"": 0.09065777787164263}, {""factor_id"": 19, ""factor_label"": ""ndre"", ""factor_kind"": ""aux_feature"", ""baseline_type"": ""region_mean"", ""baseline_value"": 0.27158695459365845, ""freq"": 0.09681029658645775, ""delta_mean"": -0.4433934986591339, ""direction"": ""decrease"", ""score"": 0.04292505610969791}, {""factor_id"": 25, ""factor_label"": ""red_edge_diff"", ""factor_kind"": ""aux_feature"", ""baseline_type"": ""region_mean"", ""baseline_value"": 0.27158695459365845, ""freq"": 0.03133743704532736, ""delta_mean"": -0.47729209065437317, ""direction"": ""decrease"", ""score"": 0.0149571108431141}, {""factor_id"": 40, ""factor_label"": ""climate_bio15"", ""factor_kind"": ""climate_feature"", ""baseline_type"": ""region_mean"", ""baseline_value"": 0.27158695459365845, ""freq"": 0.02630106323447118, ""delta_mean"": -0.42936721444129944, ""direction"": ""decrease"", ""score"": 0.011292814257829364}]",37,climate_bio1,climate_feature,region_mean,0.27158695459365845,0.6233911583659765,0.4035571217536926,increase,0.25157394159687385
45,OC_0-5cm_1km_mean,"{""OC_0-5cm_1km_mean"": {""mean"": 1.8786892845908605, ""p50"": 1.8854128122329712, ""p95"": 1.9916954994201659}}","[{""factor_id"": 37, ""factor_label"": ""climate_bio1"", ""factor_kind"": ""climate_feature"", ""baseline_type"": ""region_mean"", ""baseline_value"": 0.15020126104354858, ""freq"": 0.44745484400656815, ""delta_mean"": 0.3728257715702057, ""direction"": ""increase"", ""score"": 0.1668226974595748}, {""factor_id"": 43, ""factor_label"": ""terrain_relief"", ""factor_kind"": ""terrain_feature"", ""baseline_type"": ""region_mean"", ""baseline_value"": 0.15020126104354858, ""freq"": 0.26683087027914615, ""delta_mean"": 0.3965463638305664, ""direction"": ""increase"", ""score"": 0.10581081136694095}, {""factor_id"": 39, ""factor_label"": ""climate_bio12"", ""factor_kind"": ""climate_feature"", ""baseline_type"": ""region_mean"", ""baseline_value"": 0.15020126104354858, ""freq"": 0.17898193760262726, ""delta_mean"": -0.43145057559013367, ""direction"": ""decrease"", ""score"": 0.07722185999889092}, {""factor_id"": 40, ""factor_label"": ""climate_bio15"", ""factor_kind"": ""climate_feature"", ""baseline_type"": ""region_mean"", ""baseline_value"": 0.15020126104354858, ""freq"": 0.0960591133004926, ""delta_mean"": -0.43472015857696533, ""direction"": ""decrease"", ""score"": 0.041758832966752826}, {""factor_id"": 19, ""factor_label"": ""ndre"", ""factor_kind"": ""aux_feature"", ""baseline_type"": ""region_mean"", ""baseline_value"": 0.15020126104354858, ""freq"": 0.0090311986863711, ""delta_mean"": -0.4486076235771179, ""direction"": ""decrease"", ""score"": 0.004051464580745728}]",37,climate_bio1,climate_feature,region_mean,0.15020126104354858,0.44745484400656815,0.3728257715702057,increase,0.1668226974595748
46,OC_0-5cm_1km_mean,"{""OC_0-5cm_1km_mean"": {""mean"": 1.8254874176027918, ""p50"": 1.8377481698989868, ""p95"": 1.9851698279380798}}","[{""factor_id"": 40, ""factor_label"": ""climate_bio15"", ""factor_kind"": ""climate_feature"", ""baseline_type"": ""region_mean"", ""baseline_value"": -0.17643088102340698, ""freq"": 0.5964214711729622, ""delta_mean"": -0.48831555247306824, ""direction"": ""decrease"", ""score"": 0.29124188020262515}, {""factor_id"": 43, ""factor_label"": ""terrain_relief"", ""factor_kind"": ""terrain_feature"", ""baseline_type"": ""region_mean"", ""baseline_value"": -0.17643088102340698, ""freq"": 0.30483764082173626, ""delta_mean"": 0.4334741234779358, ""direction"": ""increase"", ""score"": 0.13213922915828394}, {""factor_id"": 39, ""factor_label"": ""climate_bio12"", ""factor_kind"": ""climate_feature"", ""baseline_type"": ""region_mean"", ""baseline_value"": -0.17643088102340698, ""freq"": 0.061298873426110005, ""delta_mean"": -0.5071699619293213, ""direction"": ""decrease"", ""score"": 0.031088947301830497}, {""factor_id"": 37, ""factor_label"": ""climate_bio1"", ""factor_kind"": ""climate_feature"", ""baseline_type"": ""region_mean"", ""baseline_value"": -0.17643088102340698, ""freq"": 0.03346587143803843, ""delta_mean"": 0.4715893864631653, ""direction"": ""increase"", ""score"": 0.015782149778919712}, {""factor_id"": 19, ""factor_label"": ""ndre"", ""factor_kind"": ""aux_feature"", ""baseline_type"": ""region_mean"", ""baseline_value"": -0.17643088102340698, ""freq"": 0.003976143141153081, ""delta_mean"": -0.5083891749382019, ""direction"": ""decrease"", ""score"": 0.0020214281309670055}]",40,climate_bio15,climate_feature,region_mean,-0.17643088102340698,0.5964214711729622,-0.48831555247306824,decrease,0.29124188020262515
47,OC_0-5cm_1km_mean,"{""OC_0-5cm_1km_mean"": {""mean"": 1.3995514479657571, ""p50"": 1.3849050998687744, ""p95"": 1.5312405467033385}}","[{""factor_id"": 40, ""factor_label"": ""climate_bio15"", ""factor_kind"": ""climate_feature"", ""baseline_type"": ""region_mean"", ""baseline_value"": -0.6303524374961853, ""freq"": 0.6589785831960461, ""delta_mean"": -0.5568774938583374, ""direction"": ""decrease"", ""score"": 0.36697034191653205}, {""factor_id"": 34, ""factor_label"": ""covgtiff_wet_g_0_5cm_1km_mean"", ""factor_kind"": ""gtiff_covariate"", ""baseline_type"": ""region_mean"", ""baseline_value"": -0.6303524374961853, ""freq"": 0.28500823723228996, ""delta_mean"": -0.7723672389984131, ""direction"": ""decrease"", ""score"": 0.2201310252829085}, {""factor_id"": 23, ""factor_label"": ""red_green_ratio"", ""factor_kind"": ""aux_feature"", ""baseline_type"": ""region_mean"", ""baseline_value"": -0.6303524374961853, ""freq"": 0.04612850082372323, ""delta_mean"": -0.7590445280075073, ""direction"": ""decrease"", ""score"": 0.03501358613543691}, {""factor_id"": 44, ""factor_label"": ""terrain_slope"", ""factor_kind"": ""terrain_feature"", ""baseline_type"": ""region_mean"", ""baseline_value"": -0.6303524374961853, ""freq"": 0.008237232289950576, ""delta_mean"": -0.8621177673339844, ""direction"": ""decrease"", ""score"": 0.007101464310823594}, {""factor_id"": 19, ""factor_label"": ""ndre"", ""factor_kind"": ""aux_feature"", ""baseline_type"": ""region_mean"", ""baseline_value"": -0.6303524374961853, ""freq"": 0.0016474464579901153, ""delta_mean"": -0.689572811126709, ""direction"": ""decrease"", ""score"": 0.0011360342852169835}]",40,climate_bio15,climate_feature,region_mean,-0.6303524374961853,0.6589785831960461,-0.5568774938583374,decrease,0.36697034191653205
48,OC_0-5cm_1km_mean,"{""OC_0-5cm_1km_mean"": {""mean"": 1.4736532251976118, ""p50"": 1.4202684164047241, ""p95"": 1.915150761604309}}","[{""factor_id"": 39, ""factor_label"": ""climate_bio12"", ""factor_kind"": ""climate_feature"", ""baseline_type"": ""region_mean"", ""baseline_value"": -0.6841613054275513, ""freq"": 0.37972876516773735, ""delta_mean"": -0.6840404868125916, ""direction"": ""decrease"", ""score"": 0.2597498493820833}, {""factor_id"": 34, ""factor_label"": ""covgtiff_wet_g_0_5cm_1km_mean"", ""factor_kind"": ""gtiff_covariate"", ""baseline_type"": ""region_mean"", ""baseline_value"": -0.6841613054275513, ""freq"": 0.23197715917202, ""delta_mean"": -0.8662269115447998, ""direction"": ""decrease"", ""score"": 0.20094485813851531}, {""factor_id"": 23, ""factor_label"": ""red_green_ratio"", ""factor_kind"": ""aux_feature"", ""baseline_type"": ""region_mean"", ""baseline_value"": -0.6841613054275513, ""freq"": 0.18486795146324053, ""delta_mean"": -0.7130581736564636, ""direction"": ""decrease"", ""score"": 0.13182160383799005}, {""factor_id"": 40, ""factor_label"": ""climate_bio15"", ""factor_kind"": ""climate_feature"", ""baseline_type"": ""region_mean"", ""baseline_value"": -0.6841613054275513, ""freq"": 0.1812990720913633, ""delta_mean"": -0.5496707558631897, ""direction"": ""decrease"", ""score"": 0.0996547979937546}, {""factor_id"": 37, ""factor_label"": ""climate_bio1"", ""factor_kind"": ""climate_feature"", ""baseline_type"": ""region_mean"", ""baseline_value"": -0.6841613054275513, ""freq"": 0.013561741613133477, ""delta_mean"": 1.0904570817947388, ""direction"": ""increase"", ""score"": 0.014788497183511804}]",39,climate_bio12,climate_feature,region_mean,-0.6841613054275513,0.37972876516773735,-0.6840404868125916,decrease,0.2597498493820833
49,OC_0-5cm_1km_mean,"{""OC_0-5cm_1km_mean"": {""mean"": 1.6062646584374032, ""p50"": 1.4991157054901123, ""p95"": 2.3239204764366144}}","[{""factor_id"": 40, ""factor_label"": ""climate_bio15"", ""factor_kind"": ""climate_feature"", ""baseline_type"": ""region_mean"", ""baseline_value"": -0.7259416580200195, ""freq"": 0.34615384615384615, ""delta_mean"": -0.6549679040908813, ""direction"": ""decrease"", ""score"": 0.226719659108382}, {""factor_id"": 34, ""factor_label"": ""covgtiff_wet_g_0_5cm_1km_mean"", ""factor_kind"": ""gtiff_covariate"", ""baseline_type"": ""region_mean"", ""baseline_value"": -0.7259416580200195, ""freq"": 0.2757496740547588, ""delta_mean"": -0.9926500916481018, ""direction"": ""decrease"", ""score"": 0.27372293922239055}, {""factor_id"": 23, ""factor_label"": ""red_green_ratio"", ""factor_kind"": ""aux_feature"", ""baseline_type"": ""region_mean"", ""baseline_value"": -0.7259416580200195, ""freq"": 0.14797913950456323, ""delta_mean"": -0.9115307331085205, ""direction"": ""decrease"", ""score"": 0.13488753351736255}, {""factor_id"": 19, ""factor_label"": ""ndre"", ""factor_kind"": ""aux_feature"", ""baseline_type"": ""region_mean"", ""baseline_value"": -0.7259416580200195, ""freq"": 0.09256844850065189, ""delta_mean"": -0.9346303939819336, ""direction"": ""decrease"", ""score"": 0.08651728549246061}, {""factor_id"": 37, ""factor_label"": ""climate_bio1"", ""factor_kind"": ""climate_feature"", ""baseline_type"": ""region_mean"", ""baseline_value"": -0.7259416580200195, ""freq"": 0.06388526727509779, ""delta_mean"": 0.9517367482185364, ""direction"": ""increase"", ""score"": 0.06080195653547364}]",40,climate_bio15,climate_feature,region_mean,-0.7259416580200195,0.34615384615384615,-0.6549679040908813,decrease,0.226719659108382
50,OC_0-5cm_1km_mean,"{""OC_0-5cm_1km_mean"": {""mean"": 2.693164884309372, ""p50"": 2.907867431640625, ""p95"": 3.3698110580444336}}","[{""factor_id"": 37, ""factor_label"": ""climate_bio1"", ""factor_kind"": ""climate_feature"", ""baseline_type"": ""region_mean"", ""baseline_value"": 0.599393367767334, ""freq"": 0.7434514637904468, ""delta_mean"": 1.1326663494110107, ""direction"": ""increase"", ""score"": 0.8420824554557976}, {""factor_id"": 34, ""factor_label"": ""covgtiff_wet_g_0_5cm_1km_mean"", ""factor_kind"": ""gtiff_covariate"", ""baseline_type"": ""region_mean"", ""baseline_value"": 0.599393367767334, ""freq"": 0.14329738058551617, ""delta_mean"": -1.029525876045227, ""direction"": ""decrease"", ""score"": 0.14752836128228983}, {""factor_id"": 40, ""factor_label"": ""climate_bio15"", ""factor_kind"": ""climate_feature"", ""baseline_type"": ""region_mean"", ""baseline_value"": 0.599393367767334, ""freq"": 0.045454545454545456, ""delta_mean"": -0.7628005146980286, ""direction"": ""decrease"", ""score"": 0.03467275066809221}, {""factor_id"": 19, ""factor_label"": ""ndre"", ""factor_kind"": ""aux_feature"", ""baseline_type"": ""region_mean"", ""baseline_value"": 0.599393367767334, ""freq"": 0.023882896764252697, ""delta_mean"": -0.9013630151748657, ""direction"": ""decrease"", ""score"": 0.021527159838536855}, {""factor_id"": 23, ""factor_label"": ""red_green_ratio"", ""factor_kind"": ""aux_feature"", ""baseline_type"": ""region_mean"", ""baseline_value"": 0.599393367767334, ""freq"": 0.02234206471494607, ""delta_mean"": -0.8932961225509644, ""direction"": ""decrease"", ""score"": 0.01995807977964404}]",37,climate_bio1,climate_feature,region_mean,0.599393367767334,0.7434514637904468,1.1326663494110107,increase,0.8420824554557976
51,OC_0-5cm_1km_mean,"{""OC_0-5cm_1km_mean"": {""mean"": 2.8915789991155547, ""p50"": 2.9587161540985107, ""p95"": 3.7178197145462035}}","[{""factor_id"": 37, ""factor_label"": ""climate_bio1"", ""factor_kind"": ""climate_feature"", ""baseline_type"": ""region_mean"", ""baseline_value"": 0.6907029747962952, ""freq"": 0.7698221457257601, ""delta_mean"": 1.1855608224868774, ""direction"": ""increase"", ""score"": 0.912670976255245}, {""factor_id"": 34, ""factor_label"": ""covgtiff_wet_g_0_5cm_1km_mean"", ""factor_kind"": ""gtiff_covariate"", ""baseline_type"": ""region_mean"", ""baseline_value"": 0.6907029747962952, ""freq"": 0.17555938037865748, ""delta_mean"": -1.0104029178619385, ""direction"": ""decrease"", ""score"": 0.17738571019262947}, {""factor_id"": 23, ""factor_label"": ""red_green_ratio"", ""factor_kind"": ""aux_feature"", ""baseline_type"": ""region_mean"", ""baseline_value"": 0.6907029747962952, ""freq"": 0.03270223752151463, ""delta_mean"": -0.8768258690834045, ""direction"": ""decrease"", ""score"": 0.02867416783577399}, {""factor_id"": 19, ""factor_label"": ""ndre"", ""factor_kind"": ""aux_feature"", ""baseline_type"": ""region_mean"", ""baseline_value"": 0.6907029747962952, ""freq"": 0.013080895008605853, ""delta_mean"": -0.8252407312393188, ""direction"": ""decrease"", ""score"": 0.01079488736216665}, {""factor_id"": 39, ""factor_label"": ""climate_bio12"", ""factor_kind"": ""climate_feature"", ""baseline_type"": ""region_mean"", ""baseline_value"": 0.6907029747962952, ""freq"": 0.00585197934595525, ""delta_mean"": -0.7073992490768433, ""direction"": ""decrease"", ""score"": 0.00413968579494194}]",37,climate_bio1,climate_feature,region_mean,0.6907029747962952,0.7698221457257601,1.1855608224868774,increase,0.912670976255245
52,OC_0-5cm_1km_mean,"{""OC_0-5cm_1km_mean"": {""mean"": 1.5641162978576264, ""p50"": 1.4138784408569336, ""p95"": 2.279978895187378}}","[{""factor_id"": 40, ""factor_label"": ""climate_bio15"", ""factor_kind"": ""climate_feature"", ""baseline_type"": ""region_mean"", ""baseline_value"": -0.5537286996841431, ""freq"": 0.373933281613654, ""delta_mean"": -0.6201043725013733, ""direction"": ""decrease"", ""score"": 0.23187766295241424}, {""factor_id"": 23, ""factor_label"": ""red_green_ratio"", ""factor_kind"": ""aux_feature"", ""baseline_type"": ""region_mean"", ""baseline_value"": -0.5537286996841431, ""freq"": 0.2486423584173778, ""delta_mean"": -0.7801491022109985, ""direction"": ""decrease"", ""score"": 0.19397811269094262}, {""factor_id"": 39, ""factor_label"": ""climate_bio12"", ""factor_kind"": ""climate_feature"", ""baseline_type"": ""region_mean"", ""baseline_value"": -0.5537286996841431, ""freq"": 0.14507370054305663, ""delta_mean"": -0.7127174735069275, ""direction"": ""decrease"", ""score"": 0.10339656132334789}, {""factor_id"": 34, ""factor_label"": ""covgtiff_wet_g_0_5cm_1km_mean"", ""factor_kind"": ""gtiff_covariate"", ""baseline_type"": ""region_mean"", ""baseline_value"": -0.5537286996841431, ""freq"": 0.13266097750193948, ""delta_mean"": -0.8318997025489807, ""direction"": ""decrease"", ""score"": 0.11036062772372048}, {""factor_id"": 37, ""factor_label"": ""climate_bio1"", ""factor_kind"": ""climate_feature"", ""baseline_type"": ""region_mean"", ""baseline_value"": -0.5537286996841431, ""freq"": 0.09425911559348332, ""delta_mean"": 0.9502354860305786, ""direction"": ""increase"", ""score"": 0.08956835651878611}]",40,climate_bio15,climate_feature,region_mean,-0.5537286996841431,0.373933281613654,-0.6201043725013733,decrease,0.23187766295241424
53,OC_0-5cm_1km_mean,"{""OC_0-5cm_1km_mean"": {""mean"": 1.36322661720905, ""p50"": 1.307492971420288, ""p95"": 1.6813722908496849}}","[{""factor_id"": 40, ""factor_label"": ""climate_bio15"", ""factor_kind"": ""climate_feature"", ""baseline_type"": ""region_mean"", ""baseline_value"": -0.6108887195587158, ""freq"": 0.7161239495798319, ""delta_mean"": -0.548527181148529, ""direction"": ""decrease"", ""score"": 0.39281345141597657}, {""factor_id"": 34, ""factor_label"": ""covgtiff_wet_g_0_5cm_1km_mean"", ""factor_kind"": ""gtiff_covariate"", ""baseline_type"": ""region_mean"", ""baseline_value"": -0.6108887195587158, ""freq"": 0.17568277310924368, ""delta_mean"": -0.8061270713806152, ""direction"": ""decrease"", ""score"": 0.14162263937857972}, {""factor_id"": 39, ""factor_label"": ""climate_bio12"", ""factor_kind"": ""climate_feature"", ""baseline_type"": ""region_mean"", ""baseline_value"": -0.6108887195587158, ""freq"": 0.052521008403361345, ""delta_mean"": -0.686604917049408, ""direction"": ""decrease"", ""score"": 0.036061182618141174}, {""factor_id"": 23, ""factor_label"": ""red_green_ratio"", ""factor_kind"": ""aux_feature"", ""baseline_type"": ""region_mean"", ""baseline_value"": -0.6108887195587158, ""freq"": 0.0430672268907563, ""delta_mean"": -0.7126520872116089, ""direction"": ""decrease"", ""score"": 0.030691949134113407}, {""factor_id"": 19, ""factor_label"": ""ndre"", ""factor_kind"": ""aux_feature"", ""baseline_type"": ""region_mean"", ""baseline_value"": -0.6108887195587158, ""freq"": 0.008928571428571428, ""delta_mean"": -0.8333893418312073, ""direction"": ""decrease"", ""score"": 0.007440976266350065}]",40,climate_bio15,climate_feature,region_mean,-0.6108887195587158,0.7161239495798319,-0.548527181148529,decrease,0.39281345141597657
54,OC_0-5cm_1km_mean,"{""OC_0-5cm_1km_mean"": {""mean"": 1.4541712571592893, ""p50"": 1.4462876319885254, ""p95"": 1.5795145690441132}}","[{""factor_id"": 40, ""factor_label"": ""climate_bio15"", ""factor_kind"": ""climate_feature"", ""baseline_type"": ""region_mean"", ""baseline_value"": -0.35402390360832214, ""freq"": 0.6596638655462185, ""delta_mean"": -0.328399121761322, ""direction"": ""decrease"", ""score"": 0.21663303410305695}, {""factor_id"": 44, ""factor_label"": ""terrain_slope"", ""factor_kind"": ""terrain_feature"", ""baseline_type"": ""region_mean"", ""baseline_value"": -0.35402390360832214, ""freq"": 0.1, ""delta_mean"": -0.5887643694877625, ""direction"": ""decrease"", ""score"": 0.05887643694877625}, {""factor_id"": 39, ""factor_label"": ""climate_bio12"", ""factor_kind"": ""climate_feature"", ""baseline_type"": ""region_mean"", ""baseline_value"": -0.35402390360832214, ""freq"": 0.07899159663865546, ""delta_mean"": -0.3128257989883423, ""direction"": ""decrease"", ""score"": 0.02471060933185225}, {""factor_id"": 19, ""factor_label"": ""ndre"", ""factor_kind"": ""aux_feature"", ""baseline_type"": ""region_mean"", ""baseline_value"": -0.35402390360832214, ""freq"": 0.06218487394957983, ""delta_mean"": -0.3971426486968994, ""direction"": ""decrease"", ""score"": 0.024696265549218957}, {""factor_id"": 43, ""factor_label"": ""terrain_relief"", ""factor_kind"": ""terrain_feature"", ""baseline_type"": ""region_mean"", ""baseline_value"": -0.35402390360832214, ""freq"": 0.037815126050420166, ""delta_mean"": -0.45522409677505493, ""direction"": ""decrease"", ""score"": 0.01721435660073737}]",40,climate_bio15,climate_feature,region_mean,-0.35402390360832214,0.6596638655462185,-0.328399121761322,decrease,0.21663303410305695
55,OC_0-5cm_1km_mean,"{""OC_0-5cm_1km_mean"": {""mean"": 2.520419550291165, ""p50"": 2.5665695667266846, ""p95"": 3.4492198228836055}}","[{""factor_id"": 37, ""factor_label"": ""climate_bio1"", ""factor_kind"": ""climate_feature"", ""baseline_type"": ""region_mean"", ""baseline_value"": 0.2866145670413971, ""freq"": 0.601673640167364, ""delta_mean"": 0.9823001623153687, ""direction"": ""increase"", ""score"": 0.5910241143972804}, {""factor_id"": 34, ""factor_label"": ""covgtiff_wet_g_0_5cm_1km_mean"", ""factor_kind"": ""gtiff_covariate"", ""baseline_type"": ""region_mean"", ""baseline_value"": 0.2866145670413971, ""freq"": 0.2422594142259414, ""delta_mean"": -0.8205304741859436, ""direction"": ""decrease"", ""score"": 0.19878123203082063}, {""factor_id"": 23, ""factor_label"": ""red_green_ratio"", ""factor_kind"": ""aux_feature"", ""baseline_type"": ""region_mean"", ""baseline_value"": 0.2866145670413971, ""freq"": 0.11171548117154811, ""delta_mean"": -0.7033951282501221, ""direction"": ""decrease"", ""score"": 0.07858012520618518}, {""factor_id"": 39, ""factor_label"": ""climate_bio12"", ""factor_kind"": ""climate_feature"", ""baseline_type"": ""region_mean"", ""baseline_value"": 0.2866145670413971, ""freq"": 0.024686192468619247, ""delta_mean"": -0.5995726585388184, ""direction"": ""decrease"", ""score"": 0.014801166047610998}, {""factor_id"": 19, ""factor_label"": ""ndre"", ""factor_kind"": ""aux_feature"", ""baseline_type"": ""region_mean"", ""baseline_value"": 0.2866145670413971, ""freq"": 0.0100418410041841, ""delta_mean"": -0.6704875826835632, ""direction"": ""decrease"", ""score"": 0.006732929700588083}]",37,climate_bio1,climate_feature,region_mean,0.2866145670413971,0.601673640167364,0.9823001623153687,increase,0.5910241143972804
56,OC_0-5cm_1km_mean,"{""OC_0-5cm_1km_mean"": {""mean"": 2.540982504283024, ""p50"": 2.611257314682007, ""p95"": 3.30807476043701}}","[{""factor_id"": 37, ""factor_label"": ""climate_bio1"", ""factor_kind"": ""climate_feature"", ""baseline_type"": ""region_mean"", ""baseline_value"": 0.3764682710170746, ""freq"": 0.6326006280331145, ""delta_mean"": 1.0898499488830566, ""direction"": ""increase"", ""score"": 0.6894397621252794}, {""factor_id"": 34, ""factor_label"": ""covgtiff_wet_g_0_5cm_1km_mean"", ""factor_kind"": ""gtiff_covariate"", ""baseline_type"": ""region_mean"", ""baseline_value"": 0.3764682710170746, ""freq"": 0.21153297173850985, ""delta_mean"": -0.9095551371574402, ""direction"": ""decrease"", ""score"": 0.19240090112294125}, {""factor_id"": 23, ""factor_label"": ""red_green_ratio"", ""factor_kind"": ""aux_feature"", ""baseline_type"": ""region_mean"", ""baseline_value"": 0.3764682710170746, ""freq"": 0.08078789608906652, ""delta_mean"": -0.8152672052383423, ""direction"": ""decrease"", ""score"": 0.06586372226161887}, {""factor_id"": 39, ""factor_label"": ""climate_bio12"", ""factor_kind"": ""climate_feature"", ""baseline_type"": ""region_mean"", ""baseline_value"": 0.3764682710170746, ""freq"": 0.06023408506994005, ""delta_mean"": -0.7098103761672974, ""direction"": ""decrease"", ""score"": 0.04275477858158714}, {""factor_id"": 19, ""factor_label"": ""ndre"", ""factor_kind"": ""aux_feature"", ""baseline_type"": ""region_mean"", ""baseline_value"": 0.3764682710170746, ""freq"": 0.014844419069369112, ""delta_mean"": -0.8051585555076599, ""direction"": ""decrease"", ""score"": 0.011952111015243596}]",37,climate_bio1,climate_feature,region_mean,0.3764682710170746,0.6326006280331145,1.0898499488830566,increase,0.6894397621252794
57,OC_0-5cm_1km_mean,"{""OC_0-5cm_1km_mean"": {""mean"": 2.6579746041567094, ""p50"": 2.743605613708496, ""p95"": 3.367346692085266}}","[{""factor_id"": 37, ""factor_label"": ""climate_bio1"", ""factor_kind"": ""climate_feature"", ""baseline_type"": ""region_mean"", ""baseline_value"": 0.48686060309410095, ""freq"": 0.7142137096774194, ""delta_mean"": 1.062456488609314, ""direction"": ""increase"", ""score"": 0.758820990100503}, {""factor_id"": 34, ""factor_label"": ""covgtiff_wet_g_0_5cm_1km_mean"", ""factor_kind"": ""gtiff_covariate"", ""baseline_type"": ""region_mean"", ""baseline_value"": 0.48686060309410095, ""freq"": 0.2212701612903226, ""delta_mean"": -0.992342472076416, ""direction"": ""decrease"", ""score"": 0.21957577885158602}, {""factor_id"": 23, ""factor_label"": ""red_green_ratio"", ""factor_kind"": ""aux_feature"", ""baseline_type"": ""region_mean"", ""baseline_value"": 0.48686060309410095, ""freq"": 0.05342741935483871, ""delta_mean"": -0.8729328513145447, ""direction"": ""decrease"", ""score"": 0.04663854951579725}, {""factor_id"": 40, ""factor_label"": ""climate_bio15"", ""factor_kind"": ""climate_feature"", ""baseline_type"": ""region_mean"", ""baseline_value"": 0.48686060309410095, ""freq"": 0.010080645161290322, ""delta_mean"": -0.4919598698616028, ""direction"": ""decrease"", ""score"": 0.004959272881669383}, {""factor_id"": 20, ""factor_label"": ""evi"", ""factor_kind"": ""aux_feature"", ""baseline_type"": ""region_mean"", ""baseline_value"": 0.48686060309410095, ""freq"": 0.0010080645161290322, ""delta_mean"": -0.7804920673370361, ""direction"": ""decrease"", ""score"": 0.0007867863582026574}]",37,climate_bio1,climate_feature,region_mean,0.48686060309410095,0.7142137096774194,1.062456488609314,increase,0.758820990100503
58,OC_0-5cm_1km_mean,"{""OC_0-5cm_1km_mean"": {""mean"": 1.5955006027948135, ""p50"": 1.5495952367782593, ""p95"": 1.954967188835144}}","[{""factor_id"": 40, ""factor_label"": ""climate_bio15"", ""factor_kind"": ""climate_feature"", ""baseline_type"": ""region_mean"", ""baseline_value"": -0.4107476472854614, ""freq"": 0.445196783749471, ""delta_mean"": -0.36127203702926636, ""direction"": ""decrease"", ""score"": 0.16083714894404919}, {""factor_id"": 43, ""factor_label"": ""terrain_relief"", ""factor_kind"": ""terrain_feature"", ""baseline_type"": ""region_mean"", ""baseline_value"": -0.4107476472854614, ""freq"": 0.1561574269995768, ""delta_mean"": -0.5214380025863647, ""direction"": ""decrease"", ""score"": 0.08142641682368539}, {""factor_id"": 19, ""factor_label"": ""ndre"", ""factor_kind"": ""aux_feature"", ""baseline_type"": ""region_mean"", ""baseline_value"": -0.4107476472854614, ""freq"": 0.15361828184511214, ""delta_mean"": -0.5245981216430664, ""direction"": ""decrease"", ""score"": 0.080587862105981}, {""factor_id"": 39, ""factor_label"": ""climate_bio12"", ""factor_kind"": ""climate_feature"", ""baseline_type"": ""region_mean"", ""baseline_value"": -0.4107476472854614, ""freq"": 0.10664409648751587, ""delta_mean"": -0.4447227418422699, ""direction"": ""decrease"", ""score"": 0.047427054991219644}, {""factor_id"": 44, ""factor_label"": ""terrain_slope"", ""factor_kind"": ""terrain_feature"", ""baseline_type"": ""region_mean"", ""baseline_value"": -0.4107476472854614, ""freq"": 0.058823529411764705, ""delta_mean"": -0.6097233891487122, ""direction"": ""decrease"", ""score"": 0.03586608171463013}]",40,climate_bio15,climate_feature,region_mean,-0.4107476472854614,0.445196783749471,-0.36127203702926636,decrease,0.16083714894404919
59,OC_0-5cm_1km_mean,"{""OC_0-5cm_1km_mean"": {""mean"": 1.685203974426483, ""p50"": 1.6547581553459167, ""p95"": 2.0516480207443237}}","[{""factor_id"": 39, ""factor_label"": ""climate_bio12"", ""factor_kind"": ""climate_feature"", ""baseline_type"": ""region_mean"", ""baseline_value"": -0.5021936893463135, ""freq"": 0.5762548262548263, ""delta_mean"": -0.5071709752082825, ""direction"": ""decrease"", ""score"": 0.2922597222001396}, {""factor_id"": 19, ""factor_label"": ""ndre"", ""factor_kind"": ""aux_feature"", ""baseline_type"": ""region_mean"", ""baseline_value"": -0.5021936893463135, ""freq"": 0.3561776061776062, ""delta_mean"": -0.6847460269927979, ""direction"": ""decrease"", ""score"": 0.24389120073392126}, {""factor_id"": 37, ""factor_label"": ""climate_bio1"", ""factor_kind"": ""climate_feature"", ""baseline_type"": ""region_mean"", ""baseline_value"": -0.5021936893463135, ""freq"": 0.059845559845559844, ""delta_mean"": 0.620319664478302, ""direction"": ""increase"", ""score"": 0.03712337760391383}, {""factor_id"": 23, ""factor_label"": ""red_green_ratio"", ""factor_kind"": ""aux_feature"", ""baseline_type"": ""region_mean"", ""baseline_value"": -0.5021936893463135, ""freq"": 0.0028957528957528956, ""delta_mean"": -0.4604547917842865, ""direction"": ""decrease"", ""score"": 0.0013333632966726443}, {""factor_id"": 40, ""factor_label"": ""climate_bio15"", ""factor_kind"": ""climate_feature"", ""baseline_type"": ""region_mean"", ""baseline_value"": -0.5021936893463135, ""freq"": 0.0028957528957528956, ""delta_mean"": -0.30277708172798157, ""direction"": ""decrease"", ""score"": 0.0008767676111814137}]",39,climate_bio12,climate_feature,region_mean,-0.5021936893463135,0.5762548262548263,-0.5071709752082825,decrease,0.2922597222001396
60,OC_0-5cm_1km_mean,"{""OC_0-5cm_1km_mean"": {""mean"": 3.400983518316005, ""p50"": 3.553159713745117, ""p95"": 4.0818596363067625}}","[{""factor_id"": 37, ""factor_label"": ""climate_bio1"", ""factor_kind"": ""climate_feature"", ""baseline_type"": ""region_mean"", ""baseline_value"": 0.8951743841171265, ""freq"": 0.8717765894236482, ""delta_mean"": 1.1798396110534668, ""direction"": ""increase"", ""score"": 1.0285565521911149}, {""factor_id"": 34, ""factor_label"": ""covgtiff_wet_g_0_5cm_1km_mean"", ""factor_kind"": ""gtiff_covariate"", ""baseline_type"": ""region_mean"", ""baseline_value"": 0.8951743841171265, ""freq"": 0.11075460487225193, ""delta_mean"": -1.1125383377075195, ""direction"": ""decrease"", ""score"": 0.1232187439980283}, {""factor_id"": 23, ""factor_label"": ""red_green_ratio"", ""factor_kind"": ""aux_feature"", ""baseline_type"": ""region_mean"", ""baseline_value"": 0.8951743841171265, ""freq"": 0.00808080808080808, ""delta_mean"": -1.0181068181991577, ""direction"": ""decrease"", ""score"": 0.008227125803629557}, {""factor_id"": 19, ""factor_label"": ""ndre"", ""factor_kind"": ""aux_feature"", ""baseline_type"": ""region_mean"", ""baseline_value"": 0.8951743841171265, ""freq"": 0.0058229352346999405, ""delta_mean"": -0.8402268290519714, ""direction"": ""decrease"", ""score"": 0.004892586408026928}, {""factor_id"": 43, ""factor_label"": ""terrain_relief"", ""factor_kind"": ""terrain_feature"", ""baseline_type"": ""region_mean"", ""baseline_value"": 0.8951743841171265, ""freq"": 0.0030897207367795603, ""delta_mean"": 1.1071768999099731, ""direction"": ""increase"", ""score"": 0.003420867426935152}]",37,climate_bio1,climate_feature,region_mean,0.8951743841171265,0.8717765894236482,1.1798396110534668,increase,1.0285565521911149
61,OC_0-5cm_1km_mean,"{""OC_0-5cm_1km_mean"": {""mean"": 2.5274510168224515, ""p50"": 2.7043588161468506, ""p95"": 3.1899529695510864}}","[{""factor_id"": 37, ""factor_label"": ""climate_bio1"", ""factor_kind"": ""climate_feature"", ""baseline_type"": ""region_mean"", ""baseline_value"": 0.5076181888580322, ""freq"": 0.6935804103242885, ""delta_mean"": 1.1360334157943726, ""direction"": ""increase"", ""score"": 0.787930522668764}, {""factor_id"": 34, ""factor_label"": ""covgtiff_wet_g_0_5cm_1km_mean"", ""factor_kind"": ""gtiff_covariate"", ""baseline_type"": ""region_mean"", ""baseline_value"": 0.5076181888580322, ""freq"": 0.19324950363997354, ""delta_mean"": -0.9789740443229675, ""direction"": ""decrease"", ""score"": 0.18918624814183094}, {""factor_id"": 23, ""factor_label"": ""red_green_ratio"", ""factor_kind"": ""aux_feature"", ""baseline_type"": ""region_mean"", ""baseline_value"": 0.5076181888580322, ""freq"": 0.10191925876902713, ""delta_mean"": -0.8144868612289429, ""direction"": ""decrease"", ""score"": 0.08301189717356532}, {""factor_id"": 39, ""factor_label"": ""climate_bio12"", ""factor_kind"": ""climate_feature"", ""baseline_type"": ""region_mean"", ""baseline_value"": 0.5076181888580322, ""freq"": 0.004632693580410324, ""delta_mean"": -0.6853707432746887, ""direction"": ""decrease"", ""score"": 0.0031751126425697026}, {""factor_id"": 19, ""factor_label"": ""ndre"", ""factor_kind"": ""aux_feature"", ""baseline_type"": ""region_mean"", ""baseline_value"": 0.5076181888580322, ""freq"": 0.0033090668431502318, ""delta_mean"": -0.8812986612319946, ""direction"": ""decrease"", ""score"": 0.002916276178795482}]",37,climate_bio1,climate_feature,region_mean,0.5076181888580322,0.6935804103242885,1.1360334157943726,increase,0.787930522668764
62,OC_0-5cm_1km_mean,"{""OC_0-5cm_1km_mean"": {""mean"": 2.020272977971004, ""p50"": 2.0184059143066406, ""p95"": 2.5876996636390683}}","[{""factor_id"": 39, ""factor_label"": ""climate_bio12"", ""factor_kind"": ""climate_feature"", ""baseline_type"": ""region_mean"", ""baseline_value"": -0.3037223219871521, ""freq"": 0.34330143540669855, ""delta_mean"": -0.646994411945343, ""direction"": ""decrease"", ""score"": 0.22211411032094908}, {""factor_id"": 19, ""factor_label"": ""ndre"", ""factor_kind"": ""aux_feature"", ""baseline_type"": ""region_mean"", ""baseline_value"": -0.3037223219871521, ""freq"": 0.33104066985645936, ""delta_mean"": -0.8334548473358154, ""direction"": ""decrease"", ""score"": 0.2759074509571614}, {""factor_id"": 37, ""factor_label"": ""climate_bio1"", ""factor_kind"": ""climate_feature"", ""baseline_type"": ""region_mean"", ""baseline_value"": -0.3037223219871521, ""freq"": 0.2855861244019139, ""delta_mean"": 0.7727230191230774, ""direction"": ""increase"", ""score"": 0.22067897226750566}, {""factor_id"": 23, ""factor_label"": ""red_green_ratio"", ""factor_kind"": ""aux_feature"", ""baseline_type"": ""region_mean"", ""baseline_value"": -0.3037223219871521, ""freq"": 0.019437799043062202, ""delta_mean"": -0.774359941482544, ""direction"": ""decrease"", ""score"": 0.015051852929535096}, {""factor_id"": 40, ""factor_label"": ""climate_bio15"", ""factor_kind"": ""climate_feature"", ""baseline_type"": ""region_mean"", ""baseline_value"": -0.3037223219871521, ""freq"": 0.015251196172248804, ""delta_mean"": -0.45597970485687256, ""direction"": ""decrease"", ""score"": 0.006954235929336274}]",39,climate_bio12,climate_feature,region_mean,-0.3037223219871521,0.34330143540669855,-0.646994411945343,decrease,0.22211411032094908
63,OC_0-5cm_1km_mean,"{""OC_0-5cm_1km_mean"": {""mean"": 2.172571866706926, ""p50"": 2.138366222381592, ""p95"": 3.0700153470039355}}","[{""factor_id"": 37, ""factor_label"": ""climate_bio1"", ""factor_kind"": ""climate_feature"", ""baseline_type"": ""region_mean"", ""baseline_value"": -0.024864327162504196, ""freq"": 0.4273469387755102, ""delta_mean"": 1.045267105102539, ""direction"": ""increase"", ""score"": 0.44669169756830956}, {""factor_id"": 34, ""factor_label"": ""covgtiff_wet_g_0_5cm_1km_mean"", ""factor_kind"": ""gtiff_covariate"", ""baseline_type"": ""region_mean"", ""baseline_value"": -0.024864327162504196, ""freq"": 0.23142857142857143, ""delta_mean"": -0.9448782801628113, ""direction"": ""decrease"", ""score"": 0.2186718305519649}, {""factor_id"": 23, ""factor_label"": ""red_green_ratio"", ""factor_kind"": ""aux_feature"", ""baseline_type"": ""region_mean"", ""baseline_value"": -0.024864327162504196, ""freq"": 0.1473469387755102, ""delta_mean"": -0.8370525240898132, ""direction"": ""decrease"", ""score"": 0.12333712701894799}, {""factor_id"": 40, ""factor_label"": ""climate_bio15"", ""factor_kind"": ""climate_feature"", ""baseline_type"": ""region_mean"", ""baseline_value"": -0.024864327162504196, ""freq"": 0.11918367346938775, ""delta_mean"": -0.540259599685669, ""direction"": ""decrease"", ""score"": 0.06439012371763891}, {""factor_id"": 44, ""factor_label"": ""terrain_slope"", ""factor_kind"": ""terrain_feature"", ""baseline_type"": ""region_mean"", ""baseline_value"": -0.024864327162504196, ""freq"": 0.0473469387755102, ""delta_mean"": -0.900240957736969, ""direction"": ""decrease"", ""score"": 0.04262365350917894}]",37,climate_bio1,climate_feature,region_mean,-0.024864327162504196,0.4273469387755102,1.045267105102539,increase,0.44669169756830956
64,OC_0-5cm_1km_mean,"{""OC_0-5cm_1km_mean"": {""mean"": 2.796798285823727, ""p50"": 3.001189947128296, ""p95"": 3.481892490386963}}","[{""factor_id"": 37, ""factor_label"": ""climate_bio1"", ""factor_kind"": ""climate_feature"", ""baseline_type"": ""region_mean"", ""baseline_value"": 0.707551896572113, ""freq"": 0.7766807710390221, ""delta_mean"": 1.134642243385315, ""direction"": ""increase"", ""score"": 0.8812548124459522}, {""factor_id"": 34, ""factor_label"": ""covgtiff_wet_g_0_5cm_1km_mean"", ""factor_kind"": ""gtiff_covariate"", ""baseline_type"": ""region_mean"", ""baseline_value"": 0.707551896572113, ""freq"": 0.10672308415608839, ""delta_mean"": -0.8938371539115906, ""direction"": ""decrease"", ""score"": 0.09539305779874521}, {""factor_id"": 40, ""factor_label"": ""climate_bio15"", ""factor_kind"": ""climate_feature"", ""baseline_type"": ""region_mean"", ""baseline_value"": 0.707551896572113, ""freq"": 0.052656323460272686, ""delta_mean"": -0.5501353144645691, ""direction"": ""decrease"", ""score"": 0.02896810306536518}, {""factor_id"": 44, ""factor_label"": ""terrain_slope"", ""factor_kind"": ""terrain_feature"", ""baseline_type"": ""region_mean"", ""baseline_value"": 0.707551896572113, ""freq"": 0.035731076633756464, ""delta_mean"": -0.8300970196723938, ""direction"": ""decrease"", ""score"": 0.029660260223367152}, {""factor_id"": 23, ""factor_label"": ""red_green_ratio"", ""factor_kind"": ""aux_feature"", ""baseline_type"": ""region_mean"", ""baseline_value"": 0.707551896572113, ""freq"": 0.022566995768688293, ""delta_mean"": -0.6773669123649597, ""direction"": ""decrease"", ""score"": 0.0152861362451895}]",37,climate_bio1,climate_feature,region_mean,0.707551896572113,0.7766807710390221,1.134642243385315,increase,0.8812548124459522
65,OC_0-5cm_1km_mean,"{""OC_0-5cm_1km_mean"": {""mean"": 2.831755749854563, ""p50"": 2.9386473894119263, ""p95"": 3.5981448769569395}}","[{""factor_id"": 37, ""factor_label"": ""climate_bio1"", ""factor_kind"": ""climate_feature"", ""baseline_type"": ""region_mean"", ""baseline_value"": 0.6443701982498169, ""freq"": 0.7580645161290323, ""delta_mean"": 1.1571356058120728, ""direction"": ""increase"", ""score"": 0.8771834431156035}, {""factor_id"": 34, ""factor_label"": ""covgtiff_wet_g_0_5cm_1km_mean"", ""factor_kind"": ""gtiff_covariate"", ""baseline_type"": ""region_mean"", ""baseline_value"": 0.6443701982498169, ""freq"": 0.1778673835125448, ""delta_mean"": -1.0291900634765625, ""direction"": ""decrease"", ""score"": 0.18305934372768606}, {""factor_id"": 19, ""factor_label"": ""ndre"", ""factor_kind"": ""aux_feature"", ""baseline_type"": ""region_mean"", ""baseline_value"": 0.6443701982498169, ""freq"": 0.02867383512544803, ""delta_mean"": -0.7986006736755371, ""direction"": ""decrease"", ""score"": 0.022898944048044073}, {""factor_id"": 23, ""factor_label"": ""red_green_ratio"", ""factor_kind"": ""aux_feature"", ""baseline_type"": ""region_mean"", ""baseline_value"": 0.6443701982498169, ""freq"": 0.012992831541218637, ""delta_mean"": -0.8077822327613831, ""direction"": ""decrease"", ""score"": 0.010495378472258112}, {""factor_id"": 40, ""factor_label"": ""climate_bio15"", ""factor_kind"": ""climate_feature"", ""baseline_type"": ""region_mean"", ""baseline_value"": 0.6443701982498169, ""freq"": 0.010752688172043012, ""delta_mean"": -0.6154106259346008, ""direction"": ""decrease"", ""score"": 0.006617318558436568}]",37,climate_bio1,climate_feature,region_mean,0.6443701982498169,0.7580645161290323,1.1571356058120728,increase,0.8771834431156035
66,OC_0-5cm_1km_mean,"{""OC_0-5cm_1km_mean"": {""mean"": 2.546151000740574, ""p50"": 2.5799094438552856, ""p95"": 3.227882206439972}}","[{""factor_id"": 37, ""factor_label"": ""climate_bio1"", ""factor_kind"": ""climate_feature"", ""baseline_type"": ""region_mean"", ""baseline_value"": 0.4918520450592041, ""freq"": 0.6970554926387316, ""delta_mean"": 1.0712978839874268, ""direction"": ""increase"", ""score"": 0.7467540742856864}, {""factor_id"": 34, ""factor_label"": ""covgtiff_wet_g_0_5cm_1km_mean"", ""factor_kind"": ""gtiff_covariate"", ""baseline_type"": ""region_mean"", ""baseline_value"": 0.4918520450592041, ""freq"": 0.2287655719139298, ""delta_mean"": -0.8457288146018982, ""direction"": ""decrease"", ""score"": 0.19347363595649314}, {""factor_id"": 23, ""factor_label"": ""red_green_ratio"", ""factor_kind"": ""aux_feature"", ""baseline_type"": ""region_mean"", ""baseline_value"": 0.4918520450592041, ""freq"": 0.06625141562853908, ""delta_mean"": -0.829351544380188, ""direction"": ""decrease"", ""score"": 0.0549457138689026}, {""factor_id"": 19, ""factor_label"": ""ndre"", ""factor_kind"": ""aux_feature"", ""baseline_type"": ""region_mean"", ""baseline_value"": 0.4918520450592041, ""freq"": 0.007927519818799546, ""delta_mean"": -0.8177399039268494, ""direction"": ""decrease"", ""score"": 0.006482649295003335}]",37,climate_bio1,climate_feature,region_mean,0.4918520450592041,0.6970554926387316,1.0712978839874268,increase,0.7467540742856864
67,OC_0-5cm_1km_mean,"{""OC_0-5cm_1km_mean"": {""mean"": 2.525130303520145, ""p50"": 2.555453658103943, ""p95"": 2.988290750980377}}","[{""factor_id"": 37, ""factor_label"": ""climate_bio1"", ""factor_kind"": ""climate_feature"", ""baseline_type"": ""region_mean"", ""baseline_value"": 0.5640870332717896, ""freq"": 0.7821969696969697, ""delta_mean"": 0.9761912822723389, ""direction"": ""increase"", ""score"": 0.7635738628380226}, {""factor_id"": 34, ""factor_label"": ""covgtiff_wet_g_0_5cm_1km_mean"", ""factor_kind"": ""gtiff_covariate"", ""baseline_type"": ""region_mean"", ""baseline_value"": 0.5640870332717896, ""freq"": 0.19255050505050506, ""delta_mean"": -0.938630223274231, ""direction"": ""decrease"", ""score"": 0.1807337235471215}, {""factor_id"": 19, ""factor_label"": ""ndre"", ""factor_kind"": ""aux_feature"", ""baseline_type"": ""region_mean"", ""baseline_value"": 0.5640870332717896, ""freq"": 0.023989898989898988, ""delta_mean"": -0.7396778464317322, ""direction"": ""decrease"", ""score"": 0.01774479682096327}, {""factor_id"": 20, ""factor_label"": ""evi"", ""factor_kind"": ""aux_feature"", ""baseline_type"": ""region_mean"", ""baseline_value"": 0.5640870332717896, ""freq"": 0.0006313131313131314, ""delta_mean"": -0.8002012372016907, ""direction"": ""decrease"", ""score"": 0.0005051775487384411}, {""factor_id"": 23, ""factor_label"": ""red_green_ratio"", ""factor_kind"": ""aux_feature"", ""baseline_type"": ""region_mean"", ""baseline_value"": 0.5640870332717896, ""freq"": 0.0006313131313131314, ""delta_mean"": -0.7969565391540527, ""direction"": ""decrease"", ""score"": 0.0005031291282538212}]",37,climate_bio1,climate_feature,region_mean,0.5640870332717896,0.7821969696969697,0.9761912822723389,increase,0.7635738628380226
68,OC_0-5cm_1km_mean,"{""OC_0-5cm_1km_mean"": {""mean"": 1.7174151238634885, ""p50"": 1.5643033981323242, ""p95"": 2.6895212173461913}}","[{""factor_id"": 40, ""factor_label"": ""climate_bio15"", ""factor_kind"": ""climate_feature"", ""baseline_type"": ""region_mean"", ""baseline_value"": -0.5601643919944763, ""freq"": 0.4622899570144588, ""delta_mean"": -0.6231746077537537, ""direction"": ""decrease"", ""score"": 0.288087362630985}, {""factor_id"": 34, ""factor_label"": ""covgtiff_wet_g_0_5cm_1km_mean"", ""factor_kind"": ""gtiff_covariate"", ""baseline_type"": ""region_mean"", ""baseline_value"": -0.5601643919944763, ""freq"": 0.25166080500195387, ""delta_mean"": -0.91949462890625, ""direction"": ""decrease"", ""score"": 0.23140075850551972}, {""factor_id"": 37, ""factor_label"": ""climate_bio1"", ""factor_kind"": ""climate_feature"", ""baseline_type"": ""region_mean"", ""baseline_value"": -0.5601643919944763, ""freq"": 0.10629152012504885, ""delta_mean"": 0.9718484282493591, ""direction"": ""increase"", ""score"": 0.10329924676976385}, {""factor_id"": 19, ""factor_label"": ""ndre"", ""factor_kind"": ""aux_feature"", ""baseline_type"": ""region_mean"", ""baseline_value"": -0.5601643919944763, ""freq"": 0.1047284095349746, ""delta_mean"": -0.7842212915420532, ""direction"": ""decrease"", ""score"": 0.08213024858666286}, {""factor_id"": 39, ""factor_label"": ""climate_bio12"", ""factor_kind"": ""climate_feature"", ""baseline_type"": ""region_mean"", ""baseline_value"": -0.5601643919944763, ""freq"": 0.03087143415396639, ""delta_mean"": -0.8005232214927673, ""direction"": ""decrease"", ""score"": 0.02471329992103502}]",40,climate_bio15,climate_feature,region_mean,-0.5601643919944763,0.4622899570144588,-0.6231746077537537,decrease,0.288087362630985
69,OC_0-5cm_1km_mean,"{""OC_0-5cm_1km_mean"": {""mean"": 1.3609036251611462, ""p50"": 1.3181568384170532, ""p95"": 1.6262010335922241}}","[{""factor_id"": 40, ""factor_label"": ""climate_bio15"", ""factor_kind"": ""climate_feature"", ""baseline_type"": ""region_mean"", ""baseline_value"": -0.655061662197113, ""freq"": 0.6805997273966379, ""delta_mean"": -0.5919106602668762, ""direction"": ""decrease"", ""score"": 0.4028542340207999}, {""factor_id"": 34, ""factor_label"": ""covgtiff_wet_g_0_5cm_1km_mean"", ""factor_kind"": ""gtiff_covariate"", ""baseline_type"": ""region_mean"", ""baseline_value"": -0.655061662197113, ""freq"": 0.1485688323489323, ""delta_mean"": -0.8255753517150879, ""direction"": ""decrease"", ""score"": 0.12265476602036972}, {""factor_id"": 23, ""factor_label"": ""red_green_ratio"", ""factor_kind"": ""aux_feature"", ""baseline_type"": ""region_mean"", ""baseline_value"": -0.655061662197113, ""freq"": 0.14311676510676966, ""delta_mean"": -0.7499315738677979, ""direction"": ""decrease"", ""score"": 0.1073277809033877}, {""factor_id"": 19, ""factor_label"": ""ndre"", ""factor_kind"": ""aux_feature"", ""baseline_type"": ""region_mean"", ""baseline_value"": -0.655061662197113, ""freq"": 0.027260336210813266, ""delta_mean"": -0.7973991632461548, ""direction"": ""decrease"", ""score"": 0.02173736928431135}, {""factor_id"": 44, ""factor_label"": ""terrain_slope"", ""factor_kind"": ""terrain_feature"", ""baseline_type"": ""region_mean"", ""baseline_value"": -0.655061662197113, ""freq"": 0.00045433893684688776, ""delta_mean"": -1.0730947256088257, ""direction"": ""decrease"", ""score"": 0.0004875487167691166}]",40,climate_bio15,climate_feature,region_mean,-0.655061662197113,0.6805997273966379,-0.5919106602668762,decrease,0.4028542340207999
70,OC_0-5cm_1km_mean,"{""OC_0-5cm_1km_mean"": {""mean"": 2.3209486472579366, ""p50"": 2.308830976486206, ""p95"": 2.8927054405212402}}","[{""factor_id"": 37, ""factor_label"": ""climate_bio1"", ""factor_kind"": ""climate_feature"", ""baseline_type"": ""region_mean"", ""baseline_value"": 0.42723873257637024, ""freq"": 0.6687865683032307, ""delta_mean"": 1.1070035696029663, ""direction"": ""increase"", ""score"": 0.7403491184141944}, {""factor_id"": 23, ""factor_label"": ""red_green_ratio"", ""factor_kind"": ""aux_feature"", ""baseline_type"": ""region_mean"", ""baseline_value"": 0.42723873257637024, ""freq"": 0.1951157466293564, ""delta_mean"": -0.9699225425720215, ""direction"": ""decrease"", ""score"": 0.1892471610665837}, {""factor_id"": 34, ""factor_label"": ""covgtiff_wet_g_0_5cm_1km_mean"", ""factor_kind"": ""gtiff_covariate"", ""baseline_type"": ""region_mean"", ""baseline_value"": 0.42723873257637024, ""freq"": 0.12999236835410838, ""delta_mean"": -0.9183238744735718, ""direction"": ""decrease"", ""score"": 0.11937509535894053}, {""factor_id"": 39, ""factor_label"": ""climate_bio12"", ""factor_kind"": ""climate_feature"", ""baseline_type"": ""region_mean"", ""baseline_value"": 0.42723873257637024, ""freq"": 0.004833375731366065, ""delta_mean"": -0.733016312122345, ""direction"": ""decrease"", ""score"": 0.0035429432537075947}, {""factor_id"": 44, ""factor_label"": ""terrain_slope"", ""factor_kind"": ""terrain_feature"", ""baseline_type"": ""region_mean"", ""baseline_value"": 0.42723873257637024, ""freq"": 0.0005087763927753752, ""delta_mean"": -0.840957522392273, ""direction"": ""decrease"", ""score"": 0.00042785933472005744}]",37,climate_bio1,climate_feature,region_mean,0.42723873257637024,0.6687865683032307,1.1070035696029663,increase,0.7403491184141944
71,OC_0-5cm_1km_mean,"{""OC_0-5cm_1km_mean"": {""mean"": 2.3197271633320606, ""p50"": 2.303863525390625, ""p95"": 2.9408004999160764}}","[{""factor_id"": 37, ""factor_label"": ""climate_bio1"", ""factor_kind"": ""climate_feature"", ""baseline_type"": ""region_mean"", ""baseline_value"": 0.4114413261413574, ""freq"": 0.6575479328226842, ""delta_mean"": 1.0411972999572754, ""direction"": ""increase"", ""score"": 0.6846371322474667}, {""factor_id"": 23, ""factor_label"": ""red_green_ratio"", ""factor_kind"": ""aux_feature"", ""baseline_type"": ""region_mean"", ""baseline_value"": 0.4114413261413574, ""freq"": 0.20643227556020743, ""delta_mean"": -0.8498774766921997, ""direction"": ""decrease"", ""score"": 0.17544214146093795}, {""factor_id"": 40, ""factor_label"": ""climate_bio15"", ""factor_kind"": ""climate_feature"", ""baseline_type"": ""region_mean"", ""baseline_value"": 0.4114413261413574, ""freq"": 0.052571482944003045, ""delta_mean"": -0.6135380268096924, ""direction"": ""decrease"", ""score"": 0.03225460391192302}, {""factor_id"": 44, ""factor_label"": ""terrain_slope"", ""factor_kind"": ""terrain_feature"", ""baseline_type"": ""region_mean"", ""baseline_value"": 0.4114413261413574, ""freq"": 0.03929777820067558, ""delta_mean"": -0.7911853790283203, ""direction"": ""decrease"", ""score"": 0.03109182754067237}, {""factor_id"": 34, ""factor_label"": ""covgtiff_wet_g_0_5cm_1km_mean"", ""factor_kind"": ""gtiff_covariate"", ""baseline_type"": ""region_mean"", ""baseline_value"": 0.4114413261413574, ""freq"": 0.03401684190494315, ""delta_mean"": -0.8017398715019226, ""direction"": ""decrease"", ""score"": 0.027272658457770334}]",37,climate_bio1,climate_feature,region_mean,0.4114413261413574,0.6575479328226842,1.0411972999572754,increase,0.6846371322474667
72,OC_0-5cm_1km_mean,"{""OC_0-5cm_1km_mean"": {""mean"": 2.172477111453813, ""p50"": 2.1630706787109375, ""p95"": 2.577436769008636}}","[{""factor_id"": 37, ""factor_label"": ""climate_bio1"", ""factor_kind"": ""climate_feature"", ""baseline_type"": ""region_mean"", ""baseline_value"": 0.3059654235839844, ""freq"": 0.65380206343141, ""delta_mean"": 0.8468865752220154, ""direction"": ""increase"", ""score"": 0.5536961903725137}, {""factor_id"": 23, ""factor_label"": ""red_green_ratio"", ""factor_kind"": ""aux_feature"", ""baseline_type"": ""region_mean"", ""baseline_value"": 0.3059654235839844, ""freq"": 0.2304165074512801, ""delta_mean"": -0.7435934543609619, ""direction"": ""decrease"", ""score"": 0.17133620671748567}, {""factor_id"": 40, ""factor_label"": ""climate_bio15"", ""factor_kind"": ""climate_feature"", ""baseline_type"": ""region_mean"", ""baseline_value"": 0.3059654235839844, ""freq"": 0.050821551394726786, ""delta_mean"": -0.5755601525306702, ""direction"": ""decrease"", ""score"": 0.02925085987259424}, {""factor_id"": 34, ""factor_label"": ""covgtiff_wet_g_0_5cm_1km_mean"", ""factor_kind"": ""gtiff_covariate"", ""baseline_type"": ""region_mean"", ""baseline_value"": 0.3059654235839844, ""freq"": 0.04222392051967902, ""delta_mean"": -0.7451289296150208, ""direction"": ""decrease"", ""score"": 0.03146226470097814}, {""factor_id"": 44, ""factor_label"": ""terrain_slope"", ""factor_kind"": ""terrain_feature"", ""baseline_type"": ""region_mean"", ""baseline_value"": 0.3059654235839844, ""freq"": 0.021398547955674436, ""delta_mean"": -0.6899824142456055, ""direction"": ""decrease"", ""score"": 0.014764621779806612}]",37,climate_bio1,climate_feature,region_mean,0.3059654235839844,0.65380206343141,0.8468865752220154,increase,0.5536961903725137
73,OC_0-5cm_1km_mean,"{""OC_0-5cm_1km_mean"": {""mean"": 1.655340111815506, ""p50"": 1.628522515296936, ""p95"": 1.8607934236526489}}","[{""factor_id"": 40, ""factor_label"": ""climate_bio15"", ""factor_kind"": ""climate_feature"", ""baseline_type"": ""region_mean"", ""baseline_value"": -0.7431817650794983, ""freq"": 0.45933562428407787, ""delta_mean"": -0.6910749673843384, ""direction"": ""decrease"", ""score"": 0.31743535157058383}, {""factor_id"": 34, ""factor_label"": ""covgtiff_wet_g_0_5cm_1km_mean"", ""factor_kind"": ""gtiff_covariate"", ""baseline_type"": ""region_mean"", ""baseline_value"": -0.7431817650794983, ""freq"": 0.21993127147766323, ""delta_mean"": -0.7742158770561218, ""direction"": ""decrease"", ""score"": 0.17027428223914706}, {""factor_id"": 44, ""factor_label"": ""terrain_slope"", ""factor_kind"": ""terrain_feature"", ""baseline_type"": ""region_mean"", ""baseline_value"": -0.7431817650794983, ""freq"": 0.1760213822069492, ""delta_mean"": -0.8091033101081848, ""direction"": ""decrease"", ""score"": 0.14241948299346055}, {""factor_id"": 23, ""factor_label"": ""red_green_ratio"", ""factor_kind"": ""aux_feature"", ""baseline_type"": ""region_mean"", ""baseline_value"": -0.7431817650794983, ""freq"": 0.13860252004581902, ""delta_mean"": -0.8105496764183044, ""direction"": ""decrease"", ""score"": 0.11234422777390016}, {""factor_id"": 37, ""factor_label"": ""climate_bio1"", ""factor_kind"": ""climate_feature"", ""baseline_type"": ""region_mean"", ""baseline_value"": -0.7431817650794983, ""freq"": 0.002290950744558992, ""delta_mean"": 0.9312736392021179, ""direction"": ""increase"", ""score"": 0.002133502037118254}]",40,climate_bio15,climate_feature,region_mean,-0.7431817650794983,0.45933562428407787,-0.6910749673843384,decrease,0.31743535157058383
74,OC_0-5cm_1km_mean,"{""OC_0-5cm_1km_mean"": {""mean"": 2.0575198940729815, ""p50"": 1.9914602041244507, ""p95"": 2.6700238704681394}}","[{""factor_id"": 37, ""factor_label"": ""climate_bio1"", ""factor_kind"": ""climate_feature"", ""baseline_type"": ""region_mean"", ""baseline_value"": -0.11373619735240936, ""freq"": 0.35175097276264594, ""delta_mean"": 0.9259945750236511, ""direction"": ""increase"", ""score"": 0.3257194925375022}, {""factor_id"": 44, ""factor_label"": ""terrain_slope"", ""factor_kind"": ""terrain_feature"", ""baseline_type"": ""region_mean"", ""baseline_value"": -0.11373619735240936, ""freq"": 0.267704280155642, ""delta_mean"": -0.7268965244293213, ""direction"": ""decrease"", ""score"": 0.1945933108199895}, {""factor_id"": 40, ""factor_label"": ""climate_bio15"", ""factor_kind"": ""climate_feature"", ""baseline_type"": ""region_mean"", ""baseline_value"": -0.11373619735240936, ""freq"": 0.1859922178988327, ""delta_mean"": -0.5506951212882996, ""direction"": ""decrease"", ""score"": 0.10242500699447751}, {""factor_id"": 23, ""factor_label"": ""red_green_ratio"", ""factor_kind"": ""aux_feature"", ""baseline_type"": ""region_mean"", ""baseline_value"": -0.11373619735240936, ""freq"": 0.17898832684824903, ""delta_mean"": -0.732938289642334, ""direction"": ""decrease"", ""score"": 0.1311873981460987}, {""factor_id"": 34, ""factor_label"": ""covgtiff_wet_g_0_5cm_1km_mean"", ""factor_kind"": ""gtiff_covariate"", ""baseline_type"": ""region_mean"", ""baseline_value"": -0.11373619735240936, ""freq"": 0.010894941634241245, ""delta_mean"": -0.7216850519180298, ""direction"": ""decrease"", ""score"": 0.007862716518951297}]",37,climate_bio1,climate_feature,region_mean,-0.11373619735240936,0.35175097276264594,0.9259945750236511,increase,0.3257194925375022
75,OC_0-5cm_1km_mean,"{""OC_0-5cm_1km_mean"": {""mean"": 1.4125854788184062, ""p50"": 1.4025886058807373, ""p95"": 1.482015597820282}}","[{""factor_id"": 34, ""factor_label"": ""covgtiff_wet_g_0_5cm_1km_mean"", ""factor_kind"": ""gtiff_covariate"", ""baseline_type"": ""region_mean"", ""baseline_value"": -0.8853660821914673, ""freq"": 0.6124673060156931, ""delta_mean"": -0.8964809775352478, ""direction"": ""decrease"", ""score"": 0.5490652892053283}, {""factor_id"": 23, ""factor_label"": ""red_green_ratio"", ""factor_kind"": ""aux_feature"", ""baseline_type"": ""region_mean"", ""baseline_value"": -0.8853660821914673, ""freq"": 0.2689625108979948, ""delta_mean"": -0.9284423589706421, ""direction"": ""decrease"", ""score"": 0.2497161880928013}, {""factor_id"": 40, ""factor_label"": ""climate_bio15"", ""factor_kind"": ""climate_feature"", ""baseline_type"": ""region_mean"", ""baseline_value"": -0.8853660821914673, ""freq"": 0.11682650392327812, ""delta_mean"": -0.7289354801177979, ""direction"": ""decrease"", ""score"": 0.08515898372779852}, {""factor_id"": 39, ""factor_label"": ""climate_bio12"", ""factor_kind"": ""climate_feature"", ""baseline_type"": ""region_mean"", ""baseline_value"": -0.8853660821914673, ""freq"": 0.0017436791630340018, ""delta_mean"": -0.8175901770591736, ""direction"": ""decrease"", ""score"": 0.0014256149556393612}]",34,covgtiff_wet_g_0_5cm_1km_mean,gtiff_covariate,region_mean,-0.8853660821914673,0.6124673060156931,-0.8964809775352478,decrease,0.5490652892053283
76,OC_0-5cm_1km_mean,"{""OC_0-5cm_1km_mean"": {""mean"": 1.4725800133038223, ""p50"": 1.4473193883895874, ""p95"": 1.7037713408470154}}","[{""factor_id"": 34, ""factor_label"": ""covgtiff_wet_g_0_5cm_1km_mean"", ""factor_kind"": ""gtiff_covariate"", ""baseline_type"": ""region_mean"", ""baseline_value"": -0.9085496068000793, ""freq"": 0.4493127147766323, ""delta_mean"": -0.9932072162628174, ""direction"": ""decrease"", ""score"": 0.4462606306747882}, {""factor_id"": 23, ""factor_label"": ""red_green_ratio"", ""factor_kind"": ""aux_feature"", ""baseline_type"": ""region_mean"", ""baseline_value"": -0.9085496068000793, ""freq"": 0.3956185567010309, ""delta_mean"": -0.9054710268974304, ""direction"": ""decrease"", ""score"": 0.3582211407957618}, {""factor_id"": 40, ""factor_label"": ""climate_bio15"", ""factor_kind"": ""climate_feature"", ""baseline_type"": ""region_mean"", ""baseline_value"": -0.9085496068000793, ""freq"": 0.13874570446735396, ""delta_mean"": -0.647788405418396, ""direction"": ""decrease"", ""score"": 0.08987785865555924}, {""factor_id"": 39, ""factor_label"": ""climate_bio12"", ""factor_kind"": ""climate_feature"", ""baseline_type"": ""region_mean"", ""baseline_value"": -0.9085496068000793, ""freq"": 0.015893470790378006, ""delta_mean"": -0.9167062044143677, ""direction"": ""decrease"", ""score"": 0.014569643283218043}, {""factor_id"": 37, ""factor_label"": ""climate_bio1"", ""factor_kind"": ""climate_feature"", ""baseline_type"": ""region_mean"", ""baseline_value"": -0.9085496068000793, ""freq"": 0.000429553264604811, ""delta_mean"": 0.8838896155357361, ""direction"": ""increase"", ""score"": 0.0003796776699036667}]",34,covgtiff_wet_g_0_5cm_1km_mean,gtiff_covariate,region_mean,-0.9085496068000793,0.4493127147766323,-0.9932072162628174,decrease,0.4462606306747882
77,OC_0-5cm_1km_mean,"{""OC_0-5cm_1km_mean"": {""mean"": 1.5191786851411984, ""p50"": 1.475131630897522, ""p95"": 1.8277020454406738}}","[{""factor_id"": 34, ""factor_label"": ""covgtiff_wet_g_0_5cm_1km_mean"", ""factor_kind"": ""gtiff_covariate"", ""baseline_type"": ""region_mean"", ""baseline_value"": -0.8474607467651367, ""freq"": 0.6320987654320988, ""delta_mean"": -0.930401086807251, ""direction"": ""decrease"", ""score"": 0.5881053783275463}, {""factor_id"": 40, ""factor_label"": ""climate_bio15"", ""factor_kind"": ""climate_feature"", ""baseline_type"": ""region_mean"", ""baseline_value"": -0.8474607467651367, ""freq"": 0.21069958847736625, ""delta_mean"": -0.666598379611969, ""direction"": ""decrease"", ""score"": 0.14045200426392104}, {""factor_id"": 23, ""factor_label"": ""red_green_ratio"", ""factor_kind"": ""aux_feature"", ""baseline_type"": ""region_mean"", ""baseline_value"": -0.8474607467651367, ""freq"": 0.12839506172839507, ""delta_mean"": -0.8894961476325989, ""direction"": ""decrease"", ""score"": 0.11420691278245715}, {""factor_id"": 39, ""factor_label"": ""climate_bio12"", ""factor_kind"": ""climate_feature"", ""baseline_type"": ""region_mean"", ""baseline_value"": -0.8474607467651367, ""freq"": 0.01810699588477366, ""delta_mean"": -0.8139047622680664, ""direction"": ""decrease"", ""score"": 0.014737370180985563}, {""factor_id"": 37, ""factor_label"": ""climate_bio1"", ""factor_kind"": ""climate_feature"", ""baseline_type"": ""region_mean"", ""baseline_value"": -0.8474607467651367, ""freq"": 0.010699588477366255, ""delta_mean"": 0.9384403824806213, ""direction"": ""increase"", ""score"": 0.010040925903084837}]",34,covgtiff_wet_g_0_5cm_1km_mean,gtiff_covariate,region_mean,-0.8474607467651367,0.6320987654320988,-0.930401086807251,decrease,0.5881053783275463
78,OC_0-5cm_1km_mean,"{""OC_0-5cm_1km_mean"": {""mean"": 1.3949396461771246, ""p50"": 1.3501689434051514, ""p95"": 1.6625930130481719}}","[{""factor_id"": 34, ""factor_label"": ""covgtiff_wet_g_0_5cm_1km_mean"", ""factor_kind"": ""gtiff_covariate"", ""baseline_type"": ""region_mean"", ""baseline_value"": -0.9673046469688416, ""freq"": 0.624561403508772, ""delta_mean"": -1.026039719581604, ""direction"": ""decrease"", ""score"": 0.6408248073176335}, {""factor_id"": 40, ""factor_label"": ""climate_bio15"", ""factor_kind"": ""climate_feature"", ""baseline_type"": ""region_mean"", ""baseline_value"": -0.9673046469688416, ""freq"": 0.2043859649122807, ""delta_mean"": -0.7277335524559021, ""direction"": ""decrease"", ""score"": 0.1487385243177414}, {""factor_id"": 39, ""factor_label"": ""climate_bio12"", ""factor_kind"": ""climate_feature"", ""baseline_type"": ""region_mean"", ""baseline_value"": -0.9673046469688416, ""freq"": 0.11315789473684211, ""delta_mean"": -1.0647367238998413, ""direction"": ""decrease"", ""score"": 0.12048336612550836}, {""factor_id"": 19, ""factor_label"": ""ndre"", ""factor_kind"": ""aux_feature"", ""baseline_type"": ""region_mean"", ""baseline_value"": -0.9673046469688416, ""freq"": 0.04298245614035088, ""delta_mean"": -1.040756344795227, ""direction"": ""decrease"", ""score"": 0.04473426394295275}, {""factor_id"": 23, ""factor_label"": ""red_green_ratio"", ""factor_kind"": ""aux_feature"", ""baseline_type"": ""region_mean"", ""baseline_value"": -0.9673046469688416, ""freq"": 0.013157894736842105, ""delta_mean"": -1.0186187028884888, ""direction"": ""decrease"", ""score"": 0.013402877669585377}]",34,covgtiff_wet_g_0_5cm_1km_mean,gtiff_covariate,region_mean,-0.9673046469688416,0.624561403508772,-1.026039719581604,decrease,0.6408248073176335
79,OC_0-5cm_1km_mean,"{""OC_0-5cm_1km_mean"": {""mean"": 1.4967301050718123, ""p50"": 1.460971474647522, ""p95"": 1.751743733882904}}","[{""factor_id"": 34, ""factor_label"": ""covgtiff_wet_g_0_5cm_1km_mean"", ""factor_kind"": ""gtiff_covariate"", ""baseline_type"": ""region_mean"", ""baseline_value"": -0.862174391746521, ""freq"": 0.5094709340300457, ""delta_mean"": -0.907582700252533, ""direction"": ""decrease"", ""score"": 0.462387006007169}, {""factor_id"": 19, ""factor_label"": ""ndre"", ""factor_kind"": ""aux_feature"", ""baseline_type"": ""region_mean"", ""baseline_value"": -0.862174391746521, ""freq"": 0.22991508817766165, ""delta_mean"": -0.9153348803520203, ""direction"": ""decrease"", ""score"": 0.21044929972822413}, {""factor_id"": 40, ""factor_label"": ""climate_bio15"", ""factor_kind"": ""climate_feature"", ""baseline_type"": ""region_mean"", ""baseline_value"": -0.862174391746521, ""freq"": 0.20444154147615937, ""delta_mean"": -0.656773567199707, ""direction"": ""decrease"", ""score"": 0.13427180047910406}, {""factor_id"": 39, ""factor_label"": ""climate_bio12"", ""factor_kind"": ""climate_feature"", ""baseline_type"": ""region_mean"", ""baseline_value"": -0.862174391746521, ""freq"": 0.034617896799477466, ""delta_mean"": -1.0125041007995605, ""direction"": ""decrease"", ""score"": 0.035050762470526915}, {""factor_id"": 43, ""factor_label"": ""terrain_relief"", ""factor_kind"": ""terrain_feature"", ""baseline_type"": ""region_mean"", ""baseline_value"": -0.862174391746521, ""freq"": 0.010450685826257348, ""delta_mean"": -0.9831030368804932, ""direction"": ""decrease"", ""score"": 0.010274100973277526}]",34,covgtiff_wet_g_0_5cm_1km_mean,gtiff_covariate,region_mean,-0.862174391746521,0.5094709340300457,-0.907582700252533,decrease,0.462387006007169
80,OC_0-5cm_1km_mean,"{""OC_0-5cm_1km_mean"": {""mean"": 1.4018827228326758, ""p50"": 1.3660389184951782, ""p95"": 1.6395878076553343}}","[{""factor_id"": 34, ""factor_label"": ""covgtiff_wet_g_0_5cm_1km_mean"", ""factor_kind"": ""gtiff_covariate"", ""baseline_type"": ""region_mean"", ""baseline_value"": -0.9007890224456787, ""freq"": 0.6508795669824087, ""delta_mean"": -0.9531453251838684, ""direction"": ""decrease"", ""score"": 0.6203828165269833}, {""factor_id"": 40, ""factor_label"": ""climate_bio15"", ""factor_kind"": ""climate_feature"", ""baseline_type"": ""region_mean"", ""baseline_value"": -0.9007890224456787, ""freq"": 0.179702300405954, ""delta_mean"": -0.6950134038925171, ""direction"": ""decrease"", ""score"": 0.12489550749245774}, {""factor_id"": 23, ""factor_label"": ""red_green_ratio"", ""factor_kind"": ""aux_feature"", ""baseline_type"": ""region_mean"", ""baseline_value"": -0.9007890224456787, ""freq"": 0.07550744248985115, ""delta_mean"": -0.939409613609314, ""direction"": ""decrease"", ""score"": 0.07093241737401856}, {""factor_id"": 19, ""factor_label"": ""ndre"", ""factor_kind"": ""aux_feature"", ""baseline_type"": ""region_mean"", ""baseline_value"": -0.9007890224456787, ""freq"": 0.058186738836265225, ""delta_mean"": -0.8560487031936646, ""direction"": ""decrease"", ""score"": 0.049810682323853286}, {""factor_id"": 39, ""factor_label"": ""climate_bio12"", ""factor_kind"": ""climate_feature"", ""baseline_type"": ""region_mean"", ""baseline_value"": -0.9007890224456787, ""freq"": 0.03301759133964818, ""delta_mean"": -0.9862980842590332, ""direction"": ""decrease"", ""score"": 0.032565187085142645}]",34,covgtiff_wet_g_0_5cm_1km_mean,gtiff_covariate,region_mean,-0.9007890224456787,0.6508795669824087,-0.9531453251838684,decrease,0.6203828165269833
81,OC_0-5cm_1km_mean,"{""OC_0-5cm_1km_mean"": {""mean"": 1.5088985041534868, ""p50"": 1.4142175912857056, ""p95"": 2.106689000129699}}","[{""factor_id"": 34, ""factor_label"": ""covgtiff_wet_g_0_5cm_1km_mean"", ""factor_kind"": ""gtiff_covariate"", ""baseline_type"": ""region_mean"", ""baseline_value"": -0.9809414744377136, ""freq"": 0.6854390618455954, ""delta_mean"": -1.0903809070587158, ""direction"": ""decrease"", ""score"": 0.7473896659886756}, {""factor_id"": 40, ""factor_label"": ""climate_bio15"", ""factor_kind"": ""climate_feature"", ""baseline_type"": ""region_mean"", ""baseline_value"": -0.9809414744377136, ""freq"": 0.10238726790450928, ""delta_mean"": -0.6796383857727051, ""direction"": ""decrease"", ""score"": 0.06958631748229818}, {""factor_id"": 19, ""factor_label"": ""ndre"", ""factor_kind"": ""aux_feature"", ""baseline_type"": ""region_mean"", ""baseline_value"": -0.9809414744377136, ""freq"": 0.07887756526595002, ""delta_mean"": -0.9452345371246338, ""direction"": ""decrease"", ""score"": 0.07455779889367836}, {""factor_id"": 39, ""factor_label"": ""climate_bio12"", ""factor_kind"": ""climate_feature"", ""baseline_type"": ""region_mean"", ""baseline_value"": -0.9809414744377136, ""freq"": 0.051849783610219184, ""delta_mean"": -0.931329607963562, ""direction"": ""decrease"", ""score"": 0.04828923864270095}, {""factor_id"": 23, ""factor_label"": ""red_green_ratio"", ""factor_kind"": ""aux_feature"", ""baseline_type"": ""region_mean"", ""baseline_value"": -0.9809414744377136, ""freq"": 0.051738098562055, ""delta_mean"": -0.99399334192276, ""direction"": ""decrease"", ""score"": 0.0514273254944262}]",34,covgtiff_wet_g_0_5cm_1km_mean,gtiff_covariate,region_mean,-0.9809414744377136,0.6854390618455954,-1.0903809070587158,decrease,0.7473896659886756
82,OC_0-5cm_1km_mean,"{""OC_0-5cm_1km_mean"": {""mean"": 1.3805989973121544, ""p50"": 1.333321213722229, ""p95"": 1.6405463159084317}}","[{""factor_id"": 34, ""factor_label"": ""covgtiff_wet_g_0_5cm_1km_mean"", ""factor_kind"": ""gtiff_covariate"", ""baseline_type"": ""region_mean"", ""baseline_value"": -0.9925400614738464, ""freq"": 0.5436447166921899, ""delta_mean"": -1.088895559310913, ""direction"": ""decrease"", ""score"": 0.5919723178489651}, {""factor_id"": 40, ""factor_label"": ""climate_bio15"", ""factor_kind"": ""climate_feature"", ""baseline_type"": ""region_mean"", ""baseline_value"": -0.9925400614738464, ""freq"": 0.20329249617151607, ""delta_mean"": -0.7226557731628418, ""direction"": ""decrease"", ""score"": 0.146910495999031}, {""factor_id"": 23, ""factor_label"": ""red_green_ratio"", ""factor_kind"": ""aux_feature"", ""baseline_type"": ""region_mean"", ""baseline_value"": -0.9925400614738464, ""freq"": 0.18300153139356815, ""delta_mean"": -1.0119572877883911, ""direction"": ""decrease"", ""score"": 0.18518973337015734}, {""factor_id"": 39, ""factor_label"": ""climate_bio12"", ""factor_kind"": ""climate_feature"", ""baseline_type"": ""region_mean"", ""baseline_value"": -0.9925400614738464, ""freq"": 0.03828483920367534, ""delta_mean"": -1.0555325746536255, ""direction"": ""decrease"", ""score"": 0.04041089489485549}, {""factor_id"": 19, ""factor_label"": ""ndre"", ""factor_kind"": ""aux_feature"", ""baseline_type"": ""region_mean"", ""baseline_value"": -0.9925400614738464, ""freq"": 0.02871362940275651, ""delta_mean"": -0.9494649171829224, ""direction"": ""decrease"", ""score"": 0.027262583762909333}]",34,covgtiff_wet_g_0_5cm_1km_mean,gtiff_covariate,region_mean,-0.9925400614738464,0.5436447166921899,-1.088895559310913,decrease,0.5919723178489651
83,OC_0-5cm_1km_mean,"{""OC_0-5cm_1km_mean"": {""mean"": 1.5986300689078976, ""p50"": 1.5138683319091797, ""p95"": 2.1576771974563593}}","[{""factor_id"": 34, ""factor_label"": ""covgtiff_wet_g_0_5cm_1km_mean"", ""factor_kind"": ""gtiff_covariate"", ""baseline_type"": ""region_mean"", ""baseline_value"": -0.8061173558235168, ""freq"": 0.5783791888447409, ""delta_mean"": -0.9894911050796509, ""direction"": ""decrease"", ""score"": 0.5723010627250548}, {""factor_id"": 23, ""factor_label"": ""red_green_ratio"", ""factor_kind"": ""aux_feature"", ""baseline_type"": ""region_mean"", ""baseline_value"": -0.8061173558235168, ""freq"": 0.19829072644126247, ""delta_mean"": -0.8619495034217834, ""direction"": ""decrease"", ""score"": 0.1709165931891909}, {""factor_id"": 40, ""factor_label"": ""climate_bio15"", ""factor_kind"": ""climate_feature"", ""baseline_type"": ""region_mean"", ""baseline_value"": -0.8061173558235168, ""freq"": 0.1504610540520279, ""delta_mean"": -0.5739047527313232, ""direction"": ""decrease"", ""score"": 0.08635031402142333}, {""factor_id"": 37, ""factor_label"": ""climate_bio1"", ""factor_kind"": ""climate_feature"", ""baseline_type"": ""region_mean"", ""baseline_value"": -0.8061173558235168, ""freq"": 0.047079991003823374, ""delta_mean"": 0.9381257891654968, ""direction"": ""increase"", ""score"": 0.04416695371436629}, {""factor_id"": 39, ""factor_label"": ""climate_bio12"", ""factor_kind"": ""climate_feature"", ""baseline_type"": ""region_mean"", ""baseline_value"": -0.8061173558235168, ""freq"": 0.018442162081115526, ""delta_mean"": -0.7496126890182495, ""direction"": ""decrease"", ""score"": 0.013824478708935406}]",34,covgtiff_wet_g_0_5cm_1km_mean,gtiff_covariate,region_mean,-0.8061173558235168,0.5783791888447409,-0.9894911050796509,decrease,0.5723010627250548
84,OC_0-5cm_1km_mean,"{""OC_0-5cm_1km_mean"": {""mean"": 1.4450604126632558, ""p50"": 1.396381676197052, ""p95"": 1.780511265993118}}","[{""factor_id"": 34, ""factor_label"": ""covgtiff_wet_g_0_5cm_1km_mean"", ""factor_kind"": ""gtiff_covariate"", ""baseline_type"": ""region_mean"", ""baseline_value"": -1.061079502105713, ""freq"": 0.4467382328654005, ""delta_mean"": -1.122967004776001, ""direction"": ""decrease"", ""score"": 0.5016722952797824}, {""factor_id"": 23, ""factor_label"": ""red_green_ratio"", ""factor_kind"": ""aux_feature"", ""baseline_type"": ""region_mean"", ""baseline_value"": -1.061079502105713, ""freq"": 0.30470685383980184, ""delta_mean"": -1.1292550563812256, ""direction"": ""decrease"", ""score"": 0.3440917554126113}, {""factor_id"": 40, ""factor_label"": ""climate_bio15"", ""factor_kind"": ""climate_feature"", ""baseline_type"": ""region_mean"", ""baseline_value"": -1.061079502105713, ""freq"": 0.1267547481420314, ""delta_mean"": -0.7269734144210815, ""direction"": ""decrease"", ""score"": 0.0921473320508968}, {""factor_id"": 19, ""factor_label"": ""ndre"", ""factor_kind"": ""aux_feature"", ""baseline_type"": ""region_mean"", ""baseline_value"": -1.061079502105713, ""freq"": 0.06317093311312964, ""delta_mean"": -0.9455817937850952, ""direction"": ""decrease"", ""score"": 0.059733284248191396}, {""factor_id"": 39, ""factor_label"": ""climate_bio12"", ""factor_kind"": ""climate_feature"", ""baseline_type"": ""region_mean"", ""baseline_value"": -1.061079502105713, ""freq"": 0.057803468208092484, ""delta_mean"": -1.098616361618042, ""direction"": ""decrease"", ""score"": 0.06350383593167873}]",34,covgtiff_wet_g_0_5cm_1km_mean,gtiff_covariate,region_mean,-1.061079502105713,0.4467382328654005,-1.122967004776001,decrease,0.5016722952797824
85,OC_0-5cm_1km_mean,"{""OC_0-5cm_1km_mean"": {""mean"": 1.5820585468761006, ""p50"": 1.4783827066421509, ""p95"": 2.177967429161071}}","[{""factor_id"": 34, ""factor_label"": ""covgtiff_wet_g_0_5cm_1km_mean"", ""factor_kind"": ""gtiff_covariate"", ""baseline_type"": ""region_mean"", ""baseline_value"": -0.6814084053039551, ""freq"": 0.5405792945225122, ""delta_mean"": -0.8903043270111084, ""direction"": ""decrease"", ""score"": 0.48128008500600494}, {""factor_id"": 40, ""factor_label"": ""climate_bio15"", ""factor_kind"": ""climate_feature"", ""baseline_type"": ""region_mean"", ""baseline_value"": -0.6814084053039551, ""freq"": 0.20476053914539719, ""delta_mean"": -0.5097023844718933, ""direction"": ""decrease"", ""score"": 0.1043669350481594}, {""factor_id"": 23, ""factor_label"": ""red_green_ratio"", ""factor_kind"": ""aux_feature"", ""baseline_type"": ""region_mean"", ""baseline_value"": -0.6814084053039551, ""freq"": 0.1531402351591626, ""delta_mean"": -0.7825889587402344, ""direction"": ""decrease"", ""score"": 0.1198458571744437}, {""factor_id"": 37, ""factor_label"": ""climate_bio1"", ""factor_kind"": ""climate_feature"", ""baseline_type"": ""region_mean"", ""baseline_value"": -0.6814084053039551, ""freq"": 0.05993690851735016, ""delta_mean"": 0.8951020240783691, ""direction"": ""increase"", ""score"": 0.05364964813088017}, {""factor_id"": 39, ""factor_label"": ""climate_bio12"", ""factor_kind"": ""climate_feature"", ""baseline_type"": ""region_mean"", ""baseline_value"": -0.6814084053039551, ""freq"": 0.039002007456266134, ""delta_mean"": -0.6954734325408936, ""direction"": ""decrease"", ""score"": 0.027124860001594933}]",34,covgtiff_wet_g_0_5cm_1km_mean,gtiff_covariate,region_mean,-0.6814084053039551,0.5405792945225122,-0.8903043270111084,decrease,0.48128008500600494
86,OC_0-5cm_1km_mean,"{""OC_0-5cm_1km_mean"": {""mean"": 1.6192447382630861, ""p50"": 1.5734950304031372, ""p95"": 2.0205085277557373}}","[{""factor_id"": 34, ""factor_label"": ""covgtiff_wet_g_0_5cm_1km_mean"", ""factor_kind"": ""gtiff_covariate"", ""baseline_type"": ""region_mean"", ""baseline_value"": -0.8639851808547974, ""freq"": 0.4528301886792453, ""delta_mean"": -0.9383399486541748, ""direction"": ""decrease"", ""score"": 0.4249086559943433}, {""factor_id"": 40, ""factor_label"": ""climate_bio15"", ""factor_kind"": ""climate_feature"", ""baseline_type"": ""region_mean"", ""baseline_value"": -0.8639851808547974, ""freq"": 0.19725557461406518, ""delta_mean"": -0.6950715184211731, ""direction"": ""decrease"", ""score"": 0.13710673176403929}, {""factor_id"": 23, ""factor_label"": ""red_green_ratio"", ""factor_kind"": ""aux_feature"", ""baseline_type"": ""region_mean"", ""baseline_value"": -0.8639851808547974, ""freq"": 0.0987707261292167, ""delta_mean"": -0.901350736618042, ""direction"": ""decrease"", ""score"": 0.08902706675286835}, {""factor_id"": 44, ""factor_label"": ""terrain_slope"", ""factor_kind"": ""terrain_feature"", ""baseline_type"": ""region_mean"", ""baseline_value"": -0.8639851808547974, ""freq"": 0.09548313321898227, ""delta_mean"": -1.0132091045379639, ""direction"": ""decrease"", ""score"": 0.09674437990728414}, {""factor_id"": 19, ""factor_label"": ""ndre"", ""factor_kind"": ""aux_feature"", ""baseline_type"": ""region_mean"", ""baseline_value"": -0.8639851808547974, ""freq"": 0.07361349342481419, ""delta_mean"": -0.9370740652084351, ""direction"": ""decrease"", ""score"": 0.06898129553778504}]",34,covgtiff_wet_g_0_5cm_1km_mean,gtiff_covariate,region_mean,-0.8639851808547974,0.4528301886792453,-0.9383399486541748,decrease,0.4249086559943433
87,OC_0-5cm_1km_mean,"{""OC_0-5cm_1km_mean"": {""mean"": 1.3399613887778383, ""p50"": 1.2833385467529297, ""p95"": 1.585558408498764}}","[{""factor_id"": 34, ""factor_label"": ""covgtiff_wet_g_0_5cm_1km_mean"", ""factor_kind"": ""gtiff_covariate"", ""baseline_type"": ""region_mean"", ""baseline_value"": -0.8272095322608948, ""freq"": 0.4367588932806324, ""delta_mean"": -0.8588937520980835, ""direction"": ""decrease"", ""score"": 0.3751294846120088}, {""factor_id"": 19, ""factor_label"": ""ndre"", ""factor_kind"": ""aux_feature"", ""baseline_type"": ""region_mean"", ""baseline_value"": -0.8272095322608948, ""freq"": 0.26778656126482214, ""delta_mean"": -0.9372841119766235, ""direction"": ""decrease"", ""score"": 0.2509920892743725}, {""factor_id"": 40, ""factor_label"": ""climate_bio15"", ""factor_kind"": ""climate_feature"", ""baseline_type"": ""region_mean"", ""baseline_value"": -0.8272095322608948, ""freq"": 0.2450592885375494, ""delta_mean"": -0.6239436864852905, ""direction"": ""decrease"", ""score"": 0.15290319589758108}, {""factor_id"": 39, ""factor_label"": ""climate_bio12"", ""factor_kind"": ""climate_feature"", ""baseline_type"": ""region_mean"", ""baseline_value"": -0.8272095322608948, ""freq"": 0.02816205533596838, ""delta_mean"": -0.9764617681503296, ""direction"": ""decrease"", ""score"": 0.02749917034810711}, {""factor_id"": 23, ""factor_label"": ""red_green_ratio"", ""factor_kind"": ""aux_feature"", ""baseline_type"": ""region_mean"", ""baseline_value"": -0.8272095322608948, ""freq"": 0.019762845849802372, ""delta_mean"": -0.9099128842353821, ""direction"": ""decrease"", ""score"": 0.017982468067892925}]",34,covgtiff_wet_g_0_5cm_1km_mean,gtiff_covariate,region_mean,-0.8272095322608948,0.4367588932806324,-0.8588937520980835,decrease,0.3751294846120088
88,OC_0-5cm_1km_mean,"{""OC_0-5cm_1km_mean"": {""mean"": 1.709767513755414, ""p50"": 1.6189870834350586, ""p95"": 2.332144737243651}}","[{""factor_id"": 34, ""factor_label"": ""covgtiff_wet_g_0_5cm_1km_mean"", ""factor_kind"": ""gtiff_covariate"", ""baseline_type"": ""region_mean"", ""baseline_value"": -0.7426483631134033, ""freq"": 0.5617266187050359, ""delta_mean"": -0.9679713845252991, ""direction"": ""decrease"", ""score"": 0.5437352928326283}, {""factor_id"": 23, ""factor_label"": ""red_green_ratio"", ""factor_kind"": ""aux_feature"", ""baseline_type"": ""region_mean"", ""baseline_value"": -0.7426483631134033, ""freq"": 0.2023021582733813, ""delta_mean"": -0.887643575668335, ""direction"": ""decrease"", ""score"": 0.1795722111352056}, {""factor_id"": 40, ""factor_label"": ""climate_bio15"", ""factor_kind"": ""climate_feature"", ""baseline_type"": ""region_mean"", ""baseline_value"": -0.7426483631134033, ""freq"": 0.13956834532374102, ""delta_mean"": -0.6536093950271606, ""direction"": ""decrease"", ""score"": 0.0912231817519922}, {""factor_id"": 37, ""factor_label"": ""climate_bio1"", ""factor_kind"": ""climate_feature"", ""baseline_type"": ""region_mean"", ""baseline_value"": -0.7426483631134033, ""freq"": 0.08115107913669065, ""delta_mean"": 1.0409023761749268, ""direction"": ""increase"", ""score"": 0.08447035110254082}, {""factor_id"": 44, ""factor_label"": ""terrain_slope"", ""factor_kind"": ""terrain_feature"", ""baseline_type"": ""region_mean"", ""baseline_value"": -0.7426483631134033, ""freq"": 0.0060431654676258995, ""delta_mean"": -0.8676359057426453, ""direction"": ""decrease"", ""score"": 0.005243267344056273}]",34,covgtiff_wet_g_0_5cm_1km_mean,gtiff_covariate,region_mean,-0.7426483631134033,0.5617266187050359,-0.9679713845252991,decrease,0.5437352928326283
89,OC_0-5cm_1km_mean,"{""OC_0-5cm_1km_mean"": {""mean"": 1.3293485146345418, ""p50"": 1.289198875427246, ""p95"": 1.5658049583435059}}","[{""factor_id"": 34, ""factor_label"": ""covgtiff_wet_g_0_5cm_1km_mean"", ""factor_kind"": ""gtiff_covariate"", ""baseline_type"": ""region_mean"", ""baseline_value"": -0.8993709683418274, ""freq"": 0.5213825424721734, ""delta_mean"": -1.0117124319076538, ""direction"": ""decrease"", ""score"": 0.5274891999987181}, {""factor_id"": 40, ""factor_label"": ""climate_bio15"", ""factor_kind"": ""climate_feature"", ""baseline_type"": ""region_mean"", ""baseline_value"": -0.8993709683418274, ""freq"": 0.2222222222222222, ""delta_mean"": -0.5763908624649048, ""direction"": ""decrease"", ""score"": 0.1280868583255344}, {""factor_id"": 23, ""factor_label"": ""red_green_ratio"", ""factor_kind"": ""aux_feature"", ""baseline_type"": ""region_mean"", ""baseline_value"": -0.8993709683418274, ""freq"": 0.18512009373169303, ""delta_mean"": -0.9860417246818542, ""direction"": ""decrease"", ""score"": 0.1825361364964651}, {""factor_id"": 19, ""factor_label"": ""ndre"", ""factor_kind"": ""aux_feature"", ""baseline_type"": ""region_mean"", ""baseline_value"": -0.8993709683418274, ""freq"": 0.032610818199570395, ""delta_mean"": -0.7637408375740051, ""direction"": ""decrease"", ""score"": 0.024906213605713504}, {""factor_id"": 39, ""factor_label"": ""climate_bio12"", ""factor_kind"": ""climate_feature"", ""baseline_type"": ""region_mean"", ""baseline_value"": -0.8993709683418274, ""freq"": 0.0306580745948057, ""delta_mean"": -0.9351451992988586, ""direction"": ""decrease"", ""score"": 0.028669751277078853}]",34,covgtiff_wet_g_0_5cm_1km_mean,gtiff_covariate,region_mean,-0.8993709683418274,0.5213825424721734,-1.0117124319076538,decrease,0.5274891999987181
90,OC_0-5cm_1km_mean,"{""OC_0-5cm_1km_mean"": {""mean"": 1.7078053740638843, ""p50"": 1.5937384366989136, ""p95"": 2.5203052520751954}}","[{""factor_id"": 34, ""factor_label"": ""covgtiff_wet_g_0_5cm_1km_mean"", ""factor_kind"": ""gtiff_covariate"", ""baseline_type"": ""region_mean"", ""baseline_value"": -0.837478518486023, ""freq"": 0.7130829852594683, ""delta_mean"": -1.0309537649154663, ""direction"": ""decrease"", ""score"": 0.7351555883504088}, {""factor_id"": 23, ""factor_label"": ""red_green_ratio"", ""factor_kind"": ""aux_feature"", ""baseline_type"": ""region_mean"", ""baseline_value"": -0.837478518486023, ""freq"": 0.09620330827580233, ""delta_mean"": -0.8449636101722717, ""direction"": ""decrease"", ""score"": 0.08128829467123792}, {""factor_id"": 40, ""factor_label"": ""climate_bio15"", ""factor_kind"": ""climate_feature"", ""baseline_type"": ""region_mean"", ""baseline_value"": -0.837478518486023, ""freq"": 0.08577032379745865, ""delta_mean"": -0.5565380454063416, ""direction"": ""decrease"", ""score"": 0.04773444836010666}, {""factor_id"": 37, ""factor_label"": ""climate_bio1"", ""factor_kind"": ""climate_feature"", ""baseline_type"": ""region_mean"", ""baseline_value"": -0.837478518486023, ""freq"": 0.060897895650272045, ""delta_mean"": 1.029889464378357, ""direction"": ""increase"", ""score"": 0.06271810113302775}, {""factor_id"": 19, ""factor_label"": ""ndre"", ""factor_kind"": ""aux_feature"", ""baseline_type"": ""region_mean"", ""baseline_value"": -0.837478518486023, ""freq"": 0.021598805873489058, ""delta_mean"": -0.8671709299087524, ""direction"": ""decrease"", ""score"": 0.01872985657423213}]",34,covgtiff_wet_g_0_5cm_1km_mean,gtiff_covariate,region_mean,-0.837478518486023,0.7130829852594683,-1.0309537649154663,decrease,0.7351555883504088
91,OC_0-5cm_1km_mean,"{""OC_0-5cm_1km_mean"": {""mean"": 1.4924329382434718, ""p50"": 1.4551048278808594, ""p95"": 1.7807230949401855}}","[{""factor_id"": 34, ""factor_label"": ""covgtiff_wet_g_0_5cm_1km_mean"", ""factor_kind"": ""gtiff_covariate"", ""baseline_type"": ""region_mean"", ""baseline_value"": -0.9180206656455994, ""freq"": 0.6029709655638082, ""delta_mean"": -0.9945857524871826, ""direction"": ""decrease"", ""score"": 0.5997063315132033}, {""factor_id"": 40, ""factor_label"": ""climate_bio15"", ""factor_kind"": ""climate_feature"", ""baseline_type"": ""region_mean"", ""baseline_value"": -0.9180206656455994, ""freq"": 0.2437542201215395, ""delta_mean"": -0.7291440963745117, ""direction"": ""decrease"", ""score"": 0.17773195056799374}, {""factor_id"": 23, ""factor_label"": ""red_green_ratio"", ""factor_kind"": ""aux_feature"", ""baseline_type"": ""region_mean"", ""baseline_value"": -0.9180206656455994, ""freq"": 0.12356515867656989, ""delta_mean"": -0.9708455204963684, ""direction"": ""decrease"", ""score"": 0.11996268079057085}, {""factor_id"": 19, ""factor_label"": ""ndre"", ""factor_kind"": ""aux_feature"", ""baseline_type"": ""region_mean"", ""baseline_value"": -0.9180206656455994, ""freq"": 0.014854827819041188, ""delta_mean"": -0.8918886780738831, ""direction"": ""decrease"", ""score"": 0.013248852746539789}, {""factor_id"": 44, ""factor_label"": ""terrain_slope"", ""factor_kind"": ""terrain_feature"", ""baseline_type"": ""region_mean"", ""baseline_value"": -0.9180206656455994, ""freq"": 0.009453072248480757, ""delta_mean"": -0.885091245174408, ""direction"": ""decrease"", ""score"": 0.008366831487131474}]",34,covgtiff_wet_g_0_5cm_1km_mean,gtiff_covariate,region_mean,-0.9180206656455994,0.6029709655638082,-0.9945857524871826,decrease,0.5997063315132033
92,OC_0-5cm_1km_mean,"{""OC_0-5cm_1km_mean"": {""mean"": 1.7434368940618232, ""p50"": 1.5538541674613953, ""p95"": 2.830951845645904}}","[{""factor_id"": 34, ""factor_label"": ""covgtiff_wet_g_0_5cm_1km_mean"", ""factor_kind"": ""gtiff_covariate"", ""baseline_type"": ""region_mean"", ""baseline_value"": -0.5755196809768677, ""freq"": 0.47660541769274484, ""delta_mean"": -0.9457782506942749, ""direction"": ""decrease"", ""score"": 0.4507630382168584}, {""factor_id"": 23, ""factor_label"": ""red_green_ratio"", ""factor_kind"": ""aux_feature"", ""baseline_type"": ""region_mean"", ""baseline_value"": -0.5755196809768677, ""freq"": 0.1789164614510324, ""delta_mean"": -0.893125057220459, ""direction"": ""decrease"", ""score"": 0.15979477487113536}, {""factor_id"": 37, ""factor_label"": ""climate_bio1"", ""factor_kind"": ""climate_feature"", ""baseline_type"": ""region_mean"", ""baseline_value"": -0.5755196809768677, ""freq"": 0.15949990528509186, ""delta_mean"": 1.074986219406128, ""direction"": ""increase"", ""score"": 0.17146020017805638}, {""factor_id"": 40, ""factor_label"": ""climate_bio15"", ""factor_kind"": ""climate_feature"", ""baseline_type"": ""region_mean"", ""baseline_value"": -0.5755196809768677, ""freq"": 0.1348740291721917, ""delta_mean"": -0.7033530473709106, ""direction"": ""decrease"", ""score"": 0.09486405942945414}, {""factor_id"": 39, ""factor_label"": ""climate_bio12"", ""factor_kind"": ""climate_feature"", ""baseline_type"": ""region_mean"", ""baseline_value"": -0.5755196809768677, ""freq"": 0.025762455010418638, ""delta_mean"": -0.7876019477844238, ""direction"": ""decrease"", ""score"": 0.02029055974591431}]",34,covgtiff_wet_g_0_5cm_1km_mean,gtiff_covariate,region_mean,-0.5755196809768677,0.47660541769274484,-0.9457782506942749,decrease,0.4507630382168584
93,OC_0-5cm_1km_mean,"{""OC_0-5cm_1km_mean"": {""mean"": 1.6209117722973017, ""p50"": 1.521149754524231, ""p95"": 2.1831369996070857}}","[{""factor_id"": 34, ""factor_label"": ""covgtiff_wet_g_0_5cm_1km_mean"", ""factor_kind"": ""gtiff_covariate"", ""baseline_type"": ""region_mean"", ""baseline_value"": -0.7984322309494019, ""freq"": 0.44014084507042256, ""delta_mean"": -0.9714386463165283, ""direction"": ""decrease"", ""score"": 0.4275698267238241}, {""factor_id"": 23, ""factor_label"": ""red_green_ratio"", ""factor_kind"": ""aux_feature"", ""baseline_type"": ""region_mean"", ""baseline_value"": -0.7984322309494019, ""freq"": 0.2605633802816901, ""delta_mean"": -0.8589961528778076, ""direction"": ""decrease"", ""score"": 0.22382294124280902}, {""factor_id"": 40, ""factor_label"": ""climate_bio15"", ""factor_kind"": ""climate_feature"", ""baseline_type"": ""region_mean"", ""baseline_value"": -0.7984322309494019, ""freq"": 0.1857394366197183, ""delta_mean"": -0.7095323204994202, ""direction"": ""decrease"", ""score"": 0.13178813347304372}, {""factor_id"": 37, ""factor_label"": ""climate_bio1"", ""factor_kind"": ""climate_feature"", ""baseline_type"": ""region_mean"", ""baseline_value"": -0.7984322309494019, ""freq"": 0.04548122065727699, ""delta_mean"": 1.0183560848236084, ""direction"": ""increase"", ""score"": 0.04631607780154322}, {""factor_id"": 44, ""factor_label"": ""terrain_slope"", ""factor_kind"": ""terrain_feature"", ""baseline_type"": ""region_mean"", ""baseline_value"": -0.7984322309494019, ""freq"": 0.04518779342723005, ""delta_mean"": -0.9282622933387756, ""direction"": ""decrease"", ""score"": 0.041946124757679414}]",34,covgtiff_wet_g_0_5cm_1km_mean,gtiff_covariate,region_mean,-0.7984322309494019,0.44014084507042256,-0.9714386463165283,decrease,0.4275698267238241
94,OC_0-5cm_1km_mean,"{""OC_0-5cm_1km_mean"": {""mean"": 1.3702285902885507, ""p50"": 1.3110713958740234, ""p95"": 1.768634963035583}}","[{""factor_id"": 34, ""factor_label"": ""covgtiff_wet_g_0_5cm_1km_mean"", ""factor_kind"": ""gtiff_covariate"", ""baseline_type"": ""region_mean"", ""baseline_value"": -0.7840120196342468, ""freq"": 0.4893561103810775, ""delta_mean"": -0.9684556126594543, ""direction"": ""decrease"", ""score"": 0.473919671687754}, {""factor_id"": 23, ""factor_label"": ""red_green_ratio"", ""factor_kind"": ""aux_feature"", ""baseline_type"": ""region_mean"", ""baseline_value"": -0.7840120196342468, ""freq"": 0.26360052562417874, ""delta_mean"": -0.7390016317367554, ""direction"": ""decrease"", ""score"": 0.19480121856293448}, {""factor_id"": 40, ""factor_label"": ""climate_bio15"", ""factor_kind"": ""climate_feature"", ""baseline_type"": ""region_mean"", ""baseline_value"": -0.7840120196342468, ""freq"": 0.23679369250985546, ""delta_mean"": -0.5217673778533936, ""direction"": ""decrease"", ""score"": 0.12355122403309005}, {""factor_id"": 37, ""factor_label"": ""climate_bio1"", ""factor_kind"": ""climate_feature"", ""baseline_type"": ""region_mean"", ""baseline_value"": -0.7840120196342468, ""freq"": 0.008672798948751642, ""delta_mean"": 1.0499354600906372, ""direction"": ""increase"", ""score"": 0.00910587915453115}, {""factor_id"": 39, ""factor_label"": ""climate_bio12"", ""factor_kind"": ""climate_feature"", ""baseline_type"": ""region_mean"", ""baseline_value"": -0.7840120196342468, ""freq"": 0.0007884362680683311, ""delta_mean"": -0.5854650139808655, ""direction"": ""decrease"", ""score"": 0.00046160185070764686}]",34,covgtiff_wet_g_0_5cm_1km_mean,gtiff_covariate,region_mean,-0.7840120196342468,0.4893561103810775,-0.9684556126594543,decrease,0.473919671687754
95,OC_0-5cm_1km_mean,"{""OC_0-5cm_1km_mean"": {""mean"": 1.8913264033264667, ""p50"": 1.8938449621200562, ""p95"": 2.474434971809387}}","[{""factor_id"": 23, ""factor_label"": ""red_green_ratio"", ""factor_kind"": ""aux_feature"", ""baseline_type"": ""region_mean"", ""baseline_value"": -0.8623513579368591, ""freq"": 0.38357881541836414, ""delta_mean"": -1.1276357173919678, ""direction"": ""decrease"", ""score"": 0.43253717270064823}, {""factor_id"": 34, ""factor_label"": ""covgtiff_wet_g_0_5cm_1km_mean"", ""factor_kind"": ""gtiff_covariate"", ""baseline_type"": ""region_mean"", ""baseline_value"": -0.8623513579368591, ""freq"": 0.2704481353807584, ""delta_mean"": -1.0590417385101318, ""direction"": ""decrease"", ""score"": 0.2864158634704619}, {""factor_id"": 44, ""factor_label"": ""terrain_slope"", ""factor_kind"": ""terrain_feature"", ""baseline_type"": ""region_mean"", ""baseline_value"": -0.8623513579368591, ""freq"": 0.13224694453149483, ""delta_mean"": -0.9240558743476868, ""direction"": ""decrease"", ""score"": 0.12220356595886049}, {""factor_id"": 40, ""factor_label"": ""climate_bio15"", ""factor_kind"": ""climate_feature"", ""baseline_type"": ""region_mean"", ""baseline_value"": -0.8623513579368591, ""freq"": 0.12033845189595738, ""delta_mean"": -0.6264126300811768, ""direction"": ""decrease"", ""score"": 0.07538152615204383}, {""factor_id"": 37, ""factor_label"": ""climate_bio1"", ""factor_kind"": ""climate_feature"", ""baseline_type"": ""region_mean"", ""baseline_value"": -0.8623513579368591, ""freq"": 0.0673769978063303, ""delta_mean"": 1.1267393827438354, ""direction"": ""increase"", ""score"": 0.07591631691943736}]",23,red_green_ratio,aux_feature,region_mean,-0.8623513579368591,0.38357881541836414,-1.1276357173919678,decrease,0.43253717270064823
96,OC_0-5cm_1km_mean,"{""OC_0-5cm_1km_mean"": {""mean"": 1.7664268897967048, ""p50"": 1.6452016830444336, ""p95"": 2.5253886461257933}}","[{""factor_id"": 34, ""factor_label"": ""covgtiff_wet_g_0_5cm_1km_mean"", ""factor_kind"": ""gtiff_covariate"", ""baseline_type"": ""region_mean"", ""baseline_value"": -0.7299572825431824, ""freq"": 0.5428766073405433, ""delta_mean"": -0.9799986481666565, ""direction"": ""decrease"", ""score"": 0.5320183413150332}, {""factor_id"": 23, ""factor_label"": ""red_green_ratio"", ""factor_kind"": ""aux_feature"", ""baseline_type"": ""region_mean"", ""baseline_value"": -0.7299572825431824, ""freq"": 0.20608021800221407, ""delta_mean"": -0.9659139513969421, ""direction"": ""decrease"", ""score"": 0.19905575767526185}, {""factor_id"": 37, ""factor_label"": ""climate_bio1"", ""factor_kind"": ""climate_feature"", ""baseline_type"": ""region_mean"", ""baseline_value"": -0.7299572825431824, ""freq"": 0.10814953589372392, ""delta_mean"": 1.032360315322876, ""direction"": ""increase"", ""score"": 0.11164928897726752}, {""factor_id"": 40, ""factor_label"": ""climate_bio15"", ""factor_kind"": ""climate_feature"", ""baseline_type"": ""region_mean"", ""baseline_value"": -0.7299572825431824, ""freq"": 0.08532742910670187, ""delta_mean"": -0.6926202774047852, ""direction"": ""decrease"", ""score"": 0.05909950761812099}, {""factor_id"": 19, ""factor_label"": ""ndre"", ""factor_kind"": ""aux_feature"", ""baseline_type"": ""region_mean"", ""baseline_value"": -0.7299572825431824, ""freq"": 0.02588776292259218, ""delta_mean"": -0.8914692401885986, ""direction"": ""decrease"", ""score"": 0.023078144342785826}]",34,covgtiff_wet_g_0_5cm_1km_mean,gtiff_covariate,region_mean,-0.7299572825431824,0.5428766073405433,-0.9799986481666565,decrease,0.5320183413150332
97,OC_0-5cm_1km_mean,"{""OC_0-5cm_1km_mean"": {""mean"": 1.830384496608502, ""p50"": 1.722631812095642, ""p95"": 2.6767717838287344}}","[{""factor_id"": 34, ""factor_label"": ""covgtiff_wet_g_0_5cm_1km_mean"", ""factor_kind"": ""gtiff_covariate"", ""baseline_type"": ""region_mean"", ""baseline_value"": -0.6524667143821716, ""freq"": 0.578408736349454, ""delta_mean"": -0.929104745388031, ""direction"": ""decrease"", ""score"": 0.5374023017161722}, {""factor_id"": 23, ""factor_label"": ""red_green_ratio"", ""factor_kind"": ""aux_feature"", ""baseline_type"": ""region_mean"", ""baseline_value"": -0.6524667143821716, ""freq"": 0.1927613104524181, ""delta_mean"": -0.8603596091270447, ""direction"": ""decrease"", ""score"": 0.16584404571565933}, {""factor_id"": 37, ""factor_label"": ""climate_bio1"", ""factor_kind"": ""climate_feature"", ""baseline_type"": ""region_mean"", ""baseline_value"": -0.6524667143821716, ""freq"": 0.11906396255850234, ""delta_mean"": 1.0189032554626465, ""direction"": ""increase"", ""score"": 0.12131465905914068}, {""factor_id"": 40, ""factor_label"": ""climate_bio15"", ""factor_kind"": ""climate_feature"", ""baseline_type"": ""region_mean"", ""baseline_value"": -0.6524667143821716, ""freq"": 0.06926677067082683, ""delta_mean"": -0.5852529406547546, ""direction"": ""decrease"", ""score"": 0.040538581224759916}, {""factor_id"": 39, ""factor_label"": ""climate_bio12"", ""factor_kind"": ""climate_feature"", ""baseline_type"": ""region_mean"", ""baseline_value"": -0.6524667143821716, ""freq"": 0.02658346333853354, ""delta_mean"": -0.72455894947052, ""direction"": ""decrease"", ""score"": 0.019261286269855946}]",34,covgtiff_wet_g_0_5cm_1km_mean,gtiff_covariate,region_mean,-0.6524667143821716,0.578408736349454,-0.929104745388031,decrease,0.5374023017161722
98,OC_0-5cm_1km_mean,"{""OC_0-5cm_1km_mean"": {""mean"": 1.965894273032061, ""p50"": 1.8809369802474976, ""p95"": 2.7280568599700925}}","[{""factor_id"": 34, ""factor_label"": ""covgtiff_wet_g_0_5cm_1km_mean"", ""factor_kind"": ""gtiff_covariate"", ""baseline_type"": ""region_mean"", ""baseline_value"": -0.5072795152664185, ""freq"": 0.4707923655292076, ""delta_mean"": -0.893404483795166, ""direction"": ""decrease"", ""score"": 0.42060801030032685}, {""factor_id"": 23, ""factor_label"": ""red_green_ratio"", ""factor_kind"": ""aux_feature"", ""baseline_type"": ""region_mean"", ""baseline_value"": -0.5072795152664185, ""freq"": 0.3177559282822441, ""delta_mean"": -0.8987683653831482, ""direction"": ""decrease"", ""score"": 0.28558897625303736}, {""factor_id"": 37, ""factor_label"": ""climate_bio1"", ""factor_kind"": ""climate_feature"", ""baseline_type"": ""region_mean"", ""baseline_value"": -0.5072795152664185, ""freq"": 0.2043956043956044, ""delta_mean"": 0.9943966269493103, ""direction"": ""increase"", ""score"": 0.20325029957425464}, {""factor_id"": 40, ""factor_label"": ""climate_bio15"", ""factor_kind"": ""climate_feature"", ""baseline_type"": ""region_mean"", ""baseline_value"": -0.5072795152664185, ""freq"": 0.0037015615962984385, ""delta_mean"": -0.5319231152534485, ""direction"": ""decrease"", ""score"": 0.001968946175605593}, {""factor_id"": 19, ""factor_label"": ""ndre"", ""factor_kind"": ""aux_feature"", ""baseline_type"": ""region_mean"", ""baseline_value"": -0.5072795152664185, ""freq"": 0.0020821283979178718, ""delta_mean"": -0.6829206347465515, ""direction"": ""decrease"", ""score"": 0.0014219284471298935}]",34,covgtiff_wet_g_0_5cm_1km_mean,gtiff_covariate,region_mean,-0.5072795152664185,0.4707923655292076,-0.893404483795166,decrease,0.42060801030032685
99,OC_0-5cm_1km_mean,"{""OC_0-5cm_1km_mean"": {""mean"": 2.0392745462816153, ""p50"": 1.9759857654571533, ""p95"": 2.7497206449508664}}","[{""factor_id"": 34, ""factor_label"": ""covgtiff_wet_g_0_5cm_1km_mean"", ""factor_kind"": ""gtiff_covariate"", ""baseline_type"": ""region_mean"", ""baseline_value"": -0.4766708314418793, ""freq"": 0.564179104477612, ""delta_mean"": -0.839972734451294, ""direction"": ""decrease"", ""score"": 0.473895065108342}, {""factor_id"": 23, ""factor_label"": ""red_green_ratio"", ""factor_kind"": ""aux_feature"", ""baseline_type"": ""region_mean"", ""baseline_value"": -0.4766708314418793, ""freq"": 0.2228855721393035, ""delta_mean"": -0.7845138907432556, ""direction"": ""decrease"", ""score"": 0.17485682738954156}, {""factor_id"": 37, ""factor_label"": ""climate_bio1"", ""factor_kind"": ""climate_feature"", ""baseline_type"": ""region_mean"", ""baseline_value"": -0.4766708314418793, ""freq"": 0.19900497512437812, ""delta_mean"": 0.9045936465263367, ""direction"": ""increase"", ""score"": 0.1800186361246441}, {""factor_id"": 39, ""factor_label"": ""climate_bio12"", ""factor_kind"": ""climate_feature"", ""baseline_type"": ""region_mean"", ""baseline_value"": -0.4766708314418793, ""freq"": 0.00945273631840796, ""delta_mean"": -0.5622054934501648, ""direction"": ""decrease"", ""score"": 0.005314380286344841}, {""factor_id"": 19, ""factor_label"": ""ndre"", ""factor_kind"": ""aux_feature"", ""baseline_type"": ""region_mean"", ""baseline_value"": -0.4766708314418793, ""freq"": 0.003980099502487562, ""delta_mean"": -0.5558381080627441, ""direction"": ""decrease"", ""score"": 0.0022122909773641558}]",34,covgtiff_wet_g_0_5cm_1km_mean,gtiff_covariate,region_mean,-0.4766708314418793,0.564179104477612,-0.839972734451294,decrease,0.473895065108342
100,OC_0-5cm_1km_mean,"{""OC_0-5cm_1km_mean"": {""mean"": 1.8230544744297286, ""p50"": 1.701116681098938, ""p95"": 2.6100223064422603}}","[{""factor_id"": 34, ""factor_label"": ""covgtiff_wet_g_0_5cm_1km_mean"", ""factor_kind"": ""gtiff_covariate"", ""baseline_type"": ""region_mean"", ""baseline_value"": -0.4828682541847229, ""freq"": 0.44763271162123386, ""delta_mean"": -0.7050328850746155, ""direction"": ""decrease"", ""score"": 0.31559578212809186}, {""factor_id"": 23, ""factor_label"": ""red_green_ratio"", ""factor_kind"": ""aux_feature"", ""baseline_type"": ""region_mean"", ""baseline_value"": -0.4828682541847229, ""freq"": 0.2631276901004304, ""delta_mean"": -0.6401078104972839, ""direction"": ""decrease"", ""score"": 0.16843008959139436}, {""factor_id"": 37, ""factor_label"": ""climate_bio1"", ""factor_kind"": ""climate_feature"", ""baseline_type"": ""region_mean"", ""baseline_value"": -0.4828682541847229, ""freq"": 0.1127690100430416, ""delta_mean"": 0.8649758100509644, ""direction"": ""increase"", ""score"": 0.09754246581062524}, {""factor_id"": 40, ""factor_label"": ""climate_bio15"", ""factor_kind"": ""climate_feature"", ""baseline_type"": ""region_mean"", ""baseline_value"": -0.4828682541847229, ""freq"": 0.09784791965566715, ""delta_mean"": -0.5166542530059814, ""direction"": ""decrease"", ""score"": 0.050553543837888}, {""factor_id"": 39, ""factor_label"": ""climate_bio12"", ""factor_kind"": ""climate_feature"", ""baseline_type"": ""region_mean"", ""baseline_value"": -0.4828682541847229, ""freq"": 0.049354375896700144, ""delta_mean"": -0.5663986206054688, ""direction"": ""decrease"", ""score"": 0.027954250428734756}]",34,covgtiff_wet_g_0_5cm_1km_mean,gtiff_covariate,region_mean,-0.4828682541847229,0.44763271162123386,-0.7050328850746155,decrease,0.31559578212809186
101,OC_0-5cm_1km_mean,"{""OC_0-5cm_1km_mean"": {""mean"": 1.8706543497998138, ""p50"": 1.761765956878662, ""p95"": 2.669952750205993}}","[{""factor_id"": 34, ""factor_label"": ""covgtiff_wet_g_0_5cm_1km_mean"", ""factor_kind"": ""gtiff_covariate"", ""baseline_type"": ""region_mean"", ""baseline_value"": -0.6418947577476501, ""freq"": 0.563146551724138, ""delta_mean"": -0.9532111287117004, ""direction"": ""decrease"", ""score"": 0.5367975601990675}, {""factor_id"": 23, ""factor_label"": ""red_green_ratio"", ""factor_kind"": ""aux_feature"", ""baseline_type"": ""region_mean"", ""baseline_value"": -0.6418947577476501, ""freq"": 0.27295258620689655, ""delta_mean"": -0.8645758628845215, ""direction"": ""decrease"", ""score"": 0.2359882177463893}, {""factor_id"": 37, ""factor_label"": ""climate_bio1"", ""factor_kind"": ""climate_feature"", ""baseline_type"": ""region_mean"", ""baseline_value"": -0.6418947577476501, ""freq"": 0.14191810344827585, ""delta_mean"": 1.0174154043197632, ""direction"": ""increase"", ""score"": 0.14438966460012156}, {""factor_id"": 40, ""factor_label"": ""climate_bio15"", ""factor_kind"": ""climate_feature"", ""baseline_type"": ""region_mean"", ""baseline_value"": -0.6418947577476501, ""freq"": 0.011314655172413793, ""delta_mean"": -0.5478162169456482, ""direction"": ""decrease"", ""score"": 0.006198351592596235}, {""factor_id"": 19, ""factor_label"": ""ndre"", ""factor_kind"": ""aux_feature"", ""baseline_type"": ""region_mean"", ""baseline_value"": -0.6418947577476501, ""freq"": 0.005926724137931034, ""delta_mean"": -0.7205826044082642, ""direction"": ""decrease"", ""score"": 0.004270694314919669}]",34,covgtiff_wet_g_0_5cm_1km_mean,gtiff_covariate,region_mean,-0.6418947577476501,0.563146551724138,-0.9532111287117004,decrease,0.5367975601990675
102,OC_0-5cm_1km_mean,"{""OC_0-5cm_1km_mean"": {""mean"": 2.021378720930592, ""p50"": 1.9571755528450012, ""p95"": 2.6363770365715022}}","[{""factor_id"": 34, ""factor_label"": ""covgtiff_wet_g_0_5cm_1km_mean"", ""factor_kind"": ""gtiff_covariate"", ""baseline_type"": ""region_mean"", ""baseline_value"": -0.37808334827423096, ""freq"": 0.5425038639876353, ""delta_mean"": -0.7085636854171753, ""direction"": ""decrease"", ""score"": 0.38439853722013684}, {""factor_id"": 23, ""factor_label"": ""red_green_ratio"", ""factor_kind"": ""aux_feature"", ""baseline_type"": ""region_mean"", ""baseline_value"": -0.37808334827423096, ""freq"": 0.22024729520865532, ""delta_mean"": -0.7026364803314209, ""direction"": ""decrease"", ""score"": 0.154753784307925}, {""factor_id"": 37, ""factor_label"": ""climate_bio1"", ""factor_kind"": ""climate_feature"", ""baseline_type"": ""region_mean"", ""baseline_value"": -0.37808334827423096, ""freq"": 0.21020092735703247, ""delta_mean"": 0.8340221643447876, ""direction"": ""increase"", ""score"": 0.17531223238159369}, {""factor_id"": 39, ""factor_label"": ""climate_bio12"", ""factor_kind"": ""climate_feature"", ""baseline_type"": ""region_mean"", ""baseline_value"": -0.37808334827423096, ""freq"": 0.02241112828438949, ""delta_mean"": -0.5309820771217346, ""direction"": ""decrease"", ""score"": 0.011899907447086789}, {""factor_id"": 19, ""factor_label"": ""ndre"", ""factor_kind"": ""aux_feature"", ""baseline_type"": ""region_mean"", ""baseline_value"": -0.37808334827423096, ""freq"": 0.00231839258114374, ""delta_mean"": -0.5781782269477844, ""direction"": ""decrease"", ""score"": 0.0013404441119345852}]",34,covgtiff_wet_g_0_5cm_1km_mean,gtiff_covariate,region_mean,-0.37808334827423096,0.5425038639876353,-0.7085636854171753,decrease,0.38439853722013684
103,OC_0-5cm_1km_mean,"{""OC_0-5cm_1km_mean"": {""mean"": 1.7945967461344203, ""p50"": 1.693881630897522, ""p95"": 2.5549889802932735}}","[{""factor_id"": 34, ""factor_label"": ""covgtiff_wet_g_0_5cm_1km_mean"", ""factor_kind"": ""gtiff_covariate"", ""baseline_type"": ""region_mean"", ""baseline_value"": -0.6358928084373474, ""freq"": 0.6355642403517342, ""delta_mean"": -0.9083461165428162, ""direction"": ""decrease"", ""score"": 0.5773123095369828}, {""factor_id"": 23, ""factor_label"": ""red_green_ratio"", ""factor_kind"": ""aux_feature"", ""baseline_type"": ""region_mean"", ""baseline_value"": -0.6358928084373474, ""freq"": 0.1519296531509526, ""delta_mean"": -0.7919380068778992, ""direction"": ""decrease"", ""score"": 0.12031886670201594}, {""factor_id"": 37, ""factor_label"": ""climate_bio1"", ""factor_kind"": ""climate_feature"", ""baseline_type"": ""region_mean"", ""baseline_value"": -0.6358928084373474, ""freq"": 0.12017586712261846, ""delta_mean"": 0.9843995571136475, ""direction"": ""increase"", ""score"": 0.11830107037125416}, {""factor_id"": 40, ""factor_label"": ""climate_bio15"", ""factor_kind"": ""climate_feature"", ""baseline_type"": ""region_mean"", ""baseline_value"": -0.6358928084373474, ""freq"": 0.08451392281387396, ""delta_mean"": -0.6119277477264404, ""direction"": ""decrease"", ""score"": 0.05171641443902012}, {""factor_id"": 19, ""factor_label"": ""ndre"", ""factor_kind"": ""aux_feature"", ""baseline_type"": ""region_mean"", ""baseline_value"": -0.6358928084373474, ""freq"": 0.00537371763556424, ""delta_mean"": -0.6439950466156006, ""direction"": ""decrease"", ""score"": 0.0034606475392142677}]",34,covgtiff_wet_g_0_5cm_1km_mean,gtiff_covariate,region_mean,-0.6358928084373474,0.6355642403517342,-0.9083461165428162,decrease,0.5773123095369828
104,OC_0-5cm_1km_mean,"{""OC_0-5cm_1km_mean"": {""mean"": 1.875569904990818, ""p50"": 1.801271378993988, ""p95"": 2.498184049129486}}","[{""factor_id"": 34, ""factor_label"": ""covgtiff_wet_g_0_5cm_1km_mean"", ""factor_kind"": ""gtiff_covariate"", ""baseline_type"": ""region_mean"", ""baseline_value"": -0.44623154401779175, ""freq"": 0.4682608695652174, ""delta_mean"": -0.8004761338233948, ""direction"": ""decrease"", ""score"": 0.37483165049034617}, {""factor_id"": 23, ""factor_label"": ""red_green_ratio"", ""factor_kind"": ""aux_feature"", ""baseline_type"": ""region_mean"", ""baseline_value"": -0.44623154401779175, ""freq"": 0.24956521739130436, ""delta_mean"": -0.7535103559494019, ""direction"": ""decrease"", ""score"": 0.1880499757891116}, {""factor_id"": 37, ""factor_label"": ""climate_bio1"", ""factor_kind"": ""climate_feature"", ""baseline_type"": ""region_mean"", ""baseline_value"": -0.44623154401779175, ""freq"": 0.18739130434782608, ""delta_mean"": 0.9452632665634155, ""direction"": ""increase"", ""score"": 0.17713411647340524}, {""factor_id"": 40, ""factor_label"": ""climate_bio15"", ""factor_kind"": ""climate_feature"", ""baseline_type"": ""region_mean"", ""baseline_value"": -0.44623154401779175, ""freq"": 0.042608695652173914, ""delta_mean"": -0.6189179420471191, ""direction"": ""decrease"", ""score"": 0.02637128622635551}, {""factor_id"": 39, ""factor_label"": ""climate_bio12"", ""factor_kind"": ""climate_feature"", ""baseline_type"": ""region_mean"", ""baseline_value"": -0.44623154401779175, ""freq"": 0.02826086956521739, ""delta_mean"": -0.6077998876571655, ""direction"": ""decrease"", ""score"": 0.01717695334683294}]",34,covgtiff_wet_g_0_5cm_1km_mean,gtiff_covariate,region_mean,-0.44623154401779175,0.4682608695652174,-0.8004761338233948,decrease,0.37483165049034617
105,OC_0-5cm_1km_mean,"{""OC_0-5cm_1km_mean"": {""mean"": 1.8452557573283928, ""p50"": 1.7681970000267029, ""p95"": 2.4445342779159542}}","[{""factor_id"": 34, ""factor_label"": ""covgtiff_wet_g_0_5cm_1km_mean"", ""factor_kind"": ""gtiff_covariate"", ""baseline_type"": ""region_mean"", ""baseline_value"": -0.5056918263435364, ""freq"": 0.46557971014492755, ""delta_mean"": -0.7893282175064087, ""direction"": ""decrease"", ""score"": 0.36749520271584607}, {""factor_id"": 23, ""factor_label"": ""red_green_ratio"", ""factor_kind"": ""aux_feature"", ""baseline_type"": ""region_mean"", ""baseline_value"": -0.5056918263435364, ""freq"": 0.29528985507246375, ""delta_mean"": -0.7505443096160889, ""direction"": ""decrease"", ""score"": 0.22162812041199725}, {""factor_id"": 37, ""factor_label"": ""climate_bio1"", ""factor_kind"": ""climate_feature"", ""baseline_type"": ""region_mean"", ""baseline_value"": -0.5056918263435364, ""freq"": 0.15181159420289855, ""delta_mean"": 0.9104121923446655, ""direction"": ""increase"", ""score"": 0.1382111263015996}, {""factor_id"": 40, ""factor_label"": ""climate_bio15"", ""factor_kind"": ""climate_feature"", ""baseline_type"": ""region_mean"", ""baseline_value"": -0.5056918263435364, ""freq"": 0.04746376811594203, ""delta_mean"": -0.5979807376861572, ""direction"": ""decrease"", ""score"": 0.028382419071335725}, {""factor_id"": 39, ""factor_label"": ""climate_bio12"", ""factor_kind"": ""climate_feature"", ""baseline_type"": ""region_mean"", ""baseline_value"": -0.5056918263435364, ""freq"": 0.02318840579710145, ""delta_mean"": -0.6496500372886658, ""direction"": ""decrease"", ""score"": 0.01506434869075167}]",34,covgtiff_wet_g_0_5cm_1km_mean,gtiff_covariate,region_mean,-0.5056918263435364,0.46557971014492755,-0.7893282175064087,decrease,0.36749520271584607
106,OC_0-5cm_1km_mean,"{""OC_0-5cm_1km_mean"": {""mean"": 1.9302136249422606, ""p50"": 1.8358744382858276, ""p95"": 2.5936458110809326}}","[{""factor_id"": 34, ""factor_label"": ""covgtiff_wet_g_0_5cm_1km_mean"", ""factor_kind"": ""gtiff_covariate"", ""baseline_type"": ""region_mean"", ""baseline_value"": -0.45567694306373596, ""freq"": 0.5052920423363387, ""delta_mean"": -0.6743855476379395, ""direction"": ""decrease"", ""score"": 0.34076165068808467}, {""factor_id"": 23, ""factor_label"": ""red_green_ratio"", ""factor_kind"": ""aux_feature"", ""baseline_type"": ""region_mean"", ""baseline_value"": -0.45567694306373596, ""freq"": 0.34653077224617795, ""delta_mean"": -0.6608977317810059, ""direction"": ""decrease"", ""score"": 0.22902140136981936}, {""factor_id"": 37, ""factor_label"": ""climate_bio1"", ""factor_kind"": ""climate_feature"", ""baseline_type"": ""region_mean"", ""baseline_value"": -0.45567694306373596, ""freq"": 0.14151313210505684, ""delta_mean"": 0.8289424777030945, ""direction"": ""increase"", ""score"": 0.11730624635469114}, {""factor_id"": 39, ""factor_label"": ""climate_bio12"", ""factor_kind"": ""climate_feature"", ""baseline_type"": ""region_mean"", ""baseline_value"": -0.45567694306373596, ""freq"": 0.006664053312426499, ""delta_mean"": -0.4802127778530121, ""direction"": ""decrease"", ""score"": 0.003200163552920896}]",34,covgtiff_wet_g_0_5cm_1km_mean,gtiff_covariate,region_mean,-0.45567694306373596,0.5052920423363387,-0.6743855476379395,decrease,0.34076165068808467
107,OC_0-5cm_1km_mean,"{""OC_0-5cm_1km_mean"": {""mean"": 1.8425432112800408, ""p50"": 1.754085898399353, ""p95"": 2.5127182006835938}}","[{""factor_id"": 34, ""factor_label"": ""covgtiff_wet_g_0_5cm_1km_mean"", ""factor_kind"": ""gtiff_covariate"", ""baseline_type"": ""region_mean"", ""baseline_value"": -0.689294159412384, ""freq"": 0.655760919989257, ""delta_mean"": -0.9117057919502258, ""direction"": ""decrease"", ""score"": 0.5978610288888142}, {""factor_id"": 23, ""factor_label"": ""red_green_ratio"", ""factor_kind"": ""aux_feature"", ""baseline_type"": ""region_mean"", ""baseline_value"": -0.689294159412384, ""freq"": 0.17325487706619136, ""delta_mean"": -0.8277205228805542, ""direction"": ""decrease"", ""score"": 0.14340661743683406}, {""factor_id"": 37, ""factor_label"": ""climate_bio1"", ""factor_kind"": ""climate_feature"", ""baseline_type"": ""region_mean"", ""baseline_value"": -0.689294159412384, ""freq"": 0.09610078863197988, ""delta_mean"": 1.0431450605392456, ""direction"": ""increase"", ""score"": 0.10024706297537589}, {""factor_id"": 40, ""factor_label"": ""climate_bio15"", ""factor_kind"": ""climate_feature"", ""baseline_type"": ""region_mean"", ""baseline_value"": -0.689294159412384, ""freq"": 0.04455892765583417, ""delta_mean"": -0.5870727896690369, ""direction"": ""decrease"", ""score"": 0.026159333963571365}, {""factor_id"": 19, ""factor_label"": ""ndre"", ""factor_kind"": ""aux_feature"", ""baseline_type"": ""region_mean"", ""baseline_value"": -0.689294159412384, ""freq"": 0.015211075029909418, ""delta_mean"": -0.6828787922859192, ""direction"": ""decrease"", ""score"": 0.010387320545795045}]",34,covgtiff_wet_g_0_5cm_1km_mean,gtiff_covariate,region_mean,-0.689294159412384,0.655760919989257,-0.9117057919502258,decrease,0.5978610288888142
108,OC_0-5cm_1km_mean,"{""OC_0-5cm_1km_mean"": {""mean"": 2.1180985551622933, ""p50"": 2.0701892375946045, ""p95"": 2.8679315090179442}}","[{""factor_id"": 34, ""factor_label"": ""covgtiff_wet_g_0_5cm_1km_mean"", ""factor_kind"": ""gtiff_covariate"", ""baseline_type"": ""region_mean"", ""baseline_value"": -0.449802428483963, ""freq"": 0.5943671090967951, ""delta_mean"": -0.9450511932373047, ""direction"": ""decrease"", ""score"": 0.5617073456729335}, {""factor_id"": 37, ""factor_label"": ""climate_bio1"", ""factor_kind"": ""climate_feature"", ""baseline_type"": ""region_mean"", ""baseline_value"": -0.449802428483963, ""freq"": 0.2372936225315636, ""delta_mean"": 1.0328402519226074, ""direction"": ""increase"", ""score"": 0.24508640487512828}, {""factor_id"": 23, ""factor_label"": ""red_green_ratio"", ""factor_kind"": ""aux_feature"", ""baseline_type"": ""region_mean"", ""baseline_value"": -0.449802428483963, ""freq"": 0.13467141469731306, ""delta_mean"": -0.8399085998535156, ""direction"": ""decrease"", ""score"": 0.11311167935871237}, {""factor_id"": 19, ""factor_label"": ""ndre"", ""factor_kind"": ""aux_feature"", ""baseline_type"": ""region_mean"", ""baseline_value"": -0.449802428483963, ""freq"": 0.020718679184202008, ""delta_mean"": -0.6384157538414001, ""direction"": ""decrease"", ""score"": 0.013227131189980451}, {""factor_id"": 40, ""factor_label"": ""climate_bio15"", ""factor_kind"": ""climate_feature"", ""baseline_type"": ""region_mean"", ""baseline_value"": -0.449802428483963, ""freq"": 0.010035610229847848, ""delta_mean"": -0.530327558517456, ""direction"": ""decrease"", ""score"": 0.005322160671428015}]",34,covgtiff_wet_g_0_5cm_1km_mean,gtiff_covariate,region_mean,-0.449802428483963,0.5943671090967951,-0.9450511932373047,decrease,0.5617073456729335
109,OC_0-5cm_1km_mean,"{""OC_0-5cm_1km_mean"": {""mean"": 2.0491281431776436, ""p50"": 1.9608199000358582, ""p95"": 2.9667215347290035}}","[{""factor_id"": 34, ""factor_label"": ""covgtiff_wet_g_0_5cm_1km_mean"", ""factor_kind"": ""gtiff_covariate"", ""baseline_type"": ""region_mean"", ""baseline_value"": -0.6581812500953674, ""freq"": 0.6100362756952842, ""delta_mean"": -1.1022584438323975, ""direction"": ""decrease"", ""score"": 0.6724176359291953}, {""factor_id"": 23, ""factor_label"": ""red_green_ratio"", ""factor_kind"": ""aux_feature"", ""baseline_type"": ""region_mean"", ""baseline_value"": -0.6581812500953674, ""freq"": 0.18742442563482467, ""delta_mean"": -0.9164950251579285, ""direction"": ""decrease"", ""score"": 0.17177355368739894}, {""factor_id"": 37, ""factor_label"": ""climate_bio1"", ""factor_kind"": ""climate_feature"", ""baseline_type"": ""region_mean"", ""baseline_value"": -0.6581812500953674, ""freq"": 0.18591293833131803, ""delta_mean"": 1.059017539024353, ""direction"": ""increase"", ""score"": 0.19688506242441872}, {""factor_id"": 40, ""factor_label"": ""climate_bio15"", ""factor_kind"": ""climate_feature"", ""baseline_type"": ""region_mean"", ""baseline_value"": -0.6581812500953674, ""freq"": 0.009975816203143894, ""delta_mean"": -0.5309616923332214, ""direction"": ""decrease"", ""score"": 0.005296776253626454}, {""factor_id"": 19, ""factor_label"": ""ndre"", ""factor_kind"": ""aux_feature"", ""baseline_type"": ""region_mean"", ""baseline_value"": -0.6581812500953674, ""freq"": 0.004232164449818622, ""delta_mean"": -0.8779643177986145, ""direction"": ""decrease"", ""score"": 0.003715689373996555}]",34,covgtiff_wet_g_0_5cm_1km_mean,gtiff_covariate,region_mean,-0.6581812500953674,0.6100362756952842,-1.1022584438323975,decrease,0.6724176359291953
110,OC_0-5cm_1km_mean,"{""OC_0-5cm_1km_mean"": {""mean"": 1.8047914818731814, ""p50"": 1.725152850151062, ""p95"": 2.4256038665771484}}","[{""factor_id"": 34, ""factor_label"": ""covgtiff_wet_g_0_5cm_1km_mean"", ""factor_kind"": ""gtiff_covariate"", ""baseline_type"": ""region_mean"", ""baseline_value"": -0.7298470139503479, ""freq"": 0.6727749326472658, ""delta_mean"": -0.9194074273109436, ""direction"": ""decrease"", ""score"": 0.618554269984516}, {""factor_id"": 23, ""factor_label"": ""red_green_ratio"", ""factor_kind"": ""aux_feature"", ""baseline_type"": ""region_mean"", ""baseline_value"": -0.7298470139503479, ""freq"": 0.1819373316181646, ""delta_mean"": -0.861662745475769, ""direction"": ""decrease"", ""score"": 0.15676862066664315}, {""factor_id"": 37, ""factor_label"": ""climate_bio1"", ""factor_kind"": ""climate_feature"", ""baseline_type"": ""region_mean"", ""baseline_value"": -0.7298470139503479, ""freq"": 0.08274071017693746, ""delta_mean"": 0.9988042712211609, ""direction"": ""increase"", ""score"": 0.08264177472859731}, {""factor_id"": 40, ""factor_label"": ""climate_bio15"", ""factor_kind"": ""climate_feature"", ""baseline_type"": ""region_mean"", ""baseline_value"": -0.7298470139503479, ""freq"": 0.054246256158831094, ""delta_mean"": -0.5654888153076172, ""direction"": ""decrease"", ""score"": 0.03067565113013093}, {""factor_id"": 19, ""factor_label"": ""ndre"", ""factor_kind"": ""aux_feature"", ""baseline_type"": ""region_mean"", ""baseline_value"": -0.7298470139503479, ""freq"": 0.0029853644329021142, ""delta_mean"": -0.8051392436027527, ""direction"": ""decrease"", ""score"": 0.002403634061385369}]",34,covgtiff_wet_g_0_5cm_1km_mean,gtiff_covariate,region_mean,-0.7298470139503479,0.6727749326472658,-0.9194074273109436,decrease,0.618554269984516
111,OC_0-5cm_1km_mean,"{""OC_0-5cm_1km_mean"": {""mean"": 1.9740663954072801, ""p50"": 1.8995863795280457, ""p95"": 2.7052065372467027}}","[{""factor_id"": 34, ""factor_label"": ""covgtiff_wet_g_0_5cm_1km_mean"", ""factor_kind"": ""gtiff_covariate"", ""baseline_type"": ""region_mean"", ""baseline_value"": -0.7074885368347168, ""freq"": 0.7478808705612829, ""delta_mean"": -0.942611575126648, ""direction"": ""decrease"", ""score"": 0.7049611654068596}, {""factor_id"": 23, ""factor_label"": ""red_green_ratio"", ""factor_kind"": ""aux_feature"", ""baseline_type"": ""region_mean"", ""baseline_value"": -0.7074885368347168, ""freq"": 0.13264604810996564, ""delta_mean"": -0.8097755312919617, ""direction"": ""decrease"", ""score"": 0.10741352408202653}, {""factor_id"": 37, ""factor_label"": ""climate_bio1"", ""factor_kind"": ""climate_feature"", ""baseline_type"": ""region_mean"", ""baseline_value"": -0.7074885368347168, ""freq"": 0.11065292096219931, ""delta_mean"": 1.0016964673995972, ""direction"": ""increase"", ""score"": 0.11084064003528188}, {""factor_id"": 19, ""factor_label"": ""ndre"", ""factor_kind"": ""aux_feature"", ""baseline_type"": ""region_mean"", ""baseline_value"": -0.7074885368347168, ""freq"": 0.004467353951890034, ""delta_mean"": -0.7082374095916748, ""direction"": ""decrease"", ""score"": 0.0031639471906157292}, {""factor_id"": 40, ""factor_label"": ""climate_bio15"", ""factor_kind"": ""climate_feature"", ""baseline_type"": ""region_mean"", ""baseline_value"": -0.7074885368347168, ""freq"": 0.0021764032073310425, ""delta_mean"": -0.5209611654281616, ""direction"": ""decrease"", ""score"": 0.0011338215513327686}]",34,covgtiff_wet_g_0_5cm_1km_mean,gtiff_covariate,region_mean,-0.7074885368347168,0.7478808705612829,-0.942611575126648,decrease,0.7049611654068596
112,OC_0-5cm_1km_mean,"{""OC_0-5cm_1km_mean"": {""mean"": 1.7988763504829037, ""p50"": 1.7256520986557007, ""p95"": 2.5070520162582395}}","[{""factor_id"": 34, ""factor_label"": ""covgtiff_wet_g_0_5cm_1km_mean"", ""factor_kind"": ""gtiff_covariate"", ""baseline_type"": ""region_mean"", ""baseline_value"": -0.8188967108726501, ""freq"": 0.6358586046051248, ""delta_mean"": -1.0065630674362183, ""direction"": ""decrease"", ""score"": 0.6400317875070478}, {""factor_id"": 40, ""factor_label"": ""climate_bio15"", ""factor_kind"": ""climate_feature"", ""baseline_type"": ""region_mean"", ""baseline_value"": -0.8188967108726501, ""freq"": 0.10954802469594051, ""delta_mean"": -0.6088109612464905, ""direction"": ""decrease"", ""score"": 0.06669403821778982}, {""factor_id"": 19, ""factor_label"": ""ndre"", ""factor_kind"": ""aux_feature"", ""baseline_type"": ""region_mean"", ""baseline_value"": -0.8188967108726501, ""freq"": 0.1050072380386771, ""delta_mean"": -0.8690416216850281, ""direction"": ""decrease"", ""score"": 0.09125566043379772}, {""factor_id"": 37, ""factor_label"": ""climate_bio1"", ""factor_kind"": ""climate_feature"", ""baseline_type"": ""region_mean"", ""baseline_value"": -0.8188967108726501, ""freq"": 0.06071291587790604, ""delta_mean"": 1.001904010772705, ""direction"": ""increase"", ""score"": 0.06082851392377991}, {""factor_id"": 23, ""factor_label"": ""red_green_ratio"", ""factor_kind"": ""aux_feature"", ""baseline_type"": ""region_mean"", ""baseline_value"": -0.8188967108726501, ""freq"": 0.059698353191542014, ""delta_mean"": -0.9710020422935486, ""direction"": ""decrease"", ""score"": 0.05796722287054888}]",34,covgtiff_wet_g_0_5cm_1km_mean,gtiff_covariate,region_mean,-0.8188967108726501,0.6358586046051248,-1.0065630674362183,decrease,0.6400317875070478
113,OC_0-5cm_1km_mean,"{""OC_0-5cm_1km_mean"": {""mean"": 1.807390951421788, ""p50"": 1.7379849553108215, ""p95"": 2.310210180282592}}","[{""factor_id"": 34, ""factor_label"": ""covgtiff_wet_g_0_5cm_1km_mean"", ""factor_kind"": ""gtiff_covariate"", ""baseline_type"": ""region_mean"", ""baseline_value"": -0.6452153921127319, ""freq"": 0.5208745874587458, ""delta_mean"": -0.8315130472183228, ""direction"": ""decrease"", ""score"": 0.4331140154364085}, {""factor_id"": 23, ""factor_label"": ""red_green_ratio"", ""factor_kind"": ""aux_feature"", ""baseline_type"": ""region_mean"", ""baseline_value"": -0.6452153921127319, ""freq"": 0.17834158415841583, ""delta_mean"": -0.7925928831100464, ""direction"": ""decrease"", ""score"": 0.14135227036653178}, {""factor_id"": 40, ""factor_label"": ""climate_bio15"", ""factor_kind"": ""climate_feature"", ""baseline_type"": ""region_mean"", ""baseline_value"": -0.6452153921127319, ""freq"": 0.13803630363036304, ""delta_mean"": -0.5805568099021912, ""direction"": ""decrease"", ""score"": 0.08013791608633382}, {""factor_id"": 37, ""factor_label"": ""climate_bio1"", ""factor_kind"": ""climate_feature"", ""baseline_type"": ""region_mean"", ""baseline_value"": -0.6452153921127319, ""freq"": 0.07553630363036304, ""delta_mean"": 0.9311447143554688, ""direction"": ""increase"", ""score"": 0.07033522986736235}, {""factor_id"": 19, ""factor_label"": ""ndre"", ""factor_kind"": ""aux_feature"", ""baseline_type"": ""region_mean"", ""baseline_value"": -0.6452153921127319, ""freq"": 0.042656765676567655, ""delta_mean"": -0.6456785798072815, ""direction"": ""decrease"", ""score"": 0.027542559881218193}]",34,covgtiff_wet_g_0_5cm_1km_mean,gtiff_covariate,region_mean,-0.6452153921127319,0.5208745874587458,-0.8315130472183228,decrease,0.4331140154364085
114,OC_0-5cm_1km_mean,"{""OC_0-5cm_1km_mean"": {""mean"": 1.929491005765365, ""p50"": 1.8680118322372437, ""p95"": 2.442098522186279}}","[{""factor_id"": 34, ""factor_label"": ""covgtiff_wet_g_0_5cm_1km_mean"", ""factor_kind"": ""gtiff_covariate"", ""baseline_type"": ""region_mean"", ""baseline_value"": -0.5348784923553467, ""freq"": 0.6921348314606741, ""delta_mean"": -0.7304792404174805, ""direction"": ""decrease"", ""score"": 0.5055901259518741}, {""factor_id"": 23, ""factor_label"": ""red_green_ratio"", ""factor_kind"": ""aux_feature"", ""baseline_type"": ""region_mean"", ""baseline_value"": -0.5348784923553467, ""freq"": 0.17827715355805243, ""delta_mean"": -0.7052183747291565, ""direction"": ""decrease"", ""score"": 0.12572432448355}, {""factor_id"": 37, ""factor_label"": ""climate_bio1"", ""factor_kind"": ""climate_feature"", ""baseline_type"": ""region_mean"", ""baseline_value"": -0.5348784923553467, ""freq"": 0.12209737827715356, ""delta_mean"": 0.8271152973175049, ""direction"": ""increase"", ""score"": 0.10098860933539573}, {""factor_id"": 39, ""factor_label"": ""climate_bio12"", ""factor_kind"": ""climate_feature"", ""baseline_type"": ""region_mean"", ""baseline_value"": -0.5348784923553467, ""freq"": 0.00299625468164794, ""delta_mean"": -0.6671780347824097, ""direction"": ""decrease"", ""score"": 0.001999035310209467}, {""factor_id"": 19, ""factor_label"": ""ndre"", ""factor_kind"": ""aux_feature"", ""baseline_type"": ""region_mean"", ""baseline_value"": -0.5348784923553467, ""freq"": 0.00299625468164794, ""delta_mean"": -0.6559634804725647, ""direction"": ""decrease"", ""score"": 0.001965433649355999}]",34,covgtiff_wet_g_0_5cm_1km_mean,gtiff_covariate,region_mean,-0.5348784923553467,0.6921348314606741,-0.7304792404174805,decrease,0.5055901259518741
115,OC_0-5cm_1km_mean,"{""OC_0-5cm_1km_mean"": {""mean"": 1.641584089126084, ""p50"": 1.6475873589515686, ""p95"": 2.011005020141601}}","[{""factor_id"": 34, ""factor_label"": ""covgtiff_wet_g_0_5cm_1km_mean"", ""factor_kind"": ""gtiff_covariate"", ""baseline_type"": ""region_mean"", ""baseline_value"": -0.8632225394248962, ""freq"": 0.5470687372095823, ""delta_mean"": -0.925614058971405, ""direction"": ""decrease"", ""score"": 0.5063745143849223}, {""factor_id"": 19, ""factor_label"": ""ndre"", ""factor_kind"": ""aux_feature"", ""baseline_type"": ""region_mean"", ""baseline_value"": -0.8632225394248962, ""freq"": 0.17665824003852174, ""delta_mean"": -0.8549922704696655, ""direction"": ""decrease"", ""score"": 0.15104142974771087}, {""factor_id"": 40, ""factor_label"": ""climate_bio15"", ""factor_kind"": ""climate_feature"", ""baseline_type"": ""region_mean"", ""baseline_value"": -0.8632225394248962, ""freq"": 0.17431082219814614, ""delta_mean"": -0.647377073764801, ""direction"": ""decrease"", ""score"": 0.11284483000017237}, {""factor_id"": 39, ""factor_label"": ""climate_bio12"", ""factor_kind"": ""climate_feature"", ""baseline_type"": ""region_mean"", ""baseline_value"": -0.8632225394248962, ""freq"": 0.05994944023113037, ""delta_mean"": -0.8528755307197571, ""direction"": ""decrease"", ""score"": 0.051129410653477675}, {""factor_id"": 23, ""factor_label"": ""red_green_ratio"", ""factor_kind"": ""aux_feature"", ""baseline_type"": ""region_mean"", ""baseline_value"": -0.8632225394248962, ""freq"": 0.032382328156976045, ""delta_mean"": -1.0706360340118408, ""direction"": ""decrease"", ""score"": 0.0346696873900548}]",34,covgtiff_wet_g_0_5cm_1km_mean,gtiff_covariate,region_mean,-0.8632225394248962,0.5470687372095823,-0.925614058971405,decrease,0.5063745143849223
116,OC_0-5cm_1km_mean,"{""OC_0-5cm_1km_mean"": {""mean"": 1.8565050542235453, ""p50"": 1.8362535238265991, ""p95"": 2.386329412460327}}","[{""factor_id"": 34, ""factor_label"": ""covgtiff_wet_g_0_5cm_1km_mean"", ""factor_kind"": ""gtiff_covariate"", ""baseline_type"": ""region_mean"", ""baseline_value"": -0.674177885055542, ""freq"": 0.6682211858760826, ""delta_mean"": -0.8699748516082764, ""direction"": ""decrease"", ""score"": 0.5813356270240514}, {""factor_id"": 23, ""factor_label"": ""red_green_ratio"", ""factor_kind"": ""aux_feature"", ""baseline_type"": ""region_mean"", ""baseline_value"": -0.674177885055542, ""freq"": 0.18321119253830778, ""delta_mean"": -0.7997116446495056, ""direction"": ""decrease"", ""score"": 0.14651612410300735}, {""factor_id"": 37, ""factor_label"": ""climate_bio1"", ""factor_kind"": ""climate_feature"", ""baseline_type"": ""region_mean"", ""baseline_value"": -0.674177885055542, ""freq"": 0.08794137241838774, ""delta_mean"": 1.009962558746338, ""direction"": ""increase"", ""score"": 0.08881749350733951}, {""factor_id"": 40, ""factor_label"": ""climate_bio15"", ""factor_kind"": ""climate_feature"", ""baseline_type"": ""region_mean"", ""baseline_value"": -0.674177885055542, ""freq"": 0.05996002664890073, ""delta_mean"": -0.5772863030433655, ""direction"": ""decrease"", ""score"": 0.03461410211452558}, {""factor_id"": 44, ""factor_label"": ""terrain_slope"", ""factor_kind"": ""terrain_feature"", ""baseline_type"": ""region_mean"", ""baseline_value"": -0.674177885055542, ""freq"": 0.0006662225183211193, ""delta_mean"": -0.7946935296058655, ""direction"": ""decrease"", ""score"": 0.0005294427245875187}]",34,covgtiff_wet_g_0_5cm_1km_mean,gtiff_covariate,region_mean,-0.674177885055542,0.6682211858760826,-0.8699748516082764,decrease,0.5813356270240514
117,OC_0-5cm_1km_mean,"{""OC_0-5cm_1km_mean"": {""mean"": 1.9503758729706484, ""p50"": 1.904861330986023, ""p95"": 2.362240123748779}}","[{""factor_id"": 34, ""factor_label"": ""covgtiff_wet_g_0_5cm_1km_mean"", ""factor_kind"": ""gtiff_covariate"", ""baseline_type"": ""region_mean"", ""baseline_value"": -0.5374833345413208, ""freq"": 0.6131528046421664, ""delta_mean"": -0.7872034907341003, ""direction"": ""decrease"", ""score"": 0.48267602816771726}, {""factor_id"": 23, ""factor_label"": ""red_green_ratio"", ""factor_kind"": ""aux_feature"", ""baseline_type"": ""region_mean"", ""baseline_value"": -0.5374833345413208, ""freq"": 0.22492401215805471, ""delta_mean"": -0.8021612167358398, ""direction"": ""decrease"", ""score"": 0.180425319265812}, {""factor_id"": 37, ""factor_label"": ""climate_bio1"", ""factor_kind"": ""climate_feature"", ""baseline_type"": ""region_mean"", ""baseline_value"": -0.5374833345413208, ""freq"": 0.15473887814313347, ""delta_mean"": 0.841083824634552, ""direction"": ""increase"", ""score"": 0.1301483674482866}, {""factor_id"": 40, ""factor_label"": ""climate_bio15"", ""factor_kind"": ""climate_feature"", ""baseline_type"": ""region_mean"", ""baseline_value"": -0.5374833345413208, ""freq"": 0.00303951367781155, ""delta_mean"": -0.6212164759635925, ""direction"": ""decrease"", ""score"": 0.0018881959755732295}, {""factor_id"": 39, ""factor_label"": ""climate_bio12"", ""factor_kind"": ""climate_feature"", ""baseline_type"": ""region_mean"", ""baseline_value"": -0.5374833345413208, ""freq"": 0.0019342359767891683, ""delta_mean"": -0.6876768469810486, ""direction"": ""decrease"", ""score"": 0.0013301292978356838}]",34,covgtiff_wet_g_0_5cm_1km_mean,gtiff_covariate,region_mean,-0.5374833345413208,0.6131528046421664,-0.7872034907341003,decrease,0.48267602816771726
118,OC_0-5cm_1km_mean,"{""OC_0-5cm_1km_mean"": {""mean"": 1.8265693099493836, ""p50"": 1.7558712363243103, ""p95"": 2.384768223762512}}","[{""factor_id"": 34, ""factor_label"": ""covgtiff_wet_g_0_5cm_1km_mean"", ""factor_kind"": ""gtiff_covariate"", ""baseline_type"": ""region_mean"", ""baseline_value"": -0.7406132221221924, ""freq"": 0.7088255494505494, ""delta_mean"": -0.917102575302124, ""direction"": ""decrease"", ""score"": 0.650065736841042}, {""factor_id"": 23, ""factor_label"": ""red_green_ratio"", ""factor_kind"": ""aux_feature"", ""baseline_type"": ""region_mean"", ""baseline_value"": -0.7406132221221924, ""freq"": 0.14955357142857142, ""delta_mean"": -0.9035221934318542, ""direction"": ""decrease"", ""score"": 0.13512497089271033}, {""factor_id"": 37, ""factor_label"": ""climate_bio1"", ""factor_kind"": ""climate_feature"", ""baseline_type"": ""region_mean"", ""baseline_value"": -0.7406132221221924, ""freq"": 0.08633241758241758, ""delta_mean"": 0.9815527200698853, ""direction"": ""increase"", ""score"": 0.08473981930823116}, {""factor_id"": 40, ""factor_label"": ""climate_bio15"", ""factor_kind"": ""climate_feature"", ""baseline_type"": ""region_mean"", ""baseline_value"": -0.7406132221221924, ""freq"": 0.023626373626373626, ""delta_mean"": -0.6204756498336792, ""direction"": ""decrease"", ""score"": 0.014659589529037476}, {""factor_id"": 19, ""factor_label"": ""ndre"", ""factor_kind"": ""aux_feature"", ""baseline_type"": ""region_mean"", ""baseline_value"": -0.7406132221221924, ""freq"": 0.016929945054945054, ""delta_mean"": -0.770905077457428, ""direction"": ""decrease"", ""score"": 0.013051380603932416}]",34,covgtiff_wet_g_0_5cm_1km_mean,gtiff_covariate,region_mean,-0.7406132221221924,0.7088255494505494,-0.917102575302124,decrease,0.650065736841042
119,OC_0-5cm_1km_mean,"{""OC_0-5cm_1km_mean"": {""mean"": 1.890609607769478, ""p50"": 1.8689521551132202, ""p95"": 2.443848419189453}}","[{""factor_id"": 34, ""factor_label"": ""covgtiff_wet_g_0_5cm_1km_mean"", ""factor_kind"": ""gtiff_covariate"", ""baseline_type"": ""region_mean"", ""baseline_value"": -0.7092489004135132, ""freq"": 0.4329896907216495, ""delta_mean"": -0.8852900862693787, ""direction"": ""decrease"", ""score"": 0.38332148065272065}, {""factor_id"": 19, ""factor_label"": ""ndre"", ""factor_kind"": ""aux_feature"", ""baseline_type"": ""region_mean"", ""baseline_value"": -0.7092489004135132, ""freq"": 0.15397406052544063, ""delta_mean"": -0.8290266990661621, ""direction"": ""decrease"", ""score"": 0.1276486071392195}, {""factor_id"": 23, ""factor_label"": ""red_green_ratio"", ""factor_kind"": ""aux_feature"", ""baseline_type"": ""region_mean"", ""baseline_value"": -0.7092489004135132, ""freq"": 0.14832058530096442, ""delta_mean"": -1.1347002983093262, ""direction"": ""decrease"", ""score"": 0.16829941238641818}, {""factor_id"": 40, ""factor_label"": ""climate_bio15"", ""factor_kind"": ""climate_feature"", ""baseline_type"": ""region_mean"", ""baseline_value"": -0.7092489004135132, ""freq"": 0.10974393082806784, ""delta_mean"": -0.6717327237129211, ""direction"": ""decrease"", ""score"": 0.07371858956610042}, {""factor_id"": 37, ""factor_label"": ""climate_bio1"", ""factor_kind"": ""climate_feature"", ""baseline_type"": ""region_mean"", ""baseline_value"": -0.7092489004135132, ""freq"": 0.09178583305620219, ""delta_mean"": 1.0423061847686768, ""direction"": ""increase"", ""score"": 0.0956689414686248}]",34,covgtiff_wet_g_0_5cm_1km_mean,gtiff_covariate,region_mean,-0.7092489004135132,0.4329896907216495,-0.8852900862693787,decrease,0.38332148065272065
120,OC_0-5cm_1km_mean,"{""OC_0-5cm_1km_mean"": {""mean"": 1.8060418206693127, ""p50"": 1.7693604230880737, ""p95"": 2.233389949798584}}","[{""factor_id"": 34, ""factor_label"": ""covgtiff_wet_g_0_5cm_1km_mean"", ""factor_kind"": ""gtiff_covariate"", ""baseline_type"": ""region_mean"", ""baseline_value"": -0.6394400596618652, ""freq"": 0.5792202405640813, ""delta_mean"": -0.8087863326072693, ""direction"": ""decrease"", ""score"": 0.4684654141377236}, {""factor_id"": 23, ""factor_label"": ""red_green_ratio"", ""factor_kind"": ""aux_feature"", ""baseline_type"": ""region_mean"", ""baseline_value"": -0.6394400596618652, ""freq"": 0.22708419742845293, ""delta_mean"": -0.7165443897247314, ""direction"": ""decrease"", ""score"": 0.16271590766250124}, {""factor_id"": 40, ""factor_label"": ""climate_bio15"", ""factor_kind"": ""climate_feature"", ""baseline_type"": ""region_mean"", ""baseline_value"": -0.6394400596618652, ""freq"": 0.09456656988801328, ""delta_mean"": -0.5797727108001709, ""direction"": ""decrease"", ""score"": 0.05482711657504727}, {""factor_id"": 37, ""factor_label"": ""climate_bio1"", ""factor_kind"": ""climate_feature"", ""baseline_type"": ""region_mean"", ""baseline_value"": -0.6394400596618652, ""freq"": 0.07237660721692243, ""delta_mean"": 0.8817088007926941, ""direction"": ""increase"", ""score"": 0.06381509155467653}, {""factor_id"": 39, ""factor_label"": ""climate_bio12"", ""factor_kind"": ""climate_feature"", ""baseline_type"": ""region_mean"", ""baseline_value"": -0.6394400596618652, ""freq"": 0.023019493985897966, ""delta_mean"": -0.6409439444541931, ""direction"": ""decrease"", ""score"": 0.014754205274661019}]",34,covgtiff_wet_g_0_5cm_1km_mean,gtiff_covariate,region_mean,-0.6394400596618652,0.5792202405640813,-0.8087863326072693,decrease,0.4684654141377236
121,OC_0-5cm_1km_mean,"{""OC_0-5cm_1km_mean"": {""mean"": 1.7978222666267236, ""p50"": 1.7667269706726074, ""p95"": 2.4697408199310305}}","[{""factor_id"": 34, ""factor_label"": ""covgtiff_wet_g_0_5cm_1km_mean"", ""factor_kind"": ""gtiff_covariate"", ""baseline_type"": ""region_mean"", ""baseline_value"": -0.8436489701271057, ""freq"": 0.5860747365059087, ""delta_mean"": -1.0278229713439941, ""direction"": ""decrease"", ""score"": 0.6023810771051515}, {""factor_id"": 19, ""factor_label"": ""ndre"", ""factor_kind"": ""aux_feature"", ""baseline_type"": ""region_mean"", ""baseline_value"": -0.8436489701271057, ""freq"": 0.17135100606834877, ""delta_mean"": -0.8374234437942505, ""direction"": ""decrease"", ""score"": 0.14349334959936613}, {""factor_id"": 40, ""factor_label"": ""climate_bio15"", ""factor_kind"": ""climate_feature"", ""baseline_type"": ""region_mean"", ""baseline_value"": -0.8436489701271057, ""freq"": 0.11545832002555094, ""delta_mean"": -0.5317912697792053, ""direction"": ""decrease"", ""score"": 0.061399726612961586}, {""factor_id"": 39, ""factor_label"": ""climate_bio12"", ""factor_kind"": ""climate_feature"", ""baseline_type"": ""region_mean"", ""baseline_value"": -0.8436489701271057, ""freq"": 0.07162248482912807, ""delta_mean"": -0.7279524207115173, ""direction"": ""decrease"", ""score"": 0.052137761208737705}, {""factor_id"": 37, ""factor_label"": ""climate_bio1"", ""factor_kind"": ""climate_feature"", ""baseline_type"": ""region_mean"", ""baseline_value"": -0.8436489701271057, ""freq"": 0.034094538486106676, ""delta_mean"": 0.9586320519447327, ""direction"": ""increase"", ""score"": 0.0326841173890451}]",34,covgtiff_wet_g_0_5cm_1km_mean,gtiff_covariate,region_mean,-0.8436489701271057,0.5860747365059087,-1.0278229713439941,decrease,0.6023810771051515
122,OC_0-5cm_1km_mean,"{""OC_0-5cm_1km_mean"": {""mean"": 1.9436159370877837, ""p50"": 1.9179741144180298, ""p95"": 2.3315897703170774}}","[{""factor_id"": 34, ""factor_label"": ""covgtiff_wet_g_0_5cm_1km_mean"", ""factor_kind"": ""gtiff_covariate"", ""baseline_type"": ""region_mean"", ""baseline_value"": -0.5048745274543762, ""freq"": 0.42061765985210964, ""delta_mean"": -0.7722504734992981, ""direction"": ""decrease"", ""score"": 0.3248221869829584}, {""factor_id"": 23, ""factor_label"": ""red_green_ratio"", ""factor_kind"": ""aux_feature"", ""baseline_type"": ""region_mean"", ""baseline_value"": -0.5048745274543762, ""freq"": 0.331013484123532, ""delta_mean"": -0.7280914783477783, ""direction"": ""decrease"", ""score"": 0.24100809700855125}, {""factor_id"": 37, ""factor_label"": ""climate_bio1"", ""factor_kind"": ""climate_feature"", ""baseline_type"": ""region_mean"", ""baseline_value"": -0.5048745274543762, ""freq"": 0.15311004784688995, ""delta_mean"": 0.7969174981117249, ""direction"": ""increase"", ""score"": 0.12201607626591002}, {""factor_id"": 39, ""factor_label"": ""climate_bio12"", ""factor_kind"": ""climate_feature"", ""baseline_type"": ""region_mean"", ""baseline_value"": -0.5048745274543762, ""freq"": 0.06959547629404089, ""delta_mean"": -0.6482890844345093, ""direction"": ""decrease"", ""score"": 0.04511798760744736}, {""factor_id"": 40, ""factor_label"": ""climate_bio15"", ""factor_kind"": ""climate_feature"", ""baseline_type"": ""region_mean"", ""baseline_value"": -0.5048745274543762, ""freq"": 0.02566333188342758, ""delta_mean"": -0.6212090849876404, ""direction"": ""decrease"", ""score"": 0.015942294917038184}]",34,covgtiff_wet_g_0_5cm_1km_mean,gtiff_covariate,region_mean,-0.5048745274543762,0.42061765985210964,-0.7722504734992981,decrease,0.3248221869829584
123,OC_0-5cm_1km_mean,"{""OC_0-5cm_1km_mean"": {""mean"": 1.9725734808228232, ""p50"": 1.8986756205558777, ""p95"": 2.6290164589881884}}","[{""factor_id"": 34, ""factor_label"": ""covgtiff_wet_g_0_5cm_1km_mean"", ""factor_kind"": ""gtiff_covariate"", ""baseline_type"": ""region_mean"", ""baseline_value"": -0.4535503089427948, ""freq"": 0.5548885077186964, ""delta_mean"": -0.8251485228538513, ""direction"": ""decrease"", ""score"": 0.45786543249266015}, {""factor_id"": 23, ""factor_label"": ""red_green_ratio"", ""factor_kind"": ""aux_feature"", ""baseline_type"": ""region_mean"", ""baseline_value"": -0.4535503089427948, ""freq"": 0.23156089193825044, ""delta_mean"": -0.8031606078147888, ""direction"": ""decrease"", ""score"": 0.18598058671525985}, {""factor_id"": 37, ""factor_label"": ""climate_bio1"", ""factor_kind"": ""climate_feature"", ""baseline_type"": ""region_mean"", ""baseline_value"": -0.4535503089427948, ""freq"": 0.20518867924528303, ""delta_mean"": 0.9538384079933167, ""direction"": ""increase"", ""score"": 0.19571684314957205}, {""factor_id"": 40, ""factor_label"": ""climate_bio15"", ""factor_kind"": ""climate_feature"", ""baseline_type"": ""region_mean"", ""baseline_value"": -0.4535503089427948, ""freq"": 0.00686106346483705, ""delta_mean"": -0.6480727195739746, ""direction"": ""decrease"", ""score"": 0.004446468058826584}, {""factor_id"": 39, ""factor_label"": ""climate_bio12"", ""factor_kind"": ""climate_feature"", ""baseline_type"": ""region_mean"", ""baseline_value"": -0.4535503089427948, ""freq"": 0.0008576329331046312, ""delta_mean"": -0.7113398313522339, ""direction"": ""decrease"", ""score"": 0.00061006846599677}]",34,covgtiff_wet_g_0_5cm_1km_mean,gtiff_covariate,region_mean,-0.4535503089427948,0.5548885077186964,-0.8251485228538513,decrease,0.45786543249266015
124,OC_0-5cm_1km_mean,"{""OC_0-5cm_1km_mean"": {""mean"": 1.9048716296879982, ""p50"": 1.8587664365768433, ""p95"": 2.476289367675781}}","[{""factor_id"": 34, ""factor_label"": ""covgtiff_wet_g_0_5cm_1km_mean"", ""factor_kind"": ""gtiff_covariate"", ""baseline_type"": ""region_mean"", ""baseline_value"": -0.5923130512237549, ""freq"": 0.6375321336760925, ""delta_mean"": -0.8678945302963257, ""direction"": ""decrease"", ""score"": 0.5533106517056267}, {""factor_id"": 23, ""factor_label"": ""red_green_ratio"", ""factor_kind"": ""aux_feature"", ""baseline_type"": ""region_mean"", ""baseline_value"": -0.5923130512237549, ""freq"": 0.16452442159383032, ""delta_mean"": -0.7958087921142578, ""direction"": ""decrease"", ""score"": 0.130929981221883}, {""factor_id"": 37, ""factor_label"": ""climate_bio1"", ""factor_kind"": ""climate_feature"", ""baseline_type"": ""region_mean"", ""baseline_value"": -0.5923130512237549, ""freq"": 0.13676092544987148, ""delta_mean"": 0.9731519818305969, ""direction"": ""increase"", ""score"": 0.13308916563852896}, {""factor_id"": 40, ""factor_label"": ""climate_bio15"", ""factor_kind"": ""climate_feature"", ""baseline_type"": ""region_mean"", ""baseline_value"": -0.5923130512237549, ""freq"": 0.05398457583547558, ""delta_mean"": -0.6609175205230713, ""direction"": ""decrease"", ""score"": 0.03567935200767223}, {""factor_id"": 39, ""factor_label"": ""climate_bio12"", ""factor_kind"": ""climate_feature"", ""baseline_type"": ""region_mean"", ""baseline_value"": -0.5923130512237549, ""freq"": 0.0035989717223650387, ""delta_mean"": -0.697823166847229, ""direction"": ""decrease"", ""score"": 0.0025114458446943975}]",34,covgtiff_wet_g_0_5cm_1km_mean,gtiff_covariate,region_mean,-0.5923130512237549,0.6375321336760925,-0.8678945302963257,decrease,0.5533106517056267
125,OC_0-5cm_1km_mean,"{""OC_0-5cm_1km_mean"": {""mean"": 1.8673780115566523, ""p50"": 1.813154697418213, ""p95"": 2.3000644803047168}}","[{""factor_id"": 34, ""factor_label"": ""covgtiff_wet_g_0_5cm_1km_mean"", ""factor_kind"": ""gtiff_covariate"", ""baseline_type"": ""region_mean"", ""baseline_value"": -0.585681676864624, ""freq"": 0.5359085963003264, ""delta_mean"": -0.7538033723831177, ""direction"": ""decrease"", ""score"": 0.4039697071802888}, {""factor_id"": 40, ""factor_label"": ""climate_bio15"", ""factor_kind"": ""climate_feature"", ""baseline_type"": ""region_mean"", ""baseline_value"": -0.585681676864624, ""freq"": 0.19640914036996734, ""delta_mean"": -0.6456300616264343, ""direction"": ""decrease"", ""score"": 0.12680764540105702}, {""factor_id"": 23, ""factor_label"": ""red_green_ratio"", ""factor_kind"": ""aux_feature"", ""baseline_type"": ""region_mean"", ""baseline_value"": -0.585681676864624, ""freq"": 0.09738846572361262, ""delta_mean"": -0.8198287487030029, ""direction"": ""decrease"", ""score"": 0.07984186399229462}, {""factor_id"": 37, ""factor_label"": ""climate_bio1"", ""factor_kind"": ""climate_feature"", ""baseline_type"": ""region_mean"", ""baseline_value"": -0.585681676864624, ""freq"": 0.09303590859630033, ""delta_mean"": 0.9016136527061462, ""direction"": ""increase"", ""score"": 0.08388244538234549}, {""factor_id"": 44, ""factor_label"": ""terrain_slope"", ""factor_kind"": ""terrain_feature"", ""baseline_type"": ""region_mean"", ""baseline_value"": -0.585681676864624, ""freq"": 0.044069640914037, ""delta_mean"": -0.8089375495910645, ""direction"": ""decrease"", ""score"": 0.035649587332359206}]",34,covgtiff_wet_g_0_5cm_1km_mean,gtiff_covariate,region_mean,-0.585681676864624,0.5359085963003264,-0.7538033723831177,decrease,0.4039697071802888
126,OC_0-5cm_1km_mean,"{""OC_0-5cm_1km_mean"": {""mean"": 1.9177938167367032, ""p50"": 1.8504257202148438, ""p95"": 2.550512361526489}}","[{""factor_id"": 34, ""factor_label"": ""covgtiff_wet_g_0_5cm_1km_mean"", ""factor_kind"": ""gtiff_covariate"", ""baseline_type"": ""region_mean"", ""baseline_value"": -0.762843906879425, ""freq"": 0.7055795758698785, ""delta_mean"": -1.036882758140564, ""direction"": ""decrease"", ""score"": 0.731603296715609}, {""factor_id"": 23, ""factor_label"": ""red_green_ratio"", ""factor_kind"": ""aux_feature"", ""baseline_type"": ""region_mean"", ""baseline_value"": -0.762843906879425, ""freq"": 0.15112209182623018, ""delta_mean"": -0.9371444582939148, ""direction"": ""decrease"", ""score"": 0.14162323088073572}, {""factor_id"": 37, ""factor_label"": ""climate_bio1"", ""factor_kind"": ""climate_feature"", ""baseline_type"": ""region_mean"", ""baseline_value"": -0.762843906879425, ""freq"": 0.11962116532839201, ""delta_mean"": 1.0638046264648438, ""direction"": ""increase"", ""score"": 0.12725354909945938}, {""factor_id"": 40, ""factor_label"": ""climate_bio15"", ""factor_kind"": ""climate_feature"", ""baseline_type"": ""region_mean"", ""baseline_value"": -0.762843906879425, ""freq"": 0.01626518427012559, ""delta_mean"": -0.679214596748352, ""direction"": ""decrease"", ""score"": 0.011047550575070992}, {""factor_id"": 39, ""factor_label"": ""climate_bio12"", ""factor_kind"": ""climate_feature"", ""baseline_type"": ""region_mean"", ""baseline_value"": -0.762843906879425, ""freq"": 0.006588429071443277, ""delta_mean"": -0.7854769825935364, ""direction"": ""decrease"", ""score"": 0.0051750593870688}]",34,covgtiff_wet_g_0_5cm_1km_mean,gtiff_covariate,region_mean,-0.762843906879425,0.7055795758698785,-1.036882758140564,decrease,0.731603296715609
127,OC_0-5cm_1km_mean,"{""OC_0-5cm_1km_mean"": {""mean"": 1.8841634587815113, ""p50"": 1.8539785146713257, ""p95"": 2.2164073944091793}}","[{""factor_id"": 34, ""factor_label"": ""covgtiff_wet_g_0_5cm_1km_mean"", ""factor_kind"": ""gtiff_covariate"", ""baseline_type"": ""region_mean"", ""baseline_value"": -0.692294180393219, ""freq"": 0.5541153596889177, ""delta_mean"": -0.8176394701004028, ""direction"": ""decrease"", ""score"": 0.45306658907054076}, {""factor_id"": 23, ""factor_label"": ""red_green_ratio"", ""factor_kind"": ""aux_feature"", ""baseline_type"": ""region_mean"", ""baseline_value"": -0.692294180393219, ""freq"": 0.1847051198963059, ""delta_mean"": -0.8252213597297668, ""direction"": ""decrease"", ""score"": 0.15242261018987915}, {""factor_id"": 40, ""factor_label"": ""climate_bio15"", ""factor_kind"": ""climate_feature"", ""baseline_type"": ""region_mean"", ""baseline_value"": -0.692294180393219, ""freq"": 0.10952689565780946, ""delta_mean"": -0.674271285533905, ""direction"": ""decrease"", ""score"": 0.07385084073572906}, {""factor_id"": 44, ""factor_label"": ""terrain_slope"", ""factor_kind"": ""terrain_feature"", ""baseline_type"": ""region_mean"", ""baseline_value"": -0.692294180393219, ""freq"": 0.08360337005832794, ""delta_mean"": -0.7957803606987, ""direction"": ""decrease"", ""score"": 0.0665299199806431}, {""factor_id"": 37, ""factor_label"": ""climate_bio1"", ""factor_kind"": ""climate_feature"", ""baseline_type"": ""region_mean"", ""baseline_value"": -0.692294180393219, ""freq"": 0.06416072585871678, ""delta_mean"": 0.884619951248169, ""direction"": ""increase"", ""score"": 0.05675785818118517}]",34,covgtiff_wet_g_0_5cm_1km_mean,gtiff_covariate,region_mean,-0.692294180393219,0.5541153596889177,-0.8176394701004028,decrease,0.45306658907054076
128,OC_0-5cm_1km_mean,"{""OC_0-5cm_1km_mean"": {""mean"": 1.7780588099978885, ""p50"": 1.7330501079559326, ""p95"": 2.1573142409324646}}","[{""factor_id"": 34, ""factor_label"": ""covgtiff_wet_g_0_5cm_1km_mean"", ""factor_kind"": ""gtiff_covariate"", ""baseline_type"": ""region_mean"", ""baseline_value"": -0.6802805662155151, ""freq"": 0.7326188952868415, ""delta_mean"": -0.7972516417503357, ""direction"": ""decrease"", ""score"": 0.5840816170447517}, {""factor_id"": 40, ""factor_label"": ""climate_bio15"", ""factor_kind"": ""climate_feature"", ""baseline_type"": ""region_mean"", ""baseline_value"": -0.6802805662155151, ""freq"": 0.12060140754958414, ""delta_mean"": -0.6418794989585876, ""direction"": ""decrease"", ""score"": 0.07741157105162749}, {""factor_id"": 23, ""factor_label"": ""red_green_ratio"", ""factor_kind"": ""aux_feature"", ""baseline_type"": ""region_mean"", ""baseline_value"": -0.6802805662155151, ""freq"": 0.07480272979313286, ""delta_mean"": -0.7802836298942566, ""direction"": ""decrease"", ""score"": 0.05836734552898496}, {""factor_id"": 37, ""factor_label"": ""climate_bio1"", ""factor_kind"": ""climate_feature"", ""baseline_type"": ""region_mean"", ""baseline_value"": -0.6802805662155151, ""freq"": 0.05694177863083813, ""delta_mean"": 0.8968364596366882, ""direction"": ""increase"", ""score"": 0.0510674631526969}, {""factor_id"": 44, ""factor_label"": ""terrain_slope"", ""factor_kind"": ""terrain_feature"", ""baseline_type"": ""region_mean"", ""baseline_value"": -0.6802805662155151, ""freq"": 0.010449989336745574, ""delta_mean"": -0.8054066300392151, ""direction"": ""decrease"", ""score"": 0.008416490695653984}]",34,covgtiff_wet_g_0_5cm_1km_mean,gtiff_covariate,region_mean,-0.6802805662155151,0.7326188952868415,-0.7972516417503357,decrease,0.5840816170447517
129,OC_0-5cm_1km_mean,"{""OC_0-5cm_1km_mean"": {""mean"": 1.9375633807634614, ""p50"": 1.885360598564148, ""p95"": 2.4308063983917236}}","[{""factor_id"": 34, ""factor_label"": ""covgtiff_wet_g_0_5cm_1km_mean"", ""factor_kind"": ""gtiff_covariate"", ""baseline_type"": ""region_mean"", ""baseline_value"": -0.43382319808006287, ""freq"": 0.6478611283323, ""delta_mean"": -0.7687069177627563, ""direction"": ""decrease"", ""score"": 0.4980153310986239}, {""factor_id"": 37, ""factor_label"": ""climate_bio1"", ""factor_kind"": ""climate_feature"", ""baseline_type"": ""region_mean"", ""baseline_value"": -0.43382319808006287, ""freq"": 0.19900805951642903, ""delta_mean"": 0.8932133913040161, ""direction"": ""increase"", ""score"": 0.17775666373750104}, {""factor_id"": 23, ""factor_label"": ""red_green_ratio"", ""factor_kind"": ""aux_feature"", ""baseline_type"": ""region_mean"", ""baseline_value"": -0.43382319808006287, ""freq"": 0.11903285802851829, ""delta_mean"": -0.7792876362800598, ""direction"": ""decrease"", ""score"": 0.09276083457270395}, {""factor_id"": 40, ""factor_label"": ""climate_bio15"", ""factor_kind"": ""climate_feature"", ""baseline_type"": ""region_mean"", ""baseline_value"": -0.43382319808006287, ""freq"": 0.019838809671419714, ""delta_mean"": -0.588179886341095, ""direction"": ""decrease"", ""score"": 0.011668788817678263}, {""factor_id"": 39, ""factor_label"": ""climate_bio12"", ""factor_kind"": ""climate_feature"", ""baseline_type"": ""region_mean"", ""baseline_value"": -0.43382319808006287, ""freq"": 0.009299442033477991, ""delta_mean"": -0.6220390200614929, ""direction"": ""decrease"", ""score"": 0.005784615809623307}]",34,covgtiff_wet_g_0_5cm_1km_mean,gtiff_covariate,region_mean,-0.43382319808006287,0.6478611283323,-0.7687069177627563,decrease,0.4980153310986239
130,OC_0-5cm_1km_mean,"{""OC_0-5cm_1km_mean"": {""mean"": 1.9867230540726621, ""p50"": 1.9801489114761353, ""p95"": 2.160927581787109}}","[{""factor_id"": 25, ""factor_label"": ""red_edge_diff"", ""factor_kind"": ""aux_feature"", ""baseline_type"": ""region_mean"", ""baseline_value"": -0.24048767983913422, ""freq"": 0.6036823935558113, ""delta_mean"": -0.5114759802818298, ""direction"": ""decrease"", ""score"": 0.30876904402284}, {""factor_id"": 43, ""factor_label"": ""terrain_relief"", ""factor_kind"": ""terrain_feature"", ""baseline_type"": ""region_mean"", ""baseline_value"": -0.24048767983913422, ""freq"": 0.14108170310701956, ""delta_mean"": 0.41700175404548645, ""direction"": ""increase"", ""score"": 0.05883131765935171}, {""factor_id"": 37, ""factor_label"": ""climate_bio1"", ""factor_kind"": ""climate_feature"", ""baseline_type"": ""region_mean"", ""baseline_value"": -0.24048767983913422, ""freq"": 0.13210586881472958, ""delta_mean"": 0.4945288598537445, ""direction"": ""increase"", ""score"": 0.06533016468493656}, {""factor_id"": 40, ""factor_label"": ""climate_bio15"", ""factor_kind"": ""climate_feature"", ""baseline_type"": ""region_mean"", ""baseline_value"": -0.24048767983913422, ""freq"": 0.07502876869965477, ""delta_mean"": -0.4328784644603729, ""direction"": ""decrease"", ""score"": 0.03247833818505905}, {""factor_id"": 19, ""factor_label"": ""ndre"", ""factor_kind"": ""aux_feature"", ""baseline_type"": ""region_mean"", ""baseline_value"": -0.24048767983913422, ""freq"": 0.03452243958573072, ""delta_mean"": -0.5001879334449768, ""direction"": ""decrease"", ""score"": 0.01726770771386571}]",25,red_edge_diff,aux_feature,region_mean,-0.24048767983913422,0.6036823935558113,-0.5114759802818298,decrease,0.30876904402284
131,OC_0-5cm_1km_mean,"{""OC_0-5cm_1km_mean"": {""mean"": 1.6615140088399252, ""p50"": 1.6218279004096985, ""p95"": 1.9621439576148985}}","[{""factor_id"": 23, ""factor_label"": ""red_green_ratio"", ""factor_kind"": ""aux_feature"", ""baseline_type"": ""region_mean"", ""baseline_value"": -0.8183648586273193, ""freq"": 0.752, ""delta_mean"": -0.8506332635879517, ""direction"": ""decrease"", ""score"": 0.6396762142181397}, {""factor_id"": 40, ""factor_label"": ""climate_bio15"", ""factor_kind"": ""climate_feature"", ""baseline_type"": ""region_mean"", ""baseline_value"": -0.8183648586273193, ""freq"": 0.12355555555555556, ""delta_mean"": -0.690872073173523, ""direction"": ""decrease"", ""score"": 0.08536108281877305}, {""factor_id"": 39, ""factor_label"": ""climate_bio12"", ""factor_kind"": ""climate_feature"", ""baseline_type"": ""region_mean"", ""baseline_value"": -0.8183648586273193, ""freq"": 0.0951111111111111, ""delta_mean"": -0.8441217541694641, ""direction"": ""decrease"", ""score"": 0.08028535795211791}, {""factor_id"": 34, ""factor_label"": ""covgtiff_wet_g_0_5cm_1km_mean"", ""factor_kind"": ""gtiff_covariate"", ""baseline_type"": ""region_mean"", ""baseline_value"": -0.8183648586273193, ""freq"": 0.021777777777777778, ""delta_mean"": -0.7462448477745056, ""direction"": ""decrease"", ""score"": 0.01625155446264479}, {""factor_id"": 37, ""factor_label"": ""climate_bio1"", ""factor_kind"": ""climate_feature"", ""baseline_type"": ""region_mean"", ""baseline_value"": -0.8183648586273193, ""freq"": 0.0057777777777777775, ""delta_mean"": 0.7721334099769592, ""direction"": ""increase"", ""score"": 0.004461215257644653}]",23,red_green_ratio,aux_feature,region_mean,-0.8183648586273193,0.752,-0.8506332635879517,decrease,0.6396762142181397
132,OC_0-5cm_1km_mean,"{""OC_0-5cm_1km_mean"": {""mean"": 1.9018201936588448, ""p50"": 1.901915431022644, ""p95"": 2.000481116771698}}","[{""factor_id"": 19, ""factor_label"": ""ndre"", ""factor_kind"": ""aux_feature"", ""baseline_type"": ""region_mean"", ""baseline_value"": -0.5047732591629028, ""freq"": 0.5302806499261448, ""delta_mean"": -0.5422173738479614, ""direction"": ""decrease"", ""score"": 0.2875273814053444}, {""factor_id"": 43, ""factor_label"": ""terrain_relief"", ""factor_kind"": ""terrain_feature"", ""baseline_type"": ""region_mean"", ""baseline_value"": -0.5047732591629028, ""freq"": 0.2621861152141802, ""delta_mean"": -0.5737723112106323, ""direction"": ""decrease"", ""score"": 0.1504351332937773}, {""factor_id"": 40, ""factor_label"": ""climate_bio15"", ""factor_kind"": ""climate_feature"", ""baseline_type"": ""region_mean"", ""baseline_value"": -0.5047732591629028, ""freq"": 0.17552929591334318, ""delta_mean"": -0.41125598549842834, ""direction"": ""decrease"", ""score"": 0.0721874735746872}, {""factor_id"": 37, ""factor_label"": ""climate_bio1"", ""factor_kind"": ""climate_feature"", ""baseline_type"": ""region_mean"", ""baseline_value"": -0.5047732591629028, ""freq"": 0.023387493845396356, ""delta_mean"": 0.3972618877887726, ""direction"": ""increase"", ""score"": 0.009290959955670457}, {""factor_id"": 39, ""factor_label"": ""climate_bio12"", ""factor_kind"": ""climate_feature"", ""baseline_type"": ""region_mean"", ""baseline_value"": -0.5047732591629028, ""freq"": 0.007877892663712457, ""delta_mean"": -0.48094090819358826, ""direction"": ""decrease"", ""score"": 0.0037888008523374755}]",19,ndre,aux_feature,region_mean,-0.5047732591629028,0.5302806499261448,-0.5422173738479614,decrease,0.2875273814053444
133,OC_0-5cm_1km_mean,"{""OC_0-5cm_1km_mean"": {""mean"": 1.4388936111518928, ""p50"": 1.429070234298706, ""p95"": 1.538763242959976}}","[{""factor_id"": 23, ""factor_label"": ""red_green_ratio"", ""factor_kind"": ""aux_feature"", ""baseline_type"": ""region_mean"", ""baseline_value"": -0.9341608881950378, ""freq"": 0.7621621621621621, ""delta_mean"": -0.9507013559341431, ""direction"": ""decrease"", ""score"": 0.7245886010092658}, {""factor_id"": 40, ""factor_label"": ""climate_bio15"", ""factor_kind"": ""climate_feature"", ""baseline_type"": ""region_mean"", ""baseline_value"": -0.9341608881950378, ""freq"": 0.12072072072072072, ""delta_mean"": -0.7685371041297913, ""direction"": ""decrease"", ""score"": 0.09277835311116399}, {""factor_id"": 39, ""factor_label"": ""climate_bio12"", ""factor_kind"": ""climate_feature"", ""baseline_type"": ""region_mean"", ""baseline_value"": -0.9341608881950378, ""freq"": 0.11711711711711711, ""delta_mean"": -0.9972409605979919, ""direction"": ""decrease"", ""score"": 0.11679398637634139}]",23,red_green_ratio,aux_feature,region_mean,-0.9341608881950378,0.7621621621621621,-0.9507013559341431,decrease,0.7245886010092658
134,OC_0-5cm_1km_mean,"{""OC_0-5cm_1km_mean"": {""mean"": 1.7566700769453933, ""p50"": 1.73331618309021, ""p95"": 2.032960045337677}}","[{""factor_id"": 23, ""factor_label"": ""red_green_ratio"", ""factor_kind"": ""aux_feature"", ""baseline_type"": ""region_mean"", ""baseline_value"": -0.643427848815918, ""freq"": 0.7381443298969073, ""delta_mean"": -0.7080565094947815, ""direction"": ""decrease"", ""score"": 0.5226478977301686}, {""factor_id"": 40, ""factor_label"": ""climate_bio15"", ""factor_kind"": ""climate_feature"", ""baseline_type"": ""region_mean"", ""baseline_value"": -0.643427848815918, ""freq"": 0.15, ""delta_mean"": -0.5803205966949463, ""direction"": ""decrease"", ""score"": 0.08704808950424194}, {""factor_id"": 37, ""factor_label"": ""climate_bio1"", ""factor_kind"": ""climate_feature"", ""baseline_type"": ""region_mean"", ""baseline_value"": -0.643427848815918, ""freq"": 0.032474226804123714, ""delta_mean"": 0.7349249124526978, ""direction"": ""increase"", ""score"": 0.023866118290989672}, {""factor_id"": 25, ""factor_label"": ""red_edge_diff"", ""factor_kind"": ""aux_feature"", ""baseline_type"": ""region_mean"", ""baseline_value"": -0.643427848815918, ""freq"": 0.028350515463917526, ""delta_mean"": -0.6355189085006714, ""direction"": ""decrease"", ""score"": 0.01801728864306027}, {""factor_id"": 39, ""factor_label"": ""climate_bio12"", ""factor_kind"": ""climate_feature"", ""baseline_type"": ""region_mean"", ""baseline_value"": -0.643427848815918, ""freq"": 0.024742268041237112, ""delta_mean"": -0.7122721076011658, ""direction"": ""decrease"", ""score"": 0.017623227404564925}]",23,red_green_ratio,aux_feature,region_mean,-0.643427848815918,0.7381443298969073,-0.7080565094947815,decrease,0.5226478977301686
135,OC_0-5cm_1km_mean,"{""OC_0-5cm_1km_mean"": {""mean"": 1.313011360168457, ""p50"": 1.3093958497047424, ""p95"": 1.3651887118816375}}","[{""factor_id"": 23, ""factor_label"": ""red_green_ratio"", ""factor_kind"": ""aux_feature"", ""baseline_type"": ""region_mean"", ""baseline_value"": -0.8852570652961731, ""freq"": 0.8817307692307692, ""delta_mean"": -0.9036368727684021, ""direction"": ""decrease"", ""score"": 0.79676443493137}, {""factor_id"": 40, ""factor_label"": ""climate_bio15"", ""factor_kind"": ""climate_feature"", ""baseline_type"": ""region_mean"", ""baseline_value"": -0.8852570652961731, ""freq"": 0.07788461538461539, ""delta_mean"": -0.6646007895469666, ""direction"": ""decrease"", ""score"": 0.051762176878177205}, {""factor_id"": 39, ""factor_label"": ""climate_bio12"", ""factor_kind"": ""climate_feature"", ""baseline_type"": ""region_mean"", ""baseline_value"": -0.8852570652961731, ""freq"": 0.04038461538461539, ""delta_mean"": -0.9095160961151123, ""direction"": ""decrease"", ""score"": 0.03673045772772569}]",23,red_green_ratio,aux_feature,region_mean,-0.8852570652961731,0.8817307692307692,-0.9036368727684021,decrease,0.79676443493137
136,OC_0-5cm_1km_mean,"{""OC_0-5cm_1km_mean"": {""mean"": 1.3753561764806757, ""p50"": 1.3661183714866638, ""p95"": 1.459103524684906}}","[{""factor_id"": 23, ""factor_label"": ""red_green_ratio"", ""factor_kind"": ""aux_feature"", ""baseline_type"": ""region_mean"", ""baseline_value"": -0.8897426724433899, ""freq"": 0.7940931780366056, ""delta_mean"": -0.9159041047096252, ""direction"": ""decrease"", ""score"": 0.7273132012856384}, {""factor_id"": 39, ""factor_label"": ""climate_bio12"", ""factor_kind"": ""climate_feature"", ""baseline_type"": ""region_mean"", ""baseline_value"": -0.8897426724433899, ""freq"": 0.13394342762063227, ""delta_mean"": -0.8552448749542236, ""direction"": ""decrease"", ""score"": 0.11455443000634775}, {""factor_id"": 40, ""factor_label"": ""climate_bio15"", ""factor_kind"": ""climate_feature"", ""baseline_type"": ""region_mean"", ""baseline_value"": -0.8897426724433899, ""freq"": 0.07196339434276207, ""delta_mean"": -0.6652700901031494, ""direction"": ""decrease"", ""score"": 0.047875093838537795}]",23,red_green_ratio,aux_feature,region_mean,-0.8897426724433899,0.7940931780366056,-0.9159041047096252,decrease,0.7273132012856384
137,OC_0-5cm_1km_mean,"{""OC_0-5cm_1km_mean"": {""mean"": 1.4746919506257907, ""p50"": 1.4737104177474976, ""p95"": 1.623921489715576}}","[{""factor_id"": 19, ""factor_label"": ""ndre"", ""factor_kind"": ""aux_feature"", ""baseline_type"": ""region_mean"", ""baseline_value"": -0.6848567724227905, ""freq"": 0.6175298804780877, ""delta_mean"": -0.7316588759422302, ""direction"": ""decrease"", ""score"": 0.4518212182113374}, {""factor_id"": 43, ""factor_label"": ""terrain_relief"", ""factor_kind"": ""terrain_feature"", ""baseline_type"": ""region_mean"", ""baseline_value"": -0.6848567724227905, ""freq"": 0.19176626826029217, ""delta_mean"": -0.65181964635849, ""direction"": ""decrease"", ""score"": 0.12499702116091096}, {""factor_id"": 39, ""factor_label"": ""climate_bio12"", ""factor_kind"": ""climate_feature"", ""baseline_type"": ""region_mean"", ""baseline_value"": -0.6848567724227905, ""freq"": 0.12828685258964143, ""delta_mean"": -0.5929559469223022, ""direction"": ""decrease"", ""score"": 0.07606845215497264}, {""factor_id"": 40, ""factor_label"": ""climate_bio15"", ""factor_kind"": ""climate_feature"", ""baseline_type"": ""region_mean"", ""baseline_value"": -0.6848567724227905, ""freq"": 0.06135458167330677, ""delta_mean"": -0.5229248404502869, ""direction"": ""decrease"", ""score"": 0.03208383483240804}, {""factor_id"": 37, ""factor_label"": ""climate_bio1"", ""factor_kind"": ""climate_feature"", ""baseline_type"": ""region_mean"", ""baseline_value"": -0.6848567724227905, ""freq"": 0.0005312084993359894, ""delta_mean"": 0.5624058246612549, ""direction"": ""increase"", ""score"": 0.0002987547541361248}]",19,ndre,aux_feature,region_mean,-0.6848567724227905,0.6175298804780877,-0.7316588759422302,decrease,0.4518212182113374
138,OC_0-5cm_1km_mean,"{""OC_0-5cm_1km_mean"": {""mean"": 1.3479185667117881, ""p50"": 1.2599836587905884, ""p95"": 1.7916092872619622}}","[{""factor_id"": 23, ""factor_label"": ""red_green_ratio"", ""factor_kind"": ""aux_feature"", ""baseline_type"": ""region_mean"", ""baseline_value"": -0.8630797266960144, ""freq"": 0.41620111731843573, ""delta_mean"": -0.8336764574050903, ""direction"": ""decrease"", ""score"": 0.3469770730540739}, {""factor_id"": 34, ""factor_label"": ""covgtiff_wet_g_0_5cm_1km_mean"", ""factor_kind"": ""gtiff_covariate"", ""baseline_type"": ""region_mean"", ""baseline_value"": -0.8630797266960144, ""freq"": 0.28538175046554937, ""delta_mean"": -1.0840997695922852, ""direction"": ""decrease"", ""score"": 0.30938228992554506}, {""factor_id"": 40, ""factor_label"": ""climate_bio15"", ""factor_kind"": ""climate_feature"", ""baseline_type"": ""region_mean"", ""baseline_value"": -0.8630797266960144, ""freq"": 0.19366852886405958, ""delta_mean"": -0.6496623158454895, ""direction"": ""decrease"", ""score"": 0.12581914496821398}, {""factor_id"": 39, ""factor_label"": ""climate_bio12"", ""factor_kind"": ""climate_feature"", ""baseline_type"": ""region_mean"", ""baseline_value"": -0.8630797266960144, ""freq"": 0.07029795158286778, ""delta_mean"": -0.8290143609046936, ""direction"": ""decrease"", ""score"": 0.05827801140438023}, {""factor_id"": 19, ""factor_label"": ""ndre"", ""factor_kind"": ""aux_feature"", ""baseline_type"": ""region_mean"", ""baseline_value"": -0.8630797266960144, ""freq"": 0.01722532588454376, ""delta_mean"": -1.0177081823349, ""direction"": ""decrease"", ""score"": 0.01753035509608533}]",23,red_green_ratio,aux_feature,region_mean,-0.8630797266960144,0.41620111731843573,-0.8336764574050903,decrease,0.3469770730540739
139,OC_0-5cm_1km_mean,"{""OC_0-5cm_1km_mean"": {""mean"": 1.8482491956464238, ""p50"": 1.8336092829704285, ""p95"": 2.211687457561493}}","[{""factor_id"": 23, ""factor_label"": ""red_green_ratio"", ""factor_kind"": ""aux_feature"", ""baseline_type"": ""region_mean"", ""baseline_value"": -0.7139290571212769, ""freq"": 0.8060836501901141, ""delta_mean"": -0.8631346225738525, ""direction"": ""decrease"", ""score"": 0.6957587071697975}, {""factor_id"": 37, ""factor_label"": ""climate_bio1"", ""factor_kind"": ""climate_feature"", ""baseline_type"": ""region_mean"", ""baseline_value"": -0.7139290571212769, ""freq"": 0.07731305449936629, ""delta_mean"": 0.8162438273429871, ""direction"": ""increase"", ""score"": 0.06310630350813969}, {""factor_id"": 40, ""factor_label"": ""climate_bio15"", ""factor_kind"": ""climate_feature"", ""baseline_type"": ""region_mean"", ""baseline_value"": -0.7139290571212769, ""freq"": 0.07160963244613434, ""delta_mean"": -0.6086428761482239, ""direction"": ""decrease"", ""score"": 0.04358469265193238}, {""factor_id"": 44, ""factor_label"": ""terrain_slope"", ""factor_kind"": ""terrain_feature"", ""baseline_type"": ""region_mean"", ""baseline_value"": -0.7139290571212769, ""freq"": 0.014575411913814956, ""delta_mean"": -0.8163793683052063, ""direction"": ""decrease"", ""score"": 0.011899065570988432}, {""factor_id"": 34, ""factor_label"": ""covgtiff_wet_g_0_5cm_1km_mean"", ""factor_kind"": ""gtiff_covariate"", ""baseline_type"": ""region_mean"", ""baseline_value"": -0.7139290571212769, ""freq"": 0.013307984790874524, ""delta_mean"": -0.8673498034477234, ""direction"": ""decrease"", ""score"": 0.01154267799265031}]",23,red_green_ratio,aux_feature,region_mean,-0.7139290571212769,0.8060836501901141,-0.8631346225738525,decrease,0.6957587071697975
140,OC_0-5cm_1km_mean,"{""OC_0-5cm_1km_mean"": {""mean"": 1.7254980589145597, ""p50"": 1.714365839958191, ""p95"": 1.9016316473484038}}","[{""factor_id"": 23, ""factor_label"": ""red_green_ratio"", ""factor_kind"": ""aux_feature"", ""baseline_type"": ""region_mean"", ""baseline_value"": -0.7104976773262024, ""freq"": 0.7633495145631068, ""delta_mean"": -0.7493339776992798, ""direction"": ""decrease"", ""score"": 0.5720037281223872}, {""factor_id"": 40, ""factor_label"": ""climate_bio15"", ""factor_kind"": ""climate_feature"", ""baseline_type"": ""region_mean"", ""baseline_value"": -0.7104976773262024, ""freq"": 0.14805825242718446, ""delta_mean"": -0.5698073506355286, ""direction"": ""decrease"", ""score"": 0.0843646805552603}, {""factor_id"": 44, ""factor_label"": ""terrain_slope"", ""factor_kind"": ""terrain_feature"", ""baseline_type"": ""region_mean"", ""baseline_value"": -0.7104976773262024, ""freq"": 0.07160194174757281, ""delta_mean"": -0.7925019264221191, ""direction"": ""decrease"", ""score"": 0.05674467677051581}, {""factor_id"": 37, ""factor_label"": ""climate_bio1"", ""factor_kind"": ""climate_feature"", ""baseline_type"": ""region_mean"", ""baseline_value"": -0.7104976773262024, ""freq"": 0.00849514563106796, ""delta_mean"": 0.7979041337966919, ""direction"": ""increase"", ""score"": 0.006778311816234033}, {""factor_id"": 39, ""factor_label"": ""climate_bio12"", ""factor_kind"": ""climate_feature"", ""baseline_type"": ""region_mean"", ""baseline_value"": -0.7104976773262024, ""freq"": 0.00424757281553398, ""delta_mean"": -0.7385177612304688, ""direction"": ""decrease"", ""score"": 0.003136907966391554}]",23,red_green_ratio,aux_feature,region_mean,-0.7104976773262024,0.7633495145631068,-0.7493339776992798,decrease,0.5720037281223872
141,OC_0-5cm_1km_mean,"{""OC_0-5cm_1km_mean"": {""mean"": 1.7056005750831804, ""p50"": 1.6930029392242432, ""p95"": 2.01795539855957}}","[{""factor_id"": 23, ""factor_label"": ""red_green_ratio"", ""factor_kind"": ""aux_feature"", ""baseline_type"": ""region_mean"", ""baseline_value"": -0.7055928111076355, ""freq"": 0.6148026315789473, ""delta_mean"": -0.7679234743118286, ""direction"": ""decrease"", ""score"": 0.47212137285816036}, {""factor_id"": 40, ""factor_label"": ""climate_bio15"", ""factor_kind"": ""climate_feature"", ""baseline_type"": ""region_mean"", ""baseline_value"": -0.7055928111076355, ""freq"": 0.2019736842105263, ""delta_mean"": -0.5868356823921204, ""direction"": ""decrease"", ""score"": 0.11852536479893483}, {""factor_id"": 34, ""factor_label"": ""covgtiff_wet_g_0_5cm_1km_mean"", ""factor_kind"": ""gtiff_covariate"", ""baseline_type"": ""region_mean"", ""baseline_value"": -0.7055928111076355, ""freq"": 0.09835526315789474, ""delta_mean"": -0.7905605435371399, ""direction"": ""decrease"", ""score"": 0.0777557903018437}, {""factor_id"": 44, ""factor_label"": ""terrain_slope"", ""factor_kind"": ""terrain_feature"", ""baseline_type"": ""region_mean"", ""baseline_value"": -0.7055928111076355, ""freq"": 0.04638157894736842, ""delta_mean"": -0.8657671809196472, ""direction"": ""decrease"", ""score"": 0.04015564885186521}, {""factor_id"": 37, ""factor_label"": ""climate_bio1"", ""factor_kind"": ""climate_feature"", ""baseline_type"": ""region_mean"", ""baseline_value"": -0.7055928111076355, ""freq"": 0.02138157894736842, ""delta_mean"": 0.7231501340866089, ""direction"": ""increase"", ""score"": 0.015462091682772888}]",23,red_green_ratio,aux_feature,region_mean,-0.7055928111076355,0.6148026315789473,-0.7679234743118286,decrease,0.47212137285816036
142,OC_0-5cm_1km_mean,"{""OC_0-5cm_1km_mean"": {""mean"": 1.5371456616967656, ""p50"": 1.525905728340149, ""p95"": 1.711859631538391}}","[{""factor_id"": 23, ""factor_label"": ""red_green_ratio"", ""factor_kind"": ""aux_feature"", ""baseline_type"": ""region_mean"", ""baseline_value"": -0.8061052560806274, ""freq"": 0.6319161327897496, ""delta_mean"": -0.8196321725845337, ""direction"": ""decrease"", ""score"": 0.5179387928096791}, {""factor_id"": 40, ""factor_label"": ""climate_bio15"", ""factor_kind"": ""climate_feature"", ""baseline_type"": ""region_mean"", ""baseline_value"": -0.8061052560806274, ""freq"": 0.19277810133954573, ""delta_mean"": -0.6722405552864075, ""direction"": ""decrease"", ""score"": 0.12959325789155554}, {""factor_id"": 34, ""factor_label"": ""covgtiff_wet_g_0_5cm_1km_mean"", ""factor_kind"": ""gtiff_covariate"", ""baseline_type"": ""region_mean"", ""baseline_value"": -0.8061052560806274, ""freq"": 0.1374490390215492, ""delta_mean"": -0.9434303641319275, ""direction"": ""decrease"", ""score"": 0.1296735969336837}, {""factor_id"": 39, ""factor_label"": ""climate_bio12"", ""factor_kind"": ""climate_feature"", ""baseline_type"": ""region_mean"", ""baseline_value"": -0.8061052560806274, ""freq"": 0.019801980198019802, ""delta_mean"": -0.8190249800682068, ""direction"": ""decrease"", ""score"": 0.016218316436994194}, {""factor_id"": 44, ""factor_label"": ""terrain_slope"", ""factor_kind"": ""terrain_feature"", ""baseline_type"": ""region_mean"", ""baseline_value"": -0.8061052560806274, ""freq"": 0.009900990099009901, ""delta_mean"": -0.9304583072662354, ""direction"": ""decrease"", ""score"": 0.009212458487784509}]",23,red_green_ratio,aux_feature,region_mean,-0.8061052560806274,0.6319161327897496,-0.8196321725845337,decrease,0.5179387928096791
143,OC_0-5cm_1km_mean,"{""OC_0-5cm_1km_mean"": {""mean"": 1.627686111591297, ""p50"": 1.598684310913086, ""p95"": 2.0098049640655518}}","[{""factor_id"": 19, ""factor_label"": ""ndre"", ""factor_kind"": ""aux_feature"", ""baseline_type"": ""region_mean"", ""baseline_value"": -0.9253247380256653, ""freq"": 0.6813757300454251, ""delta_mean"": -0.9639274477958679, ""direction"": ""decrease"", ""score"": 0.6567967684527328}, {""factor_id"": 40, ""factor_label"": ""climate_bio15"", ""factor_kind"": ""climate_feature"", ""baseline_type"": ""region_mean"", ""baseline_value"": -0.9253247380256653, ""freq"": 0.12848799480856588, ""delta_mean"": -0.6462128758430481, ""direction"": ""decrease"", ""score"": 0.08303059663654999}, {""factor_id"": 39, ""factor_label"": ""climate_bio12"", ""factor_kind"": ""climate_feature"", ""baseline_type"": ""region_mean"", ""baseline_value"": -0.9253247380256653, ""freq"": 0.09085009733939, ""delta_mean"": -0.9518758654594421, ""direction"": ""decrease"", ""score"": 0.08647801503200643}, {""factor_id"": 44, ""factor_label"": ""terrain_slope"", ""factor_kind"": ""terrain_feature"", ""baseline_type"": ""region_mean"", ""baseline_value"": -0.9253247380256653, ""freq"": 0.035691109669046074, ""delta_mean"": -1.1232666969299316, ""direction"": ""decrease"", ""score"": 0.04009063486771333}, {""factor_id"": 34, ""factor_label"": ""covgtiff_wet_g_0_5cm_1km_mean"", ""factor_kind"": ""gtiff_covariate"", ""baseline_type"": ""region_mean"", ""baseline_value"": -0.9253247380256653, ""freq"": 0.03309539260220636, ""delta_mean"": -1.1665221452713013, ""direction"": ""decrease"", ""score"": 0.03860650837692172}]",19,ndre,aux_feature,region_mean,-0.9253247380256653,0.6813757300454251,-0.9639274477958679,decrease,0.6567967684527328
144,OC_0-5cm_1km_mean,"{""OC_0-5cm_1km_mean"": {""mean"": 1.6732181881628074, ""p50"": 1.614706039428711, ""p95"": 2.1338607549667357}}","[{""factor_id"": 23, ""factor_label"": ""red_green_ratio"", ""factor_kind"": ""aux_feature"", ""baseline_type"": ""region_mean"", ""baseline_value"": -0.7540374398231506, ""freq"": 0.5664610207515424, ""delta_mean"": -0.8636224865913391, ""direction"": ""decrease"", ""score"": 0.4892084752985152}, {""factor_id"": 44, ""factor_label"": ""terrain_slope"", ""factor_kind"": ""terrain_feature"", ""baseline_type"": ""region_mean"", ""baseline_value"": -0.7540374398231506, ""freq"": 0.16432978126752665, ""delta_mean"": -0.8849084377288818, ""direction"": ""decrease"", ""score"": 0.14541681001377588}, {""factor_id"": 40, ""factor_label"": ""climate_bio15"", ""factor_kind"": ""climate_feature"", ""baseline_type"": ""region_mean"", ""baseline_value"": -0.7540374398231506, ""freq"": 0.12002243409983174, ""delta_mean"": -0.6668137907981873, ""direction"": ""decrease"", ""score"": 0.08003261426293441}, {""factor_id"": 39, ""factor_label"": ""climate_bio12"", ""factor_kind"": ""climate_feature"", ""baseline_type"": ""region_mean"", ""baseline_value"": -0.7540374398231506, ""freq"": 0.054963544587773416, ""delta_mean"": -0.7926821112632751, ""direction"": ""decrease"", ""score"": 0.043568618566349394}, {""factor_id"": 37, ""factor_label"": ""climate_bio1"", ""factor_kind"": ""climate_feature"", ""baseline_type"": ""region_mean"", ""baseline_value"": -0.7540374398231506, ""freq"": 0.04879416713404375, ""delta_mean"": 0.9030628204345703, ""direction"": ""increase"", ""score"": 0.04406419819282536}]",23,red_green_ratio,aux_feature,region_mean,-0.7540374398231506,0.5664610207515424,-0.8636224865913391,decrease,0.4892084752985152
145,OC_0-5cm_1km_mean,"{""OC_0-5cm_1km_mean"": {""mean"": 1.338474565281677, ""p50"": 1.331002116203308, ""p95"": 1.4163580000400542}}","[{""factor_id"": 23, ""factor_label"": ""red_green_ratio"", ""factor_kind"": ""aux_feature"", ""baseline_type"": ""region_mean"", ""baseline_value"": -0.9264024496078491, ""freq"": 0.8651187522155264, ""delta_mean"": -0.9495294690132141, ""direction"": ""decrease"", ""score"": 0.8214557494245831}, {""factor_id"": 39, ""factor_label"": ""climate_bio12"", ""factor_kind"": ""climate_feature"", ""baseline_type"": ""region_mean"", ""baseline_value"": -0.9264024496078491, ""freq"": 0.07089684509039348, ""delta_mean"": -0.8283206224441528, ""direction"": ""decrease"", ""score"": 0.05872531885460141}, {""factor_id"": 40, ""factor_label"": ""climate_bio15"", ""factor_kind"": ""climate_feature"", ""baseline_type"": ""region_mean"", ""baseline_value"": -0.9264024496078491, ""freq"": 0.058135412974122655, ""delta_mean"": -0.7087227702140808, ""direction"": ""decrease"", ""score"": 0.04120189093055982}, {""factor_id"": 19, ""factor_label"": ""ndre"", ""factor_kind"": ""aux_feature"", ""baseline_type"": ""region_mean"", ""baseline_value"": -0.9264024496078491, ""freq"": 0.005671747607231478, ""delta_mean"": -0.8507475256919861, ""direction"": ""decrease"", ""score"": 0.004825225243201623}, {""factor_id"": 44, ""factor_label"": ""terrain_slope"", ""factor_kind"": ""terrain_feature"", ""baseline_type"": ""region_mean"", ""baseline_value"": -0.9264024496078491, ""freq"": 0.0001772421127259837, ""delta_mean"": -1.0960034132003784, ""direction"": ""decrease"", ""score"": 0.00019425796051052437}]",23,red_green_ratio,aux_feature,region_mean,-0.9264024496078491,0.8651187522155264,-0.9495294690132141,decrease,0.8214557494245831
146,OC_0-5cm_1km_mean,"{""OC_0-5cm_1km_mean"": {""mean"": 1.4940881002348152, ""p50"": 1.44767826795578, ""p95"": 1.7684324085712433}}","[{""factor_id"": 23, ""factor_label"": ""red_green_ratio"", ""factor_kind"": ""aux_feature"", ""baseline_type"": ""region_mean"", ""baseline_value"": -0.8847121000289917, ""freq"": 0.8426270136307311, ""delta_mean"": -0.9159183502197266, ""direction"": ""decrease"", ""score"": 0.7717775441752343}, {""factor_id"": 40, ""factor_label"": ""climate_bio15"", ""factor_kind"": ""climate_feature"", ""baseline_type"": ""region_mean"", ""baseline_value"": -0.8847121000289917, ""freq"": 0.12577447335811648, ""delta_mean"": -0.6968265175819397, ""direction"": ""decrease"", ""score"": 0.08764298827083876}, {""factor_id"": 39, ""factor_label"": ""climate_bio12"", ""factor_kind"": ""climate_feature"", ""baseline_type"": ""region_mean"", ""baseline_value"": -0.8847121000289917, ""freq"": 0.019206939281288724, ""delta_mean"": -0.8261638879776001, ""direction"": ""decrease"", ""score"": 0.015868079632779183}, {""factor_id"": 34, ""factor_label"": ""covgtiff_wet_g_0_5cm_1km_mean"", ""factor_kind"": ""gtiff_covariate"", ""baseline_type"": ""region_mean"", ""baseline_value"": -0.8847121000289917, ""freq"": 0.009913258983890954, ""delta_mean"": -0.8362712860107422, ""direction"": ""decrease"", ""score"": 0.008290173839016032}, {""factor_id"": 44, ""factor_label"": ""terrain_slope"", ""factor_kind"": ""terrain_feature"", ""baseline_type"": ""region_mean"", ""baseline_value"": -0.8847121000289917, ""freq"": 0.0018587360594795538, ""delta_mean"": -0.8540048003196716, ""direction"": ""decrease"", ""score"": 0.0015873695173228097}]",23,red_green_ratio,aux_feature,region_mean,-0.8847121000289917,0.8426270136307311,-0.9159183502197266,decrease,0.7717775441752343
147,OC_0-5cm_1km_mean,"{""OC_0-5cm_1km_mean"": {""mean"": 1.6959214801011193, ""p50"": 1.6684470176696777, ""p95"": 2.16131272315979}}","[{""factor_id"": 23, ""factor_label"": ""red_green_ratio"", ""factor_kind"": ""aux_feature"", ""baseline_type"": ""region_mean"", ""baseline_value"": -0.7482171654701233, ""freq"": 0.3654154635867822, ""delta_mean"": -0.9204385280609131, ""direction"": ""decrease"", ""score"": 0.33634247143451396}, {""factor_id"": 19, ""factor_label"": ""ndre"", ""factor_kind"": ""aux_feature"", ""baseline_type"": ""region_mean"", ""baseline_value"": -0.7482171654701233, ""freq"": 0.24767404555662495, ""delta_mean"": -0.8277150392532349, ""direction"": ""decrease"", ""score"": 0.2050035323399093}, {""factor_id"": 40, ""factor_label"": ""climate_bio15"", ""factor_kind"": ""climate_feature"", ""baseline_type"": ""region_mean"", ""baseline_value"": -0.7482171654701233, ""freq"": 0.12319538017324351, ""delta_mean"": -0.679347038269043, ""direction"": ""decrease"", ""score"": 0.08369241664912176}, {""factor_id"": 44, ""factor_label"": ""terrain_slope"", ""factor_kind"": ""terrain_feature"", ""baseline_type"": ""region_mean"", ""baseline_value"": -0.7482171654701233, ""freq"": 0.08950914340712224, ""delta_mean"": -0.9641697406768799, ""direction"": ""decrease"", ""score"": 0.0863020075870547}, {""factor_id"": 37, ""factor_label"": ""climate_bio1"", ""factor_kind"": ""climate_feature"", ""baseline_type"": ""region_mean"", ""baseline_value"": -0.7482171654701233, ""freq"": 0.06320179659929419, ""delta_mean"": 0.9172984957695007, ""direction"": ""increase"", ""score"": 0.057974912950462504}]",23,red_green_ratio,aux_feature,region_mean,-0.7482171654701233,0.3654154635867822,-0.9204385280609131,decrease,0.33634247143451396
148,OC_0-5cm_1km_mean,"{""OC_0-5cm_1km_mean"": {""mean"": 1.3325187681730732, ""p50"": 1.3080976605415344, ""p95"": 1.4172388076782225}}","[{""factor_id"": 23, ""factor_label"": ""red_green_ratio"", ""factor_kind"": ""aux_feature"", ""baseline_type"": ""region_mean"", ""baseline_value"": -0.9506459832191467, ""freq"": 0.7462932454695222, ""delta_mean"": -1.0020196437835693, ""direction"": ""decrease"", ""score"": 0.7478004919834546}, {""factor_id"": 40, ""factor_label"": ""climate_bio15"", ""factor_kind"": ""climate_feature"", ""baseline_type"": ""region_mean"", ""baseline_value"": -0.9506459832191467, ""freq"": 0.13344316309719934, ""delta_mean"": -0.6607099771499634, ""direction"": ""decrease"", ""score"": 0.0881672292407694}, {""factor_id"": 34, ""factor_label"": ""covgtiff_wet_g_0_5cm_1km_mean"", ""factor_kind"": ""gtiff_covariate"", ""baseline_type"": ""region_mean"", ""baseline_value"": -0.9506459832191467, ""freq"": 0.06177924217462932, ""delta_mean"": -1.0603593587875366, ""direction"": ""decrease"", ""score"": 0.06550819761866988}, {""factor_id"": 39, ""factor_label"": ""climate_bio12"", ""factor_kind"": ""climate_feature"", ""baseline_type"": ""region_mean"", ""baseline_value"": -0.9506459832191467, ""freq"": 0.05354200988467875, ""delta_mean"": -1.022165060043335, ""direction"": ""decrease"", ""score"": 0.054728771748613486}, {""factor_id"": 37, ""factor_label"": ""climate_bio1"", ""factor_kind"": ""climate_feature"", ""baseline_type"": ""region_mean"", ""baseline_value"": -0.9506459832191467, ""freq"": 0.004942339373970346, ""delta_mean"": 1.1247153282165527, ""direction"": ""increase"", ""score"": 0.005558724851152649}]",23,red_green_ratio,aux_feature,region_mean,-0.9506459832191467,0.7462932454695222,-1.0020196437835693,decrease,0.7478004919834546
149,OC_0-5cm_1km_mean,"{""OC_0-5cm_1km_mean"": {""mean"": 1.5351464060374669, ""p50"": 1.5512651801109314, ""p95"": 1.6398954570293427}}","[{""factor_id"": 19, ""factor_label"": ""ndre"", ""factor_kind"": ""aux_feature"", ""baseline_type"": ""region_mean"", ""baseline_value"": -0.8191537261009216, ""freq"": 0.8807142857142857, ""delta_mean"": -0.8522462248802185, ""direction"": ""decrease"", ""score"": 0.7505854251980781}, {""factor_id"": 40, ""factor_label"": ""climate_bio15"", ""factor_kind"": ""climate_feature"", ""baseline_type"": ""region_mean"", ""baseline_value"": -0.8191537261009216, ""freq"": 0.11571428571428571, ""delta_mean"": -0.5741338133811951, ""direction"": ""decrease"", ""score"": 0.066435484119824}, {""factor_id"": 39, ""factor_label"": ""climate_bio12"", ""factor_kind"": ""climate_feature"", ""baseline_type"": ""region_mean"", ""baseline_value"": -0.8191537261009216, ""freq"": 0.002857142857142857, ""delta_mean"": -0.5528693795204163, ""direction"": ""decrease"", ""score"": 0.0015796267986297608}, {""factor_id"": 34, ""factor_label"": ""covgtiff_wet_g_0_5cm_1km_mean"", ""factor_kind"": ""gtiff_covariate"", ""baseline_type"": ""region_mean"", ""baseline_value"": -0.8191537261009216, ""freq"": 0.0007142857142857143, ""delta_mean"": -0.7744553089141846, ""direction"": ""decrease"", ""score"": 0.0005531823635101319}]",19,ndre,aux_feature,region_mean,-0.8191537261009216,0.8807142857142857,-0.8522462248802185,decrease,0.7505854251980781
150,OC_0-5cm_1km_mean,"{""OC_0-5cm_1km_mean"": {""mean"": 1.5223813373049746, ""p50"": 1.5252948999404907, ""p95"": 1.647224462032318}}","[{""factor_id"": 19, ""factor_label"": ""ndre"", ""factor_kind"": ""aux_feature"", ""baseline_type"": ""region_mean"", ""baseline_value"": -0.619978129863739, ""freq"": 0.6806747558449245, ""delta_mean"": -0.6651777029037476, ""direction"": ""decrease"", ""score"": 0.4527696705174961}, {""factor_id"": 40, ""factor_label"": ""climate_bio15"", ""factor_kind"": ""climate_feature"", ""baseline_type"": ""region_mean"", ""baseline_value"": -0.619978129863739, ""freq"": 0.16158626812666468, ""delta_mean"": -0.5093913674354553, ""direction"": ""decrease"", ""score"": 0.08231065007983385}, {""factor_id"": 39, ""factor_label"": ""climate_bio12"", ""factor_kind"": ""climate_feature"", ""baseline_type"": ""region_mean"", ""baseline_value"": -0.619978129863739, ""freq"": 0.07783367860313702, ""delta_mean"": -0.4084295630455017, ""direction"": ""decrease"", ""score"": 0.03178957534210327}, {""factor_id"": 43, ""factor_label"": ""terrain_relief"", ""factor_kind"": ""terrain_feature"", ""baseline_type"": ""region_mean"", ""baseline_value"": -0.619978129863739, ""freq"": 0.06185261911808227, ""delta_mean"": -0.6247766017913818, ""direction"": ""decrease"", ""score"": 0.0386440691844921}, {""factor_id"": 23, ""factor_label"": ""red_green_ratio"", ""factor_kind"": ""aux_feature"", ""baseline_type"": ""region_mean"", ""baseline_value"": -0.619978129863739, ""freq"": 0.017756732761171946, ""delta_mean"": -0.8266723155975342, ""direction"": ""decrease"", ""score"": 0.01467899938912461}]",19,ndre,aux_feature,region_mean,-0.619978129863739,0.6806747558449245,-0.6651777029037476,decrease,0.4527696705174961
151,OC_0-5cm_1km_mean,"{""OC_0-5cm_1km_mean"": {""mean"": 1.4477277980280308, ""p50"": 1.4076255559921265, ""p95"": 1.675805151462555}}","[{""factor_id"": 23, ""factor_label"": ""red_green_ratio"", ""factor_kind"": ""aux_feature"", ""baseline_type"": ""region_mean"", ""baseline_value"": -0.9428716897964478, ""freq"": 0.8653846153846154, ""delta_mean"": -0.9752959609031677, ""direction"": ""decrease"", ""score"": 0.8440061200123568}, {""factor_id"": 40, ""factor_label"": ""climate_bio15"", ""factor_kind"": ""climate_feature"", ""baseline_type"": ""region_mean"", ""baseline_value"": -0.9428716897964478, ""freq"": 0.12398785425101215, ""delta_mean"": -0.7208725214004517, ""direction"": ""decrease"", ""score"": 0.08937943711695884}, {""factor_id"": 34, ""factor_label"": ""covgtiff_wet_g_0_5cm_1km_mean"", ""factor_kind"": ""gtiff_covariate"", ""baseline_type"": ""region_mean"", ""baseline_value"": -0.9428716897964478, ""freq"": 0.00708502024291498, ""delta_mean"": -0.9104021787643433, ""direction"": ""decrease"", ""score"": 0.006450217865739274}, {""factor_id"": 39, ""factor_label"": ""climate_bio12"", ""factor_kind"": ""climate_feature"", ""baseline_type"": ""region_mean"", ""baseline_value"": -0.9428716897964478, ""freq"": 0.00354251012145749, ""delta_mean"": -0.8569900393486023, ""direction"": ""decrease"", ""score"": 0.003035895888380676}]",23,red_green_ratio,aux_feature,region_mean,-0.9428716897964478,0.8653846153846154,-0.9752959609031677,decrease,0.8440061200123568
152,OC_0-5cm_1km_mean,"{""OC_0-5cm_1km_mean"": {""mean"": 1.6071773651914343, ""p50"": 1.5411314964294434, ""p95"": 2.021616578102112}}","[{""factor_id"": 23, ""factor_label"": ""red_green_ratio"", ""factor_kind"": ""aux_feature"", ""baseline_type"": ""region_mean"", ""baseline_value"": -0.7787647843360901, ""freq"": 0.4731290808638875, ""delta_mean"": -0.932231605052948, ""direction"": ""decrease"", ""score"": 0.44106588245096784}, {""factor_id"": 40, ""factor_label"": ""climate_bio15"", ""factor_kind"": ""climate_feature"", ""baseline_type"": ""region_mean"", ""baseline_value"": -0.7787647843360901, ""freq"": 0.19588146659969866, ""delta_mean"": -0.5901772379875183, ""direction"": ""decrease"", ""score"": 0.11560478293075448}, {""factor_id"": 34, ""factor_label"": ""covgtiff_wet_g_0_5cm_1km_mean"", ""factor_kind"": ""gtiff_covariate"", ""baseline_type"": ""region_mean"", ""baseline_value"": -0.7787647843360901, ""freq"": 0.16825715720743345, ""delta_mean"": -0.9083694815635681, ""direction"": ""decrease"", ""score"": 0.1528396666618761}, {""factor_id"": 19, ""factor_label"": ""ndre"", ""factor_kind"": ""aux_feature"", ""baseline_type"": ""region_mean"", ""baseline_value"": -0.7787647843360901, ""freq"": 0.08638874937217479, ""delta_mean"": -0.8926737308502197, ""direction"": ""decrease"", ""score"": 0.07711696720554385}, {""factor_id"": 37, ""factor_label"": ""climate_bio1"", ""factor_kind"": ""climate_feature"", ""baseline_type"": ""region_mean"", ""baseline_value"": -0.7787647843360901, ""freq"": 0.03465595178302361, ""delta_mean"": 1.214327335357666, ""direction"": ""increase"", ""score"": 0.042083669582962814}]",23,red_green_ratio,aux_feature,region_mean,-0.7787647843360901,0.4731290808638875,-0.932231605052948,decrease,0.44106588245096784
153,OC_0-5cm_1km_mean,"{""OC_0-5cm_1km_mean"": {""mean"": 1.7684666236427127, ""p50"": 1.752240538597107, ""p95"": 2.216769814491272}}","[{""factor_id"": 19, ""factor_label"": ""ndre"", ""factor_kind"": ""aux_feature"", ""baseline_type"": ""region_mean"", ""baseline_value"": -0.7110605835914612, ""freq"": 0.5157526254375729, ""delta_mean"": -0.7443517446517944, ""direction"": ""decrease"", ""score"": 0.3839013665532009}, {""factor_id"": 43, ""factor_label"": ""terrain_relief"", ""factor_kind"": ""terrain_feature"", ""baseline_type"": ""region_mean"", ""baseline_value"": -0.7110605835914612, ""freq"": 0.19797744068455853, ""delta_mean"": -0.8641249537467957, ""direction"": ""decrease"", ""score"": 0.17107724677445313}, {""factor_id"": 40, ""factor_label"": ""climate_bio15"", ""factor_kind"": ""climate_feature"", ""baseline_type"": ""region_mean"", ""baseline_value"": -0.7110605835914612, ""freq"": 0.16802800466744458, ""delta_mean"": -0.5859817266464233, ""direction"": ""decrease"", ""score"": 0.09846134029998245}, {""factor_id"": 44, ""factor_label"": ""terrain_slope"", ""factor_kind"": ""terrain_feature"", ""baseline_type"": ""region_mean"", ""baseline_value"": -0.7110605835914612, ""freq"": 0.0809023726176585, ""delta_mean"": -0.9507637023925781, ""direction"": ""decrease"", ""score"": 0.07691903932230892}, {""factor_id"": 37, ""factor_label"": ""climate_bio1"", ""factor_kind"": ""climate_feature"", ""baseline_type"": ""region_mean"", ""baseline_value"": -0.7110605835914612, ""freq"": 0.026837806301050177, ""delta_mean"": 0.9246065616607666, ""direction"": ""increase"", ""score"": 0.02481441180653166}]",19,ndre,aux_feature,region_mean,-0.7110605835914612,0.5157526254375729,-0.7443517446517944,decrease,0.3839013665532009
154,OC_0-5cm_1km_mean,"{""OC_0-5cm_1km_mean"": {""mean"": 1.3606059609810053, ""p50"": 1.3476436734199524, ""p95"": 1.485141396522522}}","[{""factor_id"": 23, ""factor_label"": ""red_green_ratio"", ""factor_kind"": ""aux_feature"", ""baseline_type"": ""region_mean"", ""baseline_value"": -0.8379541039466858, ""freq"": 0.8073217726396917, ""delta_mean"": -0.8705747127532959, ""direction"": ""decrease"", ""score"": 0.7028339203152812}, {""factor_id"": 40, ""factor_label"": ""climate_bio15"", ""factor_kind"": ""climate_feature"", ""baseline_type"": ""region_mean"", ""baseline_value"": -0.8379541039466858, ""freq"": 0.12716763005780346, ""delta_mean"": -0.642523467540741, ""direction"": ""decrease"", ""score"": 0.08170818662367804}, {""factor_id"": 39, ""factor_label"": ""climate_bio12"", ""factor_kind"": ""climate_feature"", ""baseline_type"": ""region_mean"", ""baseline_value"": -0.8379541039466858, ""freq"": 0.06454720616570328, ""delta_mean"": -0.8402653336524963, ""direction"": ""decrease"", ""score"": 0.05423677972516114}, {""factor_id"": 37, ""factor_label"": ""climate_bio1"", ""factor_kind"": ""climate_feature"", ""baseline_type"": ""region_mean"", ""baseline_value"": -0.8379541039466858, ""freq"": 0.0009633911368015414, ""delta_mean"": 0.8560387492179871, ""direction"": ""increase"", ""score"": 0.0008247001437552861}]",23,red_green_ratio,aux_feature,region_mean,-0.8379541039466858,0.8073217726396917,-0.8705747127532959,decrease,0.7028339203152812
155,OC_0-5cm_1km_mean,"{""OC_0-5cm_1km_mean"": {""mean"": 1.4006026644327545, ""p50"": 1.361817479133606, ""p95"": 1.6344063520431518}}","[{""factor_id"": 23, ""factor_label"": ""red_green_ratio"", ""factor_kind"": ""aux_feature"", ""baseline_type"": ""region_mean"", ""baseline_value"": -0.8886712193489075, ""freq"": 0.7745129148949673, ""delta_mean"": -0.9093198776245117, ""direction"": ""decrease"", ""score"": 0.7042799889908955}, {""factor_id"": 39, ""factor_label"": ""climate_bio12"", ""factor_kind"": ""climate_feature"", ""baseline_type"": ""region_mean"", ""baseline_value"": -0.8886712193489075, ""freq"": 0.11436187091451419, ""delta_mean"": -0.8566840291023254, ""direction"": ""decrease"", ""score"": 0.09797198835072606}, {""factor_id"": 40, ""factor_label"": ""climate_bio15"", ""factor_kind"": ""climate_feature"", ""baseline_type"": ""region_mean"", ""baseline_value"": -0.8886712193489075, ""freq"": 0.07095259249857207, ""delta_mean"": -0.7050485610961914, ""direction"": ""decrease"", ""score"": 0.05002502324716266}, {""factor_id"": 34, ""factor_label"": ""covgtiff_wet_g_0_5cm_1km_mean"", ""factor_kind"": ""gtiff_covariate"", ""baseline_type"": ""region_mean"", ""baseline_value"": -0.8886712193489075, ""freq"": 0.038586025258615216, ""delta_mean"": -0.9599071145057678, ""direction"": ""decrease"", ""score"": 0.03703900016624401}, {""factor_id"": 37, ""factor_label"": ""climate_bio1"", ""factor_kind"": ""climate_feature"", ""baseline_type"": ""region_mean"", ""baseline_value"": -0.8886712193489075, ""freq"": 0.0011423494319984769, ""delta_mean"": 0.8945384621620178, ""direction"": ""increase"", ""score"": 0.001021875504151572}]",23,red_green_ratio,aux_feature,region_mean,-0.8886712193489075,0.7745129148949673,-0.9093198776245117,decrease,0.7042799889908955
156,OC_0-5cm_1km_mean,"{""OC_0-5cm_1km_mean"": {""mean"": 1.5371732757730805, ""p50"": 1.5333999395370483, ""p95"": 1.698607176542282}}","[{""factor_id"": 19, ""factor_label"": ""ndre"", ""factor_kind"": ""aux_feature"", ""baseline_type"": ""region_mean"", ""baseline_value"": -0.7366127371788025, ""freq"": 0.6946243523316062, ""delta_mean"": -0.7933486700057983, ""direction"": ""decrease"", ""score"": 0.5510793060759189}, {""factor_id"": 40, ""factor_label"": ""climate_bio15"", ""factor_kind"": ""climate_feature"", ""baseline_type"": ""region_mean"", ""baseline_value"": -0.7366127371788025, ""freq"": 0.18037564766839378, ""delta_mean"": -0.5240079760551453, ""direction"": ""decrease"", ""score"": 0.09451827806435101}, {""factor_id"": 43, ""factor_label"": ""terrain_relief"", ""factor_kind"": ""terrain_feature"", ""baseline_type"": ""region_mean"", ""baseline_value"": -0.7366127371788025, ""freq"": 0.08516839378238342, ""delta_mean"": -0.7273021340370178, ""direction"": ""decrease"", ""score"": 0.06194315455043254}, {""factor_id"": 23, ""factor_label"": ""red_green_ratio"", ""factor_kind"": ""aux_feature"", ""baseline_type"": ""region_mean"", ""baseline_value"": -0.7366127371788025, ""freq"": 0.031411917098445596, ""delta_mean"": -0.7777519822120667, ""direction"": ""decrease"", ""score"": 0.02443068078839717}, {""factor_id"": 39, ""factor_label"": ""climate_bio12"", ""factor_kind"": ""climate_feature"", ""baseline_type"": ""region_mean"", ""baseline_value"": -0.7366127371788025, ""freq"": 0.0051813471502590676, ""delta_mean"": -0.40590110421180725, ""direction"": ""decrease"", ""score"": 0.0021031145295948564}]",19,ndre,aux_feature,region_mean,-0.7366127371788025,0.6946243523316062,-0.7933486700057983,decrease,0.5510793060759189
157,OC_0-5cm_1km_mean,"{""OC_0-5cm_1km_mean"": {""mean"": 1.5636883558320605, ""p50"": 1.5643542408943176, ""p95"": 1.664007157087326}}","[{""factor_id"": 19, ""factor_label"": ""ndre"", ""factor_kind"": ""aux_feature"", ""baseline_type"": ""region_mean"", ""baseline_value"": -0.5559144616127014, ""freq"": 0.6247933884297521, ""delta_mean"": -0.6254898905754089, ""direction"": ""decrease"", ""score"": 0.3908019481611646}, {""factor_id"": 39, ""factor_label"": ""climate_bio12"", ""factor_kind"": ""climate_feature"", ""baseline_type"": ""region_mean"", ""baseline_value"": -0.5559144616127014, ""freq"": 0.18677685950413223, ""delta_mean"": -0.40132904052734375, ""direction"": ""decrease"", ""score"": 0.07495897781750387}, {""factor_id"": 40, ""factor_label"": ""climate_bio15"", ""factor_kind"": ""climate_feature"", ""baseline_type"": ""region_mean"", ""baseline_value"": -0.5559144616127014, ""freq"": 0.14297520661157026, ""delta_mean"": -0.42967745661735535, ""direction"": ""decrease"", ""score"": 0.0614332231362004}, {""factor_id"": 43, ""factor_label"": ""terrain_relief"", ""factor_kind"": ""terrain_feature"", ""baseline_type"": ""region_mean"", ""baseline_value"": -0.5559144616127014, ""freq"": 0.04462809917355372, ""delta_mean"": -0.638148844242096, ""direction"": ""decrease"", ""score"": 0.02847936990832494}, {""factor_id"": 34, ""factor_label"": ""covgtiff_wet_g_0_5cm_1km_mean"", ""factor_kind"": ""gtiff_covariate"", ""baseline_type"": ""region_mean"", ""baseline_value"": -0.5559144616127014, ""freq"": 0.0008264462809917355, ""delta_mean"": -0.2915674149990082, ""direction"": ""decrease"", ""score"": 0.00024096480578430428}]",19,ndre,aux_feature,region_mean,-0.5559144616127014,0.6247933884297521,-0.6254898905754089,decrease,0.3908019481611646
158,OC_0-5cm_1km_mean,"{""OC_0-5cm_1km_mean"": {""mean"": 1.4699335022531328, ""p50"": 1.4650354385375977, ""p95"": 1.624505352973938}}","[{""factor_id"": 19, ""factor_label"": ""ndre"", ""factor_kind"": ""aux_feature"", ""baseline_type"": ""region_mean"", ""baseline_value"": -0.7035020589828491, ""freq"": 0.6922442244224423, ""delta_mean"": -0.7276166081428528, ""direction"": ""decrease"", ""score"": 0.5036883945807372}, {""factor_id"": 40, ""factor_label"": ""climate_bio15"", ""factor_kind"": ""climate_feature"", ""baseline_type"": ""region_mean"", ""baseline_value"": -0.7035020589828491, ""freq"": 0.21287128712871287, ""delta_mean"": -0.6136153340339661, ""direction"": ""decrease"", ""score"": 0.13062108595772545}, {""factor_id"": 39, ""factor_label"": ""climate_bio12"", ""factor_kind"": ""climate_feature"", ""baseline_type"": ""region_mean"", ""baseline_value"": -0.7035020589828491, ""freq"": 0.0891089108910891, ""delta_mean"": -0.7269547581672668, ""direction"": ""decrease"", ""score"": 0.06477814676738021}, {""factor_id"": 43, ""factor_label"": ""terrain_relief"", ""factor_kind"": ""terrain_feature"", ""baseline_type"": ""region_mean"", ""baseline_value"": -0.7035020589828491, ""freq"": 0.005775577557755775, ""delta_mean"": -0.7643294930458069, ""direction"": ""decrease"", ""score"": 0.004414444266766211}]",19,ndre,aux_feature,region_mean,-0.7035020589828491,0.6922442244224423,-0.7276166081428528,decrease,0.5036883945807372
159,OC_0-5cm_1km_mean,"{""OC_0-5cm_1km_mean"": {""mean"": 1.4789827876997796, ""p50"": 1.4312124252319336, ""p95"": 1.8252149820327759}}","[{""factor_id"": 23, ""factor_label"": ""red_green_ratio"", ""factor_kind"": ""aux_feature"", ""baseline_type"": ""region_mean"", ""baseline_value"": -0.8425360321998596, ""freq"": 0.7257438551099612, ""delta_mean"": -0.8909007906913757, ""direction"": ""decrease"", ""score"": 0.6465657743568717}, {""factor_id"": 34, ""factor_label"": ""covgtiff_wet_g_0_5cm_1km_mean"", ""factor_kind"": ""gtiff_covariate"", ""baseline_type"": ""region_mean"", ""baseline_value"": -0.8425360321998596, ""freq"": 0.1313065976714101, ""delta_mean"": -0.9159275889396667, ""direction"": ""decrease"", ""score"": 0.1202673354170455}, {""factor_id"": 40, ""factor_label"": ""climate_bio15"", ""factor_kind"": ""climate_feature"", ""baseline_type"": ""region_mean"", ""baseline_value"": -0.8425360321998596, ""freq"": 0.07891332470892626, ""delta_mean"": -0.5666388869285583, ""direction"": ""decrease"", ""score"": 0.04471535847689788}, {""factor_id"": 39, ""factor_label"": ""climate_bio12"", ""factor_kind"": ""climate_feature"", ""baseline_type"": ""region_mean"", ""baseline_value"": -0.8425360321998596, ""freq"": 0.0517464424320828, ""delta_mean"": -0.828954815864563, ""direction"": ""decrease"", ""score"": 0.042895462657933404}, {""factor_id"": 37, ""factor_label"": ""climate_bio1"", ""factor_kind"": ""climate_feature"", ""baseline_type"": ""region_mean"", ""baseline_value"": -0.8425360321998596, ""freq"": 0.012289780077619664, ""delta_mean"": 0.9689304828643799, ""direction"": ""increase"", ""score"": 0.011907942544905058}]",23,red_green_ratio,aux_feature,region_mean,-0.8425360321998596,0.7257438551099612,-0.8909007906913757,decrease,0.6465657743568717
160,OC_0-5cm_1km_mean,"{""OC_0-5cm_1km_mean"": {""mean"": 1.4012273557603827, ""p50"": 1.3720111846923828, ""p95"": 1.616067337989807}}","[{""factor_id"": 19, ""factor_label"": ""ndre"", ""factor_kind"": ""aux_feature"", ""baseline_type"": ""region_mean"", ""baseline_value"": -0.9017257690429688, ""freq"": 0.443033246171087, ""delta_mean"": -0.9188228249549866, ""direction"": ""decrease"", ""score"": 0.40706905879589617}, {""factor_id"": 40, ""factor_label"": ""climate_bio15"", ""factor_kind"": ""climate_feature"", ""baseline_type"": ""region_mean"", ""baseline_value"": -0.9017257690429688, ""freq"": 0.20171834142697048, ""delta_mean"": -0.6831924319267273, ""direction"": ""decrease"", ""score"": 0.13781244424371786}, {""factor_id"": 44, ""factor_label"": ""terrain_slope"", ""factor_kind"": ""terrain_feature"", ""baseline_type"": ""region_mean"", ""baseline_value"": -0.9017257690429688, ""freq"": 0.1751961150541651, ""delta_mean"": -1.0165438652038574, ""direction"": ""decrease"", ""score"": 0.1780945359658607}, {""factor_id"": 23, ""factor_label"": ""red_green_ratio"", ""factor_kind"": ""aux_feature"", ""baseline_type"": ""region_mean"", ""baseline_value"": -0.9017257690429688, ""freq"": 0.09413522599925289, ""delta_mean"": -1.0577162504196167, ""direction"": ""decrease"", ""score"": 0.09956835827633298}, {""factor_id"": 34, ""factor_label"": ""covgtiff_wet_g_0_5cm_1km_mean"", ""factor_kind"": ""gtiff_covariate"", ""baseline_type"": ""region_mean"", ""baseline_value"": -0.9017257690429688, ""freq"": 0.04407919312663429, ""delta_mean"": -0.9861049056053162, ""direction"": ""decrease"", ""score"": 0.04346670857729821}]",19,ndre,aux_feature,region_mean,-0.9017257690429688,0.443033246171087,-0.9188228249549866,decrease,0.40706905879589617
161,OC_0-5cm_1km_mean,"{""OC_0-5cm_1km_mean"": {""mean"": 1.3649160147377992, ""p50"": 1.3413870334625244, ""p95"": 1.5089593827724457}}","[{""factor_id"": 23, ""factor_label"": ""red_green_ratio"", ""factor_kind"": ""aux_feature"", ""baseline_type"": ""region_mean"", ""baseline_value"": -0.9360406994819641, ""freq"": 0.8447955390334573, ""delta_mean"": -0.9715265035629272, ""direction"": ""decrease"", ""score"": 0.8207412562627332}, {""factor_id"": 40, ""factor_label"": ""climate_bio15"", ""factor_kind"": ""climate_feature"", ""baseline_type"": ""region_mean"", ""baseline_value"": -0.9360406994819641, ""freq"": 0.10223048327137546, ""delta_mean"": -0.6344035863876343, ""direction"": ""decrease"", ""score"": 0.06485538522550165}, {""factor_id"": 39, ""factor_label"": ""climate_bio12"", ""factor_kind"": ""climate_feature"", ""baseline_type"": ""region_mean"", ""baseline_value"": -0.9360406994819641, ""freq"": 0.05297397769516728, ""delta_mean"": -0.9522423148155212, ""direction"": ""decrease"", ""score"": 0.050444063145431886}]",23,red_green_ratio,aux_feature,region_mean,-0.9360406994819641,0.8447955390334573,-0.9715265035629272,decrease,0.8207412562627332
162,OC_0-5cm_1km_mean,"{""OC_0-5cm_1km_mean"": {""mean"": 1.584938412867718, ""p50"": 1.6016407012939453, ""p95"": 1.8138519525527954}}","[{""factor_id"": 19, ""factor_label"": ""ndre"", ""factor_kind"": ""aux_feature"", ""baseline_type"": ""region_mean"", ""baseline_value"": -0.9317945241928101, ""freq"": 0.7086956521739131, ""delta_mean"": -0.9491137862205505, ""direction"": ""decrease"", ""score"": 0.6726328137128249}, {""factor_id"": 39, ""factor_label"": ""climate_bio12"", ""factor_kind"": ""climate_feature"", ""baseline_type"": ""region_mean"", ""baseline_value"": -0.9317945241928101, ""freq"": 0.1422360248447205, ""delta_mean"": -0.9448776841163635, ""direction"": ""decrease"", ""score"": 0.13439564575319707}, {""factor_id"": 40, ""factor_label"": ""climate_bio15"", ""factor_kind"": ""climate_feature"", ""baseline_type"": ""region_mean"", ""baseline_value"": -0.9317945241928101, ""freq"": 0.10124223602484472, ""delta_mean"": -0.7230660915374756, ""direction"": ""decrease"", ""score"": 0.07320482790099908}, {""factor_id"": 23, ""factor_label"": ""red_green_ratio"", ""factor_kind"": ""aux_feature"", ""baseline_type"": ""region_mean"", ""baseline_value"": -0.9317945241928101, ""freq"": 0.02608695652173913, ""delta_mean"": -1.1437228918075562, ""direction"": ""decrease"", ""score"": 0.029836249351501462}, {""factor_id"": 44, ""factor_label"": ""terrain_slope"", ""factor_kind"": ""terrain_feature"", ""baseline_type"": ""region_mean"", ""baseline_value"": -0.9317945241928101, ""freq"": 0.018012422360248446, ""delta_mean"": -1.0065176486968994, ""direction"": ""decrease"", ""score"": 0.018129821001372722}]",19,ndre,aux_feature,region_mean,-0.9317945241928101,0.7086956521739131,-0.9491137862205505,decrease,0.6726328137128249
163,OC_0-5cm_1km_mean,"{""OC_0-5cm_1km_mean"": {""mean"": 1.552027612834211, ""p50"": 1.5358883142471313, ""p95"": 1.7211652755737306}}","[{""factor_id"": 19, ""factor_label"": ""ndre"", ""factor_kind"": ""aux_feature"", ""baseline_type"": ""region_mean"", ""baseline_value"": -0.5860185027122498, ""freq"": 0.6664645239539114, ""delta_mean"": -0.6219956278800964, ""direction"": ""decrease"", ""score"": 0.4145380200365227}, {""factor_id"": 40, ""factor_label"": ""climate_bio15"", ""factor_kind"": ""climate_feature"", ""baseline_type"": ""region_mean"", ""baseline_value"": -0.5860185027122498, ""freq"": 0.16919345057610674, ""delta_mean"": -0.4308556914329529, ""direction"": ""decrease"", ""score"": 0.07289796113389561}, {""factor_id"": 43, ""factor_label"": ""terrain_relief"", ""factor_kind"": ""terrain_feature"", ""baseline_type"": ""region_mean"", ""baseline_value"": -0.5860185027122498, ""freq"": 0.08247422680412371, ""delta_mean"": -0.6988474726676941, ""direction"": ""decrease"", ""score"": 0.05763690496228405}, {""factor_id"": 39, ""factor_label"": ""climate_bio12"", ""factor_kind"": ""climate_feature"", ""baseline_type"": ""region_mean"", ""baseline_value"": -0.5860185027122498, ""freq"": 0.041237113402061855, ""delta_mean"": -0.4245642125606537, ""direction"": ""decrease"", ""score"": 0.01750780257982077}, {""factor_id"": 34, ""factor_label"": ""covgtiff_wet_g_0_5cm_1km_mean"", ""factor_kind"": ""gtiff_covariate"", ""baseline_type"": ""region_mean"", ""baseline_value"": -0.5860185027122498, ""freq"": 0.03456640388114009, ""delta_mean"": -0.556323766708374, ""direction"": ""decrease"", ""score"": 0.01923011200871881}]",19,ndre,aux_feature,region_mean,-0.5860185027122498,0.6664645239539114,-0.6219956278800964,decrease,0.4145380200365227
164,OC_0-5cm_1km_mean,"{""OC_0-5cm_1km_mean"": {""mean"": 1.5278932682445947, ""p50"": 1.5267047882080078, ""p95"": 1.742985701560974}}","[{""factor_id"": 19, ""factor_label"": ""ndre"", ""factor_kind"": ""aux_feature"", ""baseline_type"": ""region_mean"", ""baseline_value"": -0.6188292503356934, ""freq"": 0.5599782884023883, ""delta_mean"": -0.6796033978462219, ""direction"": ""decrease"", ""score"": 0.38056314751837467}, {""factor_id"": 34, ""factor_label"": ""covgtiff_wet_g_0_5cm_1km_mean"", ""factor_kind"": ""gtiff_covariate"", ""baseline_type"": ""region_mean"", ""baseline_value"": -0.6188292503356934, ""freq"": 0.16157047222724805, ""delta_mean"": -0.6110095381736755, ""direction"": ""decrease"", ""score"": 0.0987210996180735}, {""factor_id"": 40, ""factor_label"": ""climate_bio15"", ""factor_kind"": ""climate_feature"", ""baseline_type"": ""region_mean"", ""baseline_value"": -0.6188292503356934, ""freq"": 0.1384114347747422, ""delta_mean"": -0.46100786328315735, ""direction"": ""decrease"", ""score"": 0.06380875979945999}, {""factor_id"": 39, ""factor_label"": ""climate_bio12"", ""factor_kind"": ""climate_feature"", ""baseline_type"": ""region_mean"", ""baseline_value"": -0.6188292503356934, ""freq"": 0.09679753935227067, ""delta_mean"": -0.44346609711647034, ""direction"": ""decrease"", ""score"": 0.04292642698702943}, {""factor_id"": 23, ""factor_label"": ""red_green_ratio"", ""factor_kind"": ""aux_feature"", ""baseline_type"": ""region_mean"", ""baseline_value"": -0.6188292503356934, ""freq"": 0.02641577709426452, ""delta_mean"": -0.8422421813011169, ""direction"": ""decrease"", ""score"": 0.022248481720637432}]",19,ndre,aux_feature,region_mean,-0.6188292503356934,0.5599782884023883,-0.6796033978462219,decrease,0.38056314751837467
165,OC_0-5cm_1km_mean,"{""OC_0-5cm_1km_mean"": {""mean"": 1.496348670574598, ""p50"": 1.4117165207862854, ""p95"": 1.9963745176792145}}","[{""factor_id"": 23, ""factor_label"": ""red_green_ratio"", ""factor_kind"": ""aux_feature"", ""baseline_type"": ""region_mean"", ""baseline_value"": -0.8047048449516296, ""freq"": 0.5964298214910746, ""delta_mean"": -0.886922299861908, ""direction"": ""decrease"", ""score"": 0.5289869089830911}, {""factor_id"": 40, ""factor_label"": ""climate_bio15"", ""factor_kind"": ""climate_feature"", ""baseline_type"": ""region_mean"", ""baseline_value"": -0.8047048449516296, ""freq"": 0.13055652782639132, ""delta_mean"": -0.5916506052017212, ""direction"": ""decrease"", ""score"": 0.07724384870151978}, {""factor_id"": 34, ""factor_label"": ""covgtiff_wet_g_0_5cm_1km_mean"", ""factor_kind"": ""gtiff_covariate"", ""baseline_type"": ""region_mean"", ""baseline_value"": -0.8047048449516296, ""freq"": 0.12600630031501575, ""delta_mean"": -0.9300003051757812, ""direction"": ""decrease"", ""score"": 0.11718589774703579}, {""factor_id"": 39, ""factor_label"": ""climate_bio12"", ""factor_kind"": ""climate_feature"", ""baseline_type"": ""region_mean"", ""baseline_value"": -0.8047048449516296, ""freq"": 0.049877493874693736, ""delta_mean"": -0.7550547122955322, ""direction"": ""decrease"", ""score"": 0.03766023678757905}, {""factor_id"": 44, ""factor_label"": ""terrain_slope"", ""factor_kind"": ""terrain_feature"", ""baseline_type"": ""region_mean"", ""baseline_value"": -0.8047048449516296, ""freq"": 0.044452222611130555, ""delta_mean"": -1.0187416076660156, ""direction"": ""decrease"", ""score"": 0.04528532872719075}]",23,red_green_ratio,aux_feature,region_mean,-0.8047048449516296,0.5964298214910746,-0.886922299861908,decrease,0.5289869089830911
166,OC_0-5cm_1km_mean,"{""OC_0-5cm_1km_mean"": {""mean"": 1.6875554814009257, ""p50"": 1.6221040487289429, ""p95"": 2.2504827499389646}}","[{""factor_id"": 23, ""factor_label"": ""red_green_ratio"", ""factor_kind"": ""aux_feature"", ""baseline_type"": ""region_mean"", ""baseline_value"": -0.7522903680801392, ""freq"": 0.7110956036287509, ""delta_mean"": -0.9479206800460815, ""direction"": ""decrease"", ""score"": 0.6740622281695444}, {""factor_id"": 37, ""factor_label"": ""climate_bio1"", ""factor_kind"": ""climate_feature"", ""baseline_type"": ""region_mean"", ""baseline_value"": -0.7522903680801392, ""freq"": 0.08932309839497557, ""delta_mean"": 0.921296238899231, ""direction"": ""increase"", ""score"": 0.08229303459811693}, {""factor_id"": 40, ""factor_label"": ""climate_bio15"", ""factor_kind"": ""climate_feature"", ""baseline_type"": ""region_mean"", ""baseline_value"": -0.7522903680801392, ""freq"": 0.08164689462665736, ""delta_mean"": -0.6512629985809326, ""direction"": ""decrease"", ""score"": 0.05317360141937831}, {""factor_id"": 39, ""factor_label"": ""climate_bio12"", ""factor_kind"": ""climate_feature"", ""baseline_type"": ""region_mean"", ""baseline_value"": -0.7522903680801392, ""freq"": 0.04745289602233078, ""delta_mean"": -0.8628896474838257, ""direction"": ""decrease"", ""score"": 0.04094661272079564}, {""factor_id"": 34, ""factor_label"": ""covgtiff_wet_g_0_5cm_1km_mean"", ""factor_kind"": ""gtiff_covariate"", ""baseline_type"": ""region_mean"", ""baseline_value"": -0.7522903680801392, ""freq"": 0.03558967201674808, ""delta_mean"": -0.9387162923812866, ""direction"": ""decrease"", ""score"": 0.033408604962627785}]",23,red_green_ratio,aux_feature,region_mean,-0.7522903680801392,0.7110956036287509,-0.9479206800460815,decrease,0.6740622281695444
167,OC_0-5cm_1km_mean,"{""OC_0-5cm_1km_mean"": {""mean"": 1.613861906168516, ""p50"": 1.5997370481491089, ""p95"": 1.8105873823165894}}","[{""factor_id"": 23, ""factor_label"": ""red_green_ratio"", ""factor_kind"": ""aux_feature"", ""baseline_type"": ""region_mean"", ""baseline_value"": -0.72191321849823, ""freq"": 0.6903493191237419, ""delta_mean"": -0.7424312233924866, ""direction"": ""decrease"", ""score"": 0.5125368895652098}, {""factor_id"": 40, ""factor_label"": ""climate_bio15"", ""factor_kind"": ""climate_feature"", ""baseline_type"": ""region_mean"", ""baseline_value"": -0.72191321849823, ""freq"": 0.18294849023090587, ""delta_mean"": -0.6029362082481384, ""direction"": ""decrease"", ""score"": 0.11030626900454397}, {""factor_id"": 19, ""factor_label"": ""ndre"", ""factor_kind"": ""aux_feature"", ""baseline_type"": ""region_mean"", ""baseline_value"": -0.72191321849823, ""freq"": 0.06867969212551805, ""delta_mean"": -0.9040862917900085, ""direction"": ""decrease"", ""score"": 0.06209236817503907}, {""factor_id"": 34, ""factor_label"": ""covgtiff_wet_g_0_5cm_1km_mean"", ""factor_kind"": ""gtiff_covariate"", ""baseline_type"": ""region_mean"", ""baseline_value"": -0.72191321849823, ""freq"": 0.02545885139135583, ""delta_mean"": -0.7558515071868896, ""direction"": ""decrease"", ""score"": 0.019243111195403347}, {""factor_id"": 44, ""factor_label"": ""terrain_slope"", ""factor_kind"": ""terrain_feature"", ""baseline_type"": ""region_mean"", ""baseline_value"": -0.72191321849823, ""freq"": 0.018354055654233273, ""delta_mean"": -0.9432745575904846, ""direction"": ""decrease"", ""score"": 0.017312913727238022}]",23,red_green_ratio,aux_feature,region_mean,-0.72191321849823,0.6903493191237419,-0.7424312233924866,decrease,0.5125368895652098
168,OC_0-5cm_1km_mean,"{""OC_0-5cm_1km_mean"": {""mean"": 1.3684980158978792, ""p50"": 1.3644704818725586, ""p95"": 1.4930647969245912}}","[{""factor_id"": 23, ""factor_label"": ""red_green_ratio"", ""factor_kind"": ""aux_feature"", ""baseline_type"": ""region_mean"", ""baseline_value"": -0.9244255423545837, ""freq"": 0.8172397550635893, ""delta_mean"": -0.9512478709220886, ""direction"": ""decrease"", ""score"": 0.7773975770371285}, {""factor_id"": 39, ""factor_label"": ""climate_bio12"", ""factor_kind"": ""climate_feature"", ""baseline_type"": ""region_mean"", ""baseline_value"": -0.9244255423545837, ""freq"": 0.08666980687706076, ""delta_mean"": -0.8464637398719788, ""direction"": ""decrease"", ""score"": 0.073362848863139}, {""factor_id"": 40, ""factor_label"": ""climate_bio15"", ""factor_kind"": ""climate_feature"", ""baseline_type"": ""region_mean"", ""baseline_value"": -0.9244255423545837, ""freq"": 0.0645313235986811, ""delta_mean"": -0.6531424522399902, ""direction"": ""decrease"", ""score"": 0.04214814694153493}, {""factor_id"": 34, ""factor_label"": ""covgtiff_wet_g_0_5cm_1km_mean"", ""factor_kind"": ""gtiff_covariate"", ""baseline_type"": ""region_mean"", ""baseline_value"": -0.9244255423545837, ""freq"": 0.026848798869524258, ""delta_mean"": -0.9794060587882996, ""direction"": ""decrease"", ""score"": 0.026295876284000506}, {""factor_id"": 44, ""factor_label"": ""terrain_slope"", ""factor_kind"": ""terrain_feature"", ""baseline_type"": ""region_mean"", ""baseline_value"": -0.9244255423545837, ""freq"": 0.004710315591144607, ""delta_mean"": -1.1084524393081665, ""direction"": ""decrease"", ""score"": 0.005221160806915528}]",23,red_green_ratio,aux_feature,region_mean,-0.9244255423545837,0.8172397550635893,-0.9512478709220886,decrease,0.7773975770371285
169,OC_0-5cm_1km_mean,"{""OC_0-5cm_1km_mean"": {""mean"": 1.3960920154274283, ""p50"": 1.387635588645935, ""p95"": 1.4823271691799165}}","[{""factor_id"": 23, ""factor_label"": ""red_green_ratio"", ""factor_kind"": ""aux_feature"", ""baseline_type"": ""region_mean"", ""baseline_value"": -0.9164531826972961, ""freq"": 0.8571428571428571, ""delta_mean"": -0.9304088354110718, ""direction"": ""decrease"", ""score"": 0.7974932874952043}, {""factor_id"": 39, ""factor_label"": ""climate_bio12"", ""factor_kind"": ""climate_feature"", ""baseline_type"": ""region_mean"", ""baseline_value"": -0.9164531826972961, ""freq"": 0.08311688311688312, ""delta_mean"": -0.831224799156189, ""direction"": ""decrease"", ""score"": 0.0690888144753196}, {""factor_id"": 40, ""factor_label"": ""climate_bio15"", ""factor_kind"": ""climate_feature"", ""baseline_type"": ""region_mean"", ""baseline_value"": -0.9164531826972961, ""freq"": 0.03896103896103896, ""delta_mean"": -0.6951772570610046, ""direction"": ""decrease"", ""score"": 0.027084828197181998}, {""factor_id"": 34, ""factor_label"": ""covgtiff_wet_g_0_5cm_1km_mean"", ""factor_kind"": ""gtiff_covariate"", ""baseline_type"": ""region_mean"", ""baseline_value"": -0.9164531826972961, ""freq"": 0.015584415584415584, ""delta_mean"": -1.0881098508834839, ""direction"": ""decrease"", ""score"": 0.016957556117664686}, {""factor_id"": 44, ""factor_label"": ""terrain_slope"", ""factor_kind"": ""terrain_feature"", ""baseline_type"": ""region_mean"", ""baseline_value"": -0.9164531826972961, ""freq"": 0.005194805194805195, ""delta_mean"": -1.1220433712005615, ""direction"": ""decrease"", ""score"": 0.00582879673350941}]",23,red_green_ratio,aux_feature,region_mean,-0.9164531826972961,0.8571428571428571,-0.9304088354110718,decrease,0.7974932874952043
170,OC_0-5cm_1km_mean,"{""OC_0-5cm_1km_mean"": {""mean"": 1.4714314046044448, ""p50"": 1.4419503808021545, ""p95"": 1.6710142850875853}}","[{""factor_id"": 23, ""factor_label"": ""red_green_ratio"", ""factor_kind"": ""aux_feature"", ""baseline_type"": ""region_mean"", ""baseline_value"": -0.9227458238601685, ""freq"": 0.7466747279322854, ""delta_mean"": -0.9405210018157959, ""direction"": ""decrease"", ""score"": 0.7022632631454099}, {""factor_id"": 34, ""factor_label"": ""covgtiff_wet_g_0_5cm_1km_mean"", ""factor_kind"": ""gtiff_covariate"", ""baseline_type"": ""region_mean"", ""baseline_value"": -0.9227458238601685, ""freq"": 0.13663845223700122, ""delta_mean"": -1.0011441707611084, ""direction"": ""decrease"", ""score"": 0.1367947899588939}, {""factor_id"": 40, ""factor_label"": ""climate_bio15"", ""factor_kind"": ""climate_feature"", ""baseline_type"": ""region_mean"", ""baseline_value"": -0.9227458238601685, ""freq"": 0.09068923821039904, ""delta_mean"": -0.6775036454200745, ""direction"": ""decrease"", ""score"": 0.06144228948791486}, {""factor_id"": 44, ""factor_label"": ""terrain_slope"", ""factor_kind"": ""terrain_feature"", ""baseline_type"": ""region_mean"", ""baseline_value"": -0.9227458238601685, ""freq"": 0.018742442563482467, ""delta_mean"": -1.0510858297348022, ""direction"": ""decrease"", ""score"": 0.01969991579309484}, {""factor_id"": 19, ""factor_label"": ""ndre"", ""factor_kind"": ""aux_feature"", ""baseline_type"": ""region_mean"", ""baseline_value"": -0.9227458238601685, ""freq"": 0.0036275695284159614, ""delta_mean"": -1.0368481874465942, ""direction"": ""decrease"", ""score"": 0.003761238890374586}]",23,red_green_ratio,aux_feature,region_mean,-0.9227458238601685,0.7466747279322854,-0.9405210018157959,decrease,0.7022632631454099
171,OC_0-5cm_1km_mean,"{""OC_0-5cm_1km_mean"": {""mean"": 1.635452999148622, ""p50"": 1.6252261400222778, ""p95"": 1.819896650314331}}","[{""factor_id"": 19, ""factor_label"": ""ndre"", ""factor_kind"": ""aux_feature"", ""baseline_type"": ""region_mean"", ""baseline_value"": -0.9153658151626587, ""freq"": 0.7336846372111877, ""delta_mean"": -0.952357292175293, ""direction"": ""decrease"", ""score"": 0.6987299144050589}, {""factor_id"": 40, ""factor_label"": ""climate_bio15"", ""factor_kind"": ""climate_feature"", ""baseline_type"": ""region_mean"", ""baseline_value"": -0.9153658151626587, ""freq"": 0.11917308471828131, ""delta_mean"": -0.6985422968864441, ""direction"": ""decrease"", ""score"": 0.08324744032615101}, {""factor_id"": 43, ""factor_label"": ""terrain_relief"", ""factor_kind"": ""terrain_feature"", ""baseline_type"": ""region_mean"", ""baseline_value"": -0.9153658151626587, ""freq"": 0.1179570328334009, ""delta_mean"": -0.9823893904685974, ""direction"": ""decrease"", ""score"": 0.11587973758668904}, {""factor_id"": 44, ""factor_label"": ""terrain_slope"", ""factor_kind"": ""terrain_feature"", ""baseline_type"": ""region_mean"", ""baseline_value"": -0.9153658151626587, ""freq"": 0.013781921361978111, ""delta_mean"": -0.9342736005783081, ""direction"": ""decrease"", ""score"": 0.01287608529374239}, {""factor_id"": 34, ""factor_label"": ""covgtiff_wet_g_0_5cm_1km_mean"", ""factor_kind"": ""gtiff_covariate"", ""baseline_type"": ""region_mean"", ""baseline_value"": -0.9153658151626587, ""freq"": 0.006080259424402107, ""delta_mean"": -1.0250740051269531, ""direction"": ""decrease"", ""score"": 0.006232715880382771}]",19,ndre,aux_feature,region_mean,-0.9153658151626587,0.7336846372111877,-0.952357292175293,decrease,0.6987299144050589
172,OC_0-5cm_1km_mean,"{""OC_0-5cm_1km_mean"": {""mean"": 1.2876403612098666, ""p50"": 1.2791476249694824, ""p95"": 1.3484894275665282}}","[{""factor_id"": 23, ""factor_label"": ""red_green_ratio"", ""factor_kind"": ""aux_feature"", ""baseline_type"": ""region_mean"", ""baseline_value"": -0.7403091788291931, ""freq"": 0.7705503931379557, ""delta_mean"": -0.7676209807395935, ""direction"": ""decrease"", ""score"": 0.5914906484898369}, {""factor_id"": 40, ""factor_label"": ""climate_bio15"", ""factor_kind"": ""climate_feature"", ""baseline_type"": ""region_mean"", ""baseline_value"": -0.7403091788291931, ""freq"": 0.1837026447462473, ""delta_mean"": -0.6067162752151489, ""direction"": ""decrease"", ""score"": 0.11145538436761492}, {""factor_id"": 39, ""factor_label"": ""climate_bio12"", ""factor_kind"": ""climate_feature"", ""baseline_type"": ""region_mean"", ""baseline_value"": -0.7403091788291931, ""freq"": 0.023588277340957826, ""delta_mean"": -0.7475458383560181, ""direction"": ""decrease"", ""score"": 0.017633318560220584}, {""factor_id"": 34, ""factor_label"": ""covgtiff_wet_g_0_5cm_1km_mean"", ""factor_kind"": ""gtiff_covariate"", ""baseline_type"": ""region_mean"", ""baseline_value"": -0.7403091788291931, ""freq"": 0.02215868477483917, ""delta_mean"": -0.8903883695602417, ""direction"": ""decrease"", ""score"": 0.0197298352082684}]",23,red_green_ratio,aux_feature,region_mean,-0.7403091788291931,0.7705503931379557,-0.7676209807395935,decrease,0.5914906484898369
173,OC_0-5cm_1km_mean,"{""OC_0-5cm_1km_mean"": {""mean"": 1.536148893692749, ""p50"": 1.4613552689552307, ""p95"": 1.996673822402954}}","[{""factor_id"": 23, ""factor_label"": ""red_green_ratio"", ""factor_kind"": ""aux_feature"", ""baseline_type"": ""region_mean"", ""baseline_value"": -0.894510805606842, ""freq"": 0.5215547703180212, ""delta_mean"": -0.9964589476585388, ""direction"": ""decrease"", ""score"": 0.5197079175773863}, {""factor_id"": 40, ""factor_label"": ""climate_bio15"", ""factor_kind"": ""climate_feature"", ""baseline_type"": ""region_mean"", ""baseline_value"": -0.894510805606842, ""freq"": 0.14817432273262662, ""delta_mean"": -0.699923038482666, ""direction"": ""decrease"", ""score"": 0.1037106221921312}, {""factor_id"": 34, ""factor_label"": ""covgtiff_wet_g_0_5cm_1km_mean"", ""factor_kind"": ""gtiff_covariate"", ""baseline_type"": ""region_mean"", ""baseline_value"": -0.894510805606842, ""freq"": 0.12108362779740872, ""delta_mean"": -1.008777379989624, ""direction"": ""decrease"", ""score"": 0.12214642480910878}, {""factor_id"": 44, ""factor_label"": ""terrain_slope"", ""factor_kind"": ""terrain_feature"", ""baseline_type"": ""region_mean"", ""baseline_value"": -0.894510805606842, ""freq"": 0.09199057714958775, ""delta_mean"": -1.0190227031707764, ""direction"": ""decrease"", ""score"": 0.09374048659321275}, {""factor_id"": 19, ""factor_label"": ""ndre"", ""factor_kind"": ""aux_feature"", ""baseline_type"": ""region_mean"", ""baseline_value"": -0.894510805606842, ""freq"": 0.0636042402826855, ""delta_mean"": -0.9711472392082214, ""direction"": ""decrease"", ""score"": 0.06176908235246638}]",23,red_green_ratio,aux_feature,region_mean,-0.894510805606842,0.5215547703180212,-0.9964589476585388,decrease,0.5197079175773863
174,OC_0-5cm_1km_mean,"{""OC_0-5cm_1km_mean"": {""mean"": 1.705964058826071, ""p50"": 1.7041740417480469, ""p95"": 1.9686483740806577}}","[{""factor_id"": 23, ""factor_label"": ""red_green_ratio"", ""factor_kind"": ""aux_feature"", ""baseline_type"": ""region_mean"", ""baseline_value"": -0.6633545756340027, ""freq"": 0.35411020776874436, ""delta_mean"": -0.7525737285614014, ""direction"": ""decrease"", ""score"": 0.2664940393821765}, {""factor_id"": 19, ""factor_label"": ""ndre"", ""factor_kind"": ""aux_feature"", ""baseline_type"": ""region_mean"", ""baseline_value"": -0.6633545756340027, ""freq"": 0.25971093044263777, ""delta_mean"": -0.6848206520080566, ""direction"": ""decrease"", ""score"": 0.17785540871934624}, {""factor_id"": 43, ""factor_label"": ""terrain_relief"", ""factor_kind"": ""terrain_feature"", ""baseline_type"": ""region_mean"", ""baseline_value"": -0.6633545756340027, ""freq"": 0.18834688346883469, ""delta_mean"": -0.7434467673301697, ""direction"": ""decrease"", ""score"": 0.14002588165161733}, {""factor_id"": 40, ""factor_label"": ""climate_bio15"", ""factor_kind"": ""climate_feature"", ""baseline_type"": ""region_mean"", ""baseline_value"": -0.6633545756340027, ""freq"": 0.0998193315266486, ""delta_mean"": -0.44922900199890137, ""direction"": ""decrease"", ""score"": 0.04484173868191382}, {""factor_id"": 39, ""factor_label"": ""climate_bio12"", ""factor_kind"": ""climate_feature"", ""baseline_type"": ""region_mean"", ""baseline_value"": -0.6633545756340027, ""freq"": 0.04155374887082204, ""delta_mean"": -0.4246448874473572, ""direction"": ""decrease"", ""score"": 0.01764558701226597}]",23,red_green_ratio,aux_feature,region_mean,-0.6633545756340027,0.35411020776874436,-0.7525737285614014,decrease,0.2664940393821765
175,OC_0-5cm_1km_mean,"{""OC_0-5cm_1km_mean"": {""mean"": 1.841509141877555, ""p50"": 1.7923858165740967, ""p95"": 2.6127822041511535}}","[{""factor_id"": 23, ""factor_label"": ""red_green_ratio"", ""factor_kind"": ""aux_feature"", ""baseline_type"": ""region_mean"", ""baseline_value"": -0.8160092830657959, ""freq"": 0.4166666666666667, ""delta_mean"": -1.1751606464385986, ""direction"": ""decrease"", ""score"": 0.48965026934941613}, {""factor_id"": 44, ""factor_label"": ""terrain_slope"", ""factor_kind"": ""terrain_feature"", ""baseline_type"": ""region_mean"", ""baseline_value"": -0.8160092830657959, ""freq"": 0.13267543859649122, ""delta_mean"": -1.0776736736297607, ""direction"": ""decrease"", ""score"": 0.14298082731272044}, {""factor_id"": 37, ""factor_label"": ""climate_bio1"", ""factor_kind"": ""climate_feature"", ""baseline_type"": ""region_mean"", ""baseline_value"": -0.8160092830657959, ""freq"": 0.12664473684210525, ""delta_mean"": 1.16978919506073, ""direction"": ""increase"", ""score"": 0.14814764476920428}, {""factor_id"": 19, ""factor_label"": ""ndre"", ""factor_kind"": ""aux_feature"", ""baseline_type"": ""region_mean"", ""baseline_value"": -0.8160092830657959, ""freq"": 0.11458333333333333, ""delta_mean"": -1.0834004878997803, ""direction"": ""decrease"", ""score"": 0.12413963923851648}, {""factor_id"": 34, ""factor_label"": ""covgtiff_wet_g_0_5cm_1km_mean"", ""factor_kind"": ""gtiff_covariate"", ""baseline_type"": ""region_mean"", ""baseline_value"": -0.8160092830657959, ""freq"": 0.09155701754385964, ""delta_mean"": -1.1501983404159546, ""direction"": ""decrease"", ""score"": 0.1053087296323818}]",23,red_green_ratio,aux_feature,region_mean,-0.8160092830657959,0.4166666666666667,-1.1751606464385986,decrease,0.48965026934941613
176,OC_0-5cm_1km_mean,"{""OC_0-5cm_1km_mean"": {""mean"": 1.403120036614247, ""p50"": 1.394000768661499, ""p95"": 1.4681430101394652}}","[{""factor_id"": 23, ""factor_label"": ""red_green_ratio"", ""factor_kind"": ""aux_feature"", ""baseline_type"": ""region_mean"", ""baseline_value"": -0.8490744829177856, ""freq"": 0.8363247863247864, ""delta_mean"": -0.8663021922111511, ""direction"": ""decrease"", ""score"": 0.7245099957936849}, {""factor_id"": 40, ""factor_label"": ""climate_bio15"", ""factor_kind"": ""climate_feature"", ""baseline_type"": ""region_mean"", ""baseline_value"": -0.8490744829177856, ""freq"": 0.15427350427350428, ""delta_mean"": -0.7501164674758911, ""direction"": ""decrease"", ""score"": 0.11572309605076782}, {""factor_id"": 34, ""factor_label"": ""covgtiff_wet_g_0_5cm_1km_mean"", ""factor_kind"": ""gtiff_covariate"", ""baseline_type"": ""region_mean"", ""baseline_value"": -0.8490744829177856, ""freq"": 0.005982905982905983, ""delta_mean"": -0.992599368095398, ""direction"": ""decrease"", ""score"": 0.005938628698006655}, {""factor_id"": 39, ""factor_label"": ""climate_bio12"", ""factor_kind"": ""climate_feature"", ""baseline_type"": ""region_mean"", ""baseline_value"": -0.8490744829177856, ""freq"": 0.003418803418803419, ""delta_mean"": -0.8490810394287109, ""direction"": ""decrease"", ""score"": 0.0029028411604400373}]",23,red_green_ratio,aux_feature,region_mean,-0.8490744829177856,0.8363247863247864,-0.8663021922111511,decrease,0.7245099957936849
177,OC_0-5cm_1km_mean,"{""OC_0-5cm_1km_mean"": {""mean"": 1.4304173209559983, ""p50"": 1.4170175790786743, ""p95"": 1.5491100192070006}}","[{""factor_id"": 23, ""factor_label"": ""red_green_ratio"", ""factor_kind"": ""aux_feature"", ""baseline_type"": ""region_mean"", ""baseline_value"": -0.8305143713951111, ""freq"": 0.7842344618494189, ""delta_mean"": -0.8564760684967041, ""direction"": ""decrease"", ""score"": 0.6716780486644188}, {""factor_id"": 40, ""factor_label"": ""climate_bio15"", ""factor_kind"": ""climate_feature"", ""baseline_type"": ""region_mean"", ""baseline_value"": -0.8305143713951111, ""freq"": 0.17584638706417383, ""delta_mean"": -0.6916184425354004, ""direction"": ""decrease"", ""score"": 0.12161860434680108}, {""factor_id"": 34, ""factor_label"": ""covgtiff_wet_g_0_5cm_1km_mean"", ""factor_kind"": ""gtiff_covariate"", ""baseline_type"": ""region_mean"", ""baseline_value"": -0.8305143713951111, ""freq"": 0.029307731177362305, ""delta_mean"": -0.9308127760887146, ""direction"": ""decrease"", ""score"": 0.02728001061806238}, {""factor_id"": 44, ""factor_label"": ""terrain_slope"", ""factor_kind"": ""terrain_feature"", ""baseline_type"": ""region_mean"", ""baseline_value"": -0.8305143713951111, ""freq"": 0.007074279939363315, ""delta_mean"": -1.0952520370483398, ""direction"": ""decrease"", ""score"": 0.007748119514237877}, {""factor_id"": 19, ""factor_label"": ""ndre"", ""factor_kind"": ""aux_feature"", ""baseline_type"": ""region_mean"", ""baseline_value"": -0.8305143713951111, ""freq"": 0.0015159171298635675, ""delta_mean"": -0.9284114241600037, ""direction"": ""decrease"", ""score"": 0.0014073947814451798}]",23,red_green_ratio,aux_feature,region_mean,-0.8305143713951111,0.7842344618494189,-0.8564760684967041,decrease,0.6716780486644188
178,OC_0-5cm_1km_mean,"{""OC_0-5cm_1km_mean"": {""mean"": 1.391353948893212, ""p50"": 1.3565236330032349, ""p95"": 1.5933256328105923}}","[{""factor_id"": 23, ""factor_label"": ""red_green_ratio"", ""factor_kind"": ""aux_feature"", ""baseline_type"": ""region_mean"", ""baseline_value"": -0.8459590673446655, ""freq"": 0.761509715994021, ""delta_mean"": -0.8612657189369202, ""direction"": ""decrease"", ""score"": 0.6558622130230404}, {""factor_id"": 34, ""factor_label"": ""covgtiff_wet_g_0_5cm_1km_mean"", ""factor_kind"": ""gtiff_covariate"", ""baseline_type"": ""region_mean"", ""baseline_value"": -0.8459590673446655, ""freq"": 0.09835575485799701, ""delta_mean"": -0.8969926238059998, ""direction"": ""decrease"", ""score"": 0.08822438661649444}, {""factor_id"": 40, ""factor_label"": ""climate_bio15"", ""factor_kind"": ""climate_feature"", ""baseline_type"": ""region_mean"", ""baseline_value"": -0.8459590673446655, ""freq"": 0.0952914798206278, ""delta_mean"": -0.7001356482505798, ""direction"": ""decrease"", ""score"": 0.06671696199697229}, {""factor_id"": 39, ""factor_label"": ""climate_bio12"", ""factor_kind"": ""climate_feature"", ""baseline_type"": ""region_mean"", ""baseline_value"": -0.8459590673446655, ""freq"": 0.033707025411061284, ""delta_mean"": -0.7243127822875977, ""direction"": ""decrease"", ""score"": 0.024414429358124552}, {""factor_id"": 44, ""factor_label"": ""terrain_slope"", ""factor_kind"": ""terrain_feature"", ""baseline_type"": ""region_mean"", ""baseline_value"": -0.8459590673446655, ""freq"": 0.010014947683109118, ""delta_mean"": -1.0887722969055176, ""direction"": ""decrease"", ""score"": 0.010903997592327306}]",23,red_green_ratio,aux_feature,region_mean,-0.8459590673446655,0.761509715994021,-0.8612657189369202,decrease,0.6558622130230404
179,OC_0-5cm_1km_mean,"{""OC_0-5cm_1km_mean"": {""mean"": 1.4685693597872975, ""p50"": 1.4369048476219177, ""p95"": 1.6643115401268005}}","[{""factor_id"": 23, ""factor_label"": ""red_green_ratio"", ""factor_kind"": ""aux_feature"", ""baseline_type"": ""region_mean"", ""baseline_value"": -0.8128877282142639, ""freq"": 0.6607992388201712, ""delta_mean"": -0.8600624203681946, ""direction"": ""decrease"", ""score"": 0.5683285927171371}, {""factor_id"": 40, ""factor_label"": ""climate_bio15"", ""factor_kind"": ""climate_feature"", ""baseline_type"": ""region_mean"", ""baseline_value"": -0.8128877282142639, ""freq"": 0.17673644148430068, ""delta_mean"": -0.6500375270843506, ""direction"": ""decrease"", ""score"": 0.11488531936814285}, {""factor_id"": 34, ""factor_label"": ""covgtiff_wet_g_0_5cm_1km_mean"", ""factor_kind"": ""gtiff_covariate"", ""baseline_type"": ""region_mean"", ""baseline_value"": -0.8128877282142639, ""freq"": 0.14343482397716462, ""delta_mean"": -0.8320053219795227, ""direction"": ""decrease"", ""score"": 0.11933853690619702}, {""factor_id"": 19, ""factor_label"": ""ndre"", ""factor_kind"": ""aux_feature"", ""baseline_type"": ""region_mean"", ""baseline_value"": -0.8128877282142639, ""freq"": 0.014272121788772598, ""delta_mean"": -0.8226034045219421, ""direction"": ""decrease"", ""score"": 0.01174029597319613}, {""factor_id"": 37, ""factor_label"": ""climate_bio1"", ""factor_kind"": ""climate_feature"", ""baseline_type"": ""region_mean"", ""baseline_value"": -0.8128877282142639, ""freq"": 0.003092293054234063, ""delta_mean"": 0.9117676019668579, ""direction"": ""increase"", ""score"": 0.002819452622637762}]",23,red_green_ratio,aux_feature,region_mean,-0.8128877282142639,0.6607992388201712,-0.8600624203681946,decrease,0.5683285927171371
180,OC_0-5cm_1km_mean,"{""OC_0-5cm_1km_mean"": {""mean"": 1.530242391873819, ""p50"": 1.451026439666748, ""p95"": 2.0031795978546136}}","[{""factor_id"": 23, ""factor_label"": ""red_green_ratio"", ""factor_kind"": ""aux_feature"", ""baseline_type"": ""region_mean"", ""baseline_value"": -0.8515151739120483, ""freq"": 0.655932796639832, ""delta_mean"": -0.9245166778564453, ""direction"": ""decrease"", ""score"": 0.6064208100465448}, {""factor_id"": 40, ""factor_label"": ""climate_bio15"", ""factor_kind"": ""climate_feature"", ""baseline_type"": ""region_mean"", ""baseline_value"": -0.8515151739120483, ""freq"": 0.12273947030684867, ""delta_mean"": -0.7027087211608887, ""direction"": ""decrease"", ""score"": 0.0862500962152905}, {""factor_id"": 34, ""factor_label"": ""covgtiff_wet_g_0_5cm_1km_mean"", ""factor_kind"": ""gtiff_covariate"", ""baseline_type"": ""region_mean"", ""baseline_value"": -0.8515151739120483, ""freq"": 0.11900595029751487, ""delta_mean"": -1.0051307678222656, ""direction"": ""decrease"", ""score"": 0.1196165421979595}, {""factor_id"": 39, ""factor_label"": ""climate_bio12"", ""factor_kind"": ""climate_feature"", ""baseline_type"": ""region_mean"", ""baseline_value"": -0.8515151739120483, ""freq"": 0.03091821257729553, ""delta_mean"": -0.8268049955368042, ""direction"": ""decrease"", ""score"": 0.025563332611976797}, {""factor_id"": 37, ""factor_label"": ""climate_bio1"", ""factor_kind"": ""climate_feature"", ""baseline_type"": ""region_mean"", ""baseline_value"": -0.8515151739120483, ""freq"": 0.025492941313732354, ""delta_mean"": 1.0229321718215942, ""direction"": ""increase"", ""score"": 0.026077549824176684}]",23,red_green_ratio,aux_feature,region_mean,-0.8515151739120483,0.655932796639832,-0.9245166778564453,decrease,0.6064208100465448
181,OC_0-5cm_1km_mean,"{""OC_0-5cm_1km_mean"": {""mean"": 1.5797970799950893, ""p50"": 1.570192575454712, ""p95"": 1.7667135536670684}}","[{""factor_id"": 19, ""factor_label"": ""ndre"", ""factor_kind"": ""aux_feature"", ""baseline_type"": ""region_mean"", ""baseline_value"": -0.7183013558387756, ""freq"": 0.6962699822380106, ""delta_mean"": -0.7534514665603638, ""direction"": ""decrease"", ""score"": 0.5246056392391876}, {""factor_id"": 40, ""factor_label"": ""climate_bio15"", ""factor_kind"": ""climate_feature"", ""baseline_type"": ""region_mean"", ""baseline_value"": -0.7183013558387756, ""freq"": 0.15364120781527532, ""delta_mean"": -0.5217505693435669, ""direction"": ""decrease"", ""score"": 0.08016238765225318}, {""factor_id"": 39, ""factor_label"": ""climate_bio12"", ""factor_kind"": ""climate_feature"", ""baseline_type"": ""region_mean"", ""baseline_value"": -0.7183013558387756, ""freq"": 0.09280639431616342, ""delta_mean"": -0.71028071641922, ""direction"": ""decrease"", ""score"": 0.06591859224316918}, {""factor_id"": 43, ""factor_label"": ""terrain_relief"", ""factor_kind"": ""terrain_feature"", ""baseline_type"": ""region_mean"", ""baseline_value"": -0.7183013558387756, ""freq"": 0.03063943161634103, ""delta_mean"": -0.8337675929069519, ""direction"": ""decrease"", ""score"": 0.02554616514679382}, {""factor_id"": 34, ""factor_label"": ""covgtiff_wet_g_0_5cm_1km_mean"", ""factor_kind"": ""gtiff_covariate"", ""baseline_type"": ""region_mean"", ""baseline_value"": -0.7183013558387756, ""freq"": 0.011545293072824156, ""delta_mean"": -0.9667870402336121, ""direction"": ""decrease"", ""score"": 0.01116183971850529}]",19,ndre,aux_feature,region_mean,-0.7183013558387756,0.6962699822380106,-0.7534514665603638,decrease,0.5246056392391876
182,OC_0-5cm_1km_mean,"{""OC_0-5cm_1km_mean"": {""mean"": 1.4596697271476669, ""p50"": 1.3849157094955444, ""p95"": 1.9293807983398426}}","[{""factor_id"": 23, ""factor_label"": ""red_green_ratio"", ""factor_kind"": ""aux_feature"", ""baseline_type"": ""region_mean"", ""baseline_value"": -0.9947150349617004, ""freq"": 0.5872528316375504, ""delta_mean"": -1.0391029119491577, ""direction"": ""decrease"", ""score"": 0.610216127404967}, {""factor_id"": 34, ""factor_label"": ""covgtiff_wet_g_0_5cm_1km_mean"", ""factor_kind"": ""gtiff_covariate"", ""baseline_type"": ""region_mean"", ""baseline_value"": -0.9947150349617004, ""freq"": 0.16893837588788635, ""delta_mean"": -1.1645699739456177, ""direction"": ""decrease"", ""score"": 0.19674056000617077}, {""factor_id"": 40, ""factor_label"": ""climate_bio15"", ""factor_kind"": ""climate_feature"", ""baseline_type"": ""region_mean"", ""baseline_value"": -0.9947150349617004, ""freq"": 0.11307352658859667, ""delta_mean"": -0.6906242966651917, ""direction"": ""decrease"", ""score"": 0.07809132477170241}, {""factor_id"": 39, ""factor_label"": ""climate_bio12"", ""factor_kind"": ""climate_feature"", ""baseline_type"": ""region_mean"", ""baseline_value"": -0.9947150349617004, ""freq"": 0.05778460357074294, ""delta_mean"": -0.8240432143211365, ""direction"": ""decrease"", ""score"": 0.047617010464707635}, {""factor_id"": 44, ""factor_label"": ""terrain_slope"", ""factor_kind"": ""terrain_feature"", ""baseline_type"": ""region_mean"", ""baseline_value"": -0.9947150349617004, ""freq"": 0.05087348819351123, ""delta_mean"": -1.0974836349487305, ""direction"": ""decrease"", ""score"": 0.05583282074513603}]",23,red_green_ratio,aux_feature,region_mean,-0.9947150349617004,0.5872528316375504,-1.0391029119491577,decrease,0.610216127404967
183,OC_0-5cm_1km_mean,"{""OC_0-5cm_1km_mean"": {""mean"": 1.4171138161286505, ""p50"": 1.381317138671875, ""p95"": 1.568656480312347}}","[{""factor_id"": 23, ""factor_label"": ""red_green_ratio"", ""factor_kind"": ""aux_feature"", ""baseline_type"": ""region_mean"", ""baseline_value"": -0.7793378829956055, ""freq"": 0.48340198691543496, ""delta_mean"": -0.8185862898826599, ""direction"": ""decrease"", ""score"": 0.39570623899101204}, {""factor_id"": 34, ""factor_label"": ""covgtiff_wet_g_0_5cm_1km_mean"", ""factor_kind"": ""gtiff_covariate"", ""baseline_type"": ""region_mean"", ""baseline_value"": -0.7793378829956055, ""freq"": 0.28931427186818515, ""delta_mean"": -0.8683199882507324, ""direction"": ""decrease"", ""score"": 0.2512173651493517}, {""factor_id"": 40, ""factor_label"": ""climate_bio15"", ""factor_kind"": ""climate_feature"", ""baseline_type"": ""region_mean"", ""baseline_value"": -0.7793378829956055, ""freq"": 0.19748000969227042, ""delta_mean"": -0.6812896728515625, ""direction"": ""decrease"", ""score"": 0.1345410911979703}, {""factor_id"": 39, ""factor_label"": ""climate_bio12"", ""factor_kind"": ""climate_feature"", ""baseline_type"": ""region_mean"", ""baseline_value"": -0.7793378829956055, ""freq"": 0.01453840562151684, ""delta_mean"": -0.7488555312156677, ""direction"": ""decrease"", ""score"": 0.010887165464729844}, {""factor_id"": 37, ""factor_label"": ""climate_bio1"", ""factor_kind"": ""climate_feature"", ""baseline_type"": ""region_mean"", ""baseline_value"": -0.7793378829956055, ""freq"": 0.01332687181972377, ""delta_mean"": 1.1133641004562378, ""direction"": ""increase"", ""score"": 0.01483766065546234}]",23,red_green_ratio,aux_feature,region_mean,-0.7793378829956055,0.48340198691543496,-0.8185862898826599,decrease,0.39570623899101204
184,OC_0-5cm_1km_mean,"{""OC_0-5cm_1km_mean"": {""mean"": 1.6195550205277616, ""p50"": 1.640579879283905, ""p95"": 1.767391413450241}}","[{""factor_id"": 19, ""factor_label"": ""ndre"", ""factor_kind"": ""aux_feature"", ""baseline_type"": ""region_mean"", ""baseline_value"": -0.6841989159584045, ""freq"": 0.7901639344262295, ""delta_mean"": -0.7373828291893005, ""direction"": ""decrease"", ""score"": 0.582653317490562}, {""factor_id"": 39, ""factor_label"": ""climate_bio12"", ""factor_kind"": ""climate_feature"", ""baseline_type"": ""region_mean"", ""baseline_value"": -0.6841989159584045, ""freq"": 0.10819672131147541, ""delta_mean"": -0.44596824049949646, ""direction"": ""decrease"", ""score"": 0.04825230143109306}, {""factor_id"": 40, ""factor_label"": ""climate_bio15"", ""factor_kind"": ""climate_feature"", ""baseline_type"": ""region_mean"", ""baseline_value"": -0.6841989159584045, ""freq"": 0.08688524590163935, ""delta_mean"": -0.49527648091316223, ""direction"": ""decrease"", ""score"": 0.04303221883343869}, {""factor_id"": 43, ""factor_label"": ""terrain_relief"", ""factor_kind"": ""terrain_feature"", ""baseline_type"": ""region_mean"", ""baseline_value"": -0.6841989159584045, ""freq"": 0.014754098360655738, ""delta_mean"": -0.6954712271690369, ""direction"": ""decrease"", ""score"": 0.01026105089265792}]",19,ndre,aux_feature,region_mean,-0.6841989159584045,0.7901639344262295,-0.7373828291893005,decrease,0.582653317490562
185,OC_0-5cm_1km_mean,"{""OC_0-5cm_1km_mean"": {""mean"": 1.5059980106871336, ""p50"": 1.507855772972107, ""p95"": 1.6495612263679504}}","[{""factor_id"": 19, ""factor_label"": ""ndre"", ""factor_kind"": ""aux_feature"", ""baseline_type"": ""region_mean"", ""baseline_value"": -0.6823832392692566, ""freq"": 0.615546218487395, ""delta_mean"": -0.7390391826629639, ""direction"": ""decrease"", ""score"": 0.45491277420220255}, {""factor_id"": 39, ""factor_label"": ""climate_bio12"", ""factor_kind"": ""climate_feature"", ""baseline_type"": ""region_mean"", ""baseline_value"": -0.6823832392692566, ""freq"": 0.1561624649859944, ""delta_mean"": -0.501946210861206, ""direction"": ""decrease"", ""score"": 0.07838515757846565}, {""factor_id"": 40, ""factor_label"": ""climate_bio15"", ""factor_kind"": ""climate_feature"", ""baseline_type"": ""region_mean"", ""baseline_value"": -0.6823832392692566, ""freq"": 0.10504201680672269, ""delta_mean"": -0.501837968826294, ""direction"": ""decrease"", ""score"": 0.05271407235570315}, {""factor_id"": 43, ""factor_label"": ""terrain_relief"", ""factor_kind"": ""terrain_feature"", ""baseline_type"": ""region_mean"", ""baseline_value"": -0.6823832392692566, ""freq"": 0.08473389355742297, ""delta_mean"": -0.801506757736206, ""direction"": ""decrease"", ""score"": 0.06791478829557489}, {""factor_id"": 23, ""factor_label"": ""red_green_ratio"", ""factor_kind"": ""aux_feature"", ""baseline_type"": ""region_mean"", ""baseline_value"": -0.6823832392692566, ""freq"": 0.029061624649859945, ""delta_mean"": -0.7159061431884766, ""direction"": ""decrease"", ""score"": 0.020805395617872393}]",19,ndre,aux_feature,region_mean,-0.6823832392692566,0.615546218487395,-0.7390391826629639,decrease,0.45491277420220255
186,OC_0-5cm_1km_mean,"{""OC_0-5cm_1km_mean"": {""mean"": 1.5877398687545226, ""p50"": 1.5878868103027344, ""p95"": 1.7363260984420776}}","[{""factor_id"": 19, ""factor_label"": ""ndre"", ""factor_kind"": ""aux_feature"", ""baseline_type"": ""region_mean"", ""baseline_value"": -0.6088671088218689, ""freq"": 0.5677364385117865, ""delta_mean"": -0.6743531823158264, ""direction"": ""decrease"", ""score"": 0.3828548740270767}, {""factor_id"": 39, ""factor_label"": ""climate_bio12"", ""factor_kind"": ""climate_feature"", ""baseline_type"": ""region_mean"", ""baseline_value"": -0.6088671088218689, ""freq"": 0.17835842090315251, ""delta_mean"": -0.38034921884536743, ""direction"": ""decrease"", ""score"": 0.06783848606500731}, {""factor_id"": 40, ""factor_label"": ""climate_bio15"", ""factor_kind"": ""climate_feature"", ""baseline_type"": ""region_mean"", ""baseline_value"": -0.6088671088218689, ""freq"": 0.12013632490769667, ""delta_mean"": -0.4495074152946472, ""direction"": ""decrease"", ""score"": 0.054002168892256674}, {""factor_id"": 43, ""factor_label"": ""terrain_relief"", ""factor_kind"": ""terrain_feature"", ""baseline_type"": ""region_mean"", ""baseline_value"": -0.6088671088218689, ""freq"": 0.1198523146833286, ""delta_mean"": -0.7933775782585144, ""direction"": ""decrease"", ""score"": 0.09508813917213664}, {""factor_id"": 34, ""factor_label"": ""covgtiff_wet_g_0_5cm_1km_mean"", ""factor_kind"": ""gtiff_covariate"", ""baseline_type"": ""region_mean"", ""baseline_value"": -0.6088671088218689, ""freq"": 0.009088327179778472, ""delta_mean"": -0.5014848113059998, ""direction"": ""decrease"", ""score"": 0.004557658040838396}]",19,ndre,aux_feature,region_mean,-0.6088671088218689,0.5677364385117865,-0.6743531823158264,decrease,0.3828548740270767
187,OC_0-5cm_1km_mean,"{""OC_0-5cm_1km_mean"": {""mean"": 1.3724984490882102, ""p50"": 1.354379653930664, ""p95"": 1.4984125375747683}}","[{""factor_id"": 23, ""factor_label"": ""red_green_ratio"", ""factor_kind"": ""aux_feature"", ""baseline_type"": ""region_mean"", ""baseline_value"": -0.8895641565322876, ""freq"": 0.8075201432408237, ""delta_mean"": -0.9296311736106873, ""direction"": ""decrease"", ""score"": 0.7506958984752372}, {""factor_id"": 40, ""factor_label"": ""climate_bio15"", ""factor_kind"": ""climate_feature"", ""baseline_type"": ""region_mean"", ""baseline_value"": -0.8895641565322876, ""freq"": 0.1521933751119069, ""delta_mean"": -0.6901309490203857, ""direction"": ""decrease"", ""score"": 0.10503335840059586}, {""factor_id"": 34, ""factor_label"": ""covgtiff_wet_g_0_5cm_1km_mean"", ""factor_kind"": ""gtiff_covariate"", ""baseline_type"": ""region_mean"", ""baseline_value"": -0.8895641565322876, ""freq"": 0.03222918531781558, ""delta_mean"": -0.877213180065155, ""direction"": ""decrease"", ""score"": 0.02827186614355021}, {""factor_id"": 19, ""factor_label"": ""ndre"", ""factor_kind"": ""aux_feature"", ""baseline_type"": ""region_mean"", ""baseline_value"": -0.8895641565322876, ""freq"": 0.006266786034019696, ""delta_mean"": -0.6467375755310059, ""direction"": ""decrease"", ""score"": 0.004052966006013466}, {""factor_id"": 39, ""factor_label"": ""climate_bio12"", ""factor_kind"": ""climate_feature"", ""baseline_type"": ""region_mean"", ""baseline_value"": -0.8895641565322876, ""freq"": 0.0017905102954341987, ""delta_mean"": -0.8433683514595032, ""direction"": ""decrease"", ""score"": 0.0015100597161316082}]",23,red_green_ratio,aux_feature,region_mean,-0.8895641565322876,0.8075201432408237,-0.9296311736106873,decrease,0.7506958984752372
188,OC_0-5cm_1km_mean,"{""OC_0-5cm_1km_mean"": {""mean"": 1.5010097952193866, ""p50"": 1.4026669263839722, ""p95"": 2.2345218658447257}}","[{""factor_id"": 23, ""factor_label"": ""red_green_ratio"", ""factor_kind"": ""aux_feature"", ""baseline_type"": ""region_mean"", ""baseline_value"": -0.7844127416610718, ""freq"": 0.5923026744944553, ""delta_mean"": -0.9060749411582947, ""direction"": ""decrease"", ""score"": 0.5366706109404641}, {""factor_id"": 34, ""factor_label"": ""covgtiff_wet_g_0_5cm_1km_mean"", ""factor_kind"": ""gtiff_covariate"", ""baseline_type"": ""region_mean"", ""baseline_value"": -0.7844127416610718, ""freq"": 0.182648401826484, ""delta_mean"": -0.9432588815689087, ""direction"": ""decrease"", ""score"": 0.17228472722719793}, {""factor_id"": 40, ""factor_label"": ""climate_bio15"", ""factor_kind"": ""climate_feature"", ""baseline_type"": ""region_mean"", ""baseline_value"": -0.7844127416610718, ""freq"": 0.16568819308545335, ""delta_mean"": -0.6744387745857239, ""direction"": ""decrease"", ""score"": 0.11174654190787596}, {""factor_id"": 37, ""factor_label"": ""climate_bio1"", ""factor_kind"": ""climate_feature"", ""baseline_type"": ""region_mean"", ""baseline_value"": -0.7844127416610718, ""freq"": 0.046966731898238745, ""delta_mean"": 1.0075486898422241, ""direction"": ""increase"", ""score"": 0.04732126919024145}, {""factor_id"": 44, ""factor_label"": ""terrain_slope"", ""factor_kind"": ""terrain_feature"", ""baseline_type"": ""region_mean"", ""baseline_value"": -0.7844127416610718, ""freq"": 0.0091324200913242, ""delta_mean"": -0.9213047623634338, ""direction"": ""decrease"", ""score"": 0.00841374212204049}]",23,red_green_ratio,aux_feature,region_mean,-0.7844127416610718,0.5923026744944553,-0.9060749411582947,decrease,0.5366706109404641
189,OC_0-5cm_1km_mean,"{""OC_0-5cm_1km_mean"": {""mean"": 1.6373262535619373, ""p50"": 1.6273460984230042, ""p95"": 1.8831734955310822}}","[{""factor_id"": 19, ""factor_label"": ""ndre"", ""factor_kind"": ""aux_feature"", ""baseline_type"": ""region_mean"", ""baseline_value"": -0.6591328978538513, ""freq"": 0.7000346380325597, ""delta_mean"": -0.7341101765632629, ""direction"": ""decrease"", ""score"": 0.5139025517264822}, {""factor_id"": 39, ""factor_label"": ""climate_bio12"", ""factor_kind"": ""climate_feature"", ""baseline_type"": ""region_mean"", ""baseline_value"": -0.6591328978538513, ""freq"": 0.2547627294769657, ""delta_mean"": -0.4951794147491455, ""direction"": ""decrease"", ""score"": 0.12615325928229876}, {""factor_id"": 43, ""factor_label"": ""terrain_relief"", ""factor_kind"": ""terrain_feature"", ""baseline_type"": ""region_mean"", ""baseline_value"": -0.6591328978538513, ""freq"": 0.017232421198475928, ""delta_mean"": -0.6110885143280029, ""direction"": ""decrease"", ""score"": 0.010530534668451039}, {""factor_id"": 40, ""factor_label"": ""climate_bio15"", ""factor_kind"": ""climate_feature"", ""baseline_type"": ""region_mean"", ""baseline_value"": -0.6591328978538513, ""freq"": 0.01043470730862487, ""delta_mean"": -0.3892160654067993, ""direction"": ""decrease"", ""score"": 0.004061355722334545}, {""factor_id"": 44, ""factor_label"": ""terrain_slope"", ""factor_kind"": ""terrain_feature"", ""baseline_type"": ""region_mean"", ""baseline_value"": -0.6591328978538513, ""freq"": 0.00718739175614825, ""delta_mean"": -0.7925788164138794, ""direction"": ""decrease"", ""score"": 0.005696574451190854}]",19,ndre,aux_feature,region_mean,-0.6591328978538513,0.7000346380325597,-0.7341101765632629,decrease,0.5139025517264822
190,OC_0-5cm_1km_mean,"{""OC_0-5cm_1km_mean"": {""mean"": 1.6613489342503556, ""p50"": 1.648758888244629, ""p95"": 1.859180951118469}}","[{""factor_id"": 43, ""factor_label"": ""terrain_relief"", ""factor_kind"": ""terrain_feature"", ""baseline_type"": ""region_mean"", ""baseline_value"": -0.623481273651123, ""freq"": 0.2711985688729875, ""delta_mean"": -0.6466414928436279, ""direction"": ""decrease"", ""score"": 0.17536824743308407}, {""factor_id"": 19, ""factor_label"": ""ndre"", ""factor_kind"": ""aux_feature"", ""baseline_type"": ""region_mean"", ""baseline_value"": -0.623481273651123, ""freq"": 0.24865831842576028, ""delta_mean"": -0.7232807278633118, ""direction"": ""decrease"", ""score"": 0.17984976954025103}, {""factor_id"": 23, ""factor_label"": ""red_green_ratio"", ""factor_kind"": ""aux_feature"", ""baseline_type"": ""region_mean"", ""baseline_value"": -0.623481273651123, ""freq"": 0.2332737030411449, ""delta_mean"": -0.6911526322364807, ""direction"": ""decrease"", ""score"": 0.16122773388843842}, {""factor_id"": 40, ""factor_label"": ""climate_bio15"", ""factor_kind"": ""climate_feature"", ""baseline_type"": ""region_mean"", ""baseline_value"": -0.623481273651123, ""freq"": 0.09731663685152057, ""delta_mean"": -0.35999244451522827, ""direction"": ""decrease"", ""score"": 0.03503325399217964}, {""factor_id"": 44, ""factor_label"": ""terrain_slope"", ""factor_kind"": ""terrain_feature"", ""baseline_type"": ""region_mean"", ""baseline_value"": -0.623481273651123, ""freq"": 0.08837209302325581, ""delta_mean"": -0.6977625489234924, ""direction"": ""decrease"", ""score"": 0.06166273688161096}]",43,terrain_relief,terrain_feature,region_mean,-0.623481273651123,0.2711985688729875,-0.6466414928436279,decrease,0.17536824743308407
191,OC_0-5cm_1km_mean,"{""OC_0-5cm_1km_mean"": {""mean"": 1.6898033890243942, ""p50"": 1.6750377416610718, ""p95"": 2.0468902587890625}}","[{""factor_id"": 19, ""factor_label"": ""ndre"", ""factor_kind"": ""aux_feature"", ""baseline_type"": ""region_mean"", ""baseline_value"": -0.8970410227775574, ""freq"": 0.49246629659000796, ""delta_mean"": -0.9354828000068665, ""direction"": ""decrease"", ""score"": 0.4606937500430326}, {""factor_id"": 23, ""factor_label"": ""red_green_ratio"", ""factor_kind"": ""aux_feature"", ""baseline_type"": ""region_mean"", ""baseline_value"": -0.8970410227775574, ""freq"": 0.19746233148295003, ""delta_mean"": -0.9851000308990479, ""direction"": ""decrease"", ""score"": 0.1945201488452521}, {""factor_id"": 34, ""factor_label"": ""covgtiff_wet_g_0_5cm_1km_mean"", ""factor_kind"": ""gtiff_covariate"", ""baseline_type"": ""region_mean"", ""baseline_value"": -0.8970410227775574, ""freq"": 0.18556701030927836, ""delta_mean"": -0.993749737739563, ""direction"": ""decrease"", ""score"": 0.18440716782796016}, {""factor_id"": 40, ""factor_label"": ""climate_bio15"", ""factor_kind"": ""climate_feature"", ""baseline_type"": ""region_mean"", ""baseline_value"": -0.8970410227775574, ""freq"": 0.08723235527359238, ""delta_mean"": -0.6624866127967834, ""direction"": ""decrease"", ""score"": 0.05779026757148785}, {""factor_id"": 37, ""factor_label"": ""climate_bio1"", ""factor_kind"": ""climate_feature"", ""baseline_type"": ""region_mean"", ""baseline_value"": -0.8970410227775574, ""freq"": 0.01823949246629659, ""delta_mean"": 0.9228885769844055, ""direction"": ""increase"", ""score"": 0.016833019247138245}]",19,ndre,aux_feature,region_mean,-0.8970410227775574,0.49246629659000796,-0.9354828000068665,decrease,0.4606937500430326
192,OC_0-5cm_1km_mean,"{""OC_0-5cm_1km_mean"": {""mean"": 1.537007025792877, ""p50"": 1.5408121347427368, ""p95"": 1.69490270614624}}","[{""factor_id"": 19, ""factor_label"": ""ndre"", ""factor_kind"": ""aux_feature"", ""baseline_type"": ""region_mean"", ""baseline_value"": -0.6654241681098938, ""freq"": 0.635633626097867, ""delta_mean"": -0.7641270160675049, ""direction"": ""decrease"", ""score"": 0.4857048260223312}, {""factor_id"": 39, ""factor_label"": ""climate_bio12"", ""factor_kind"": ""climate_feature"", ""baseline_type"": ""region_mean"", ""baseline_value"": -0.6654241681098938, ""freq"": 0.23086574654956085, ""delta_mean"": -0.4155842065811157, ""direction"": ""decrease"", ""score"": 0.0959441581065562}, {""factor_id"": 43, ""factor_label"": ""terrain_relief"", ""factor_kind"": ""terrain_feature"", ""baseline_type"": ""region_mean"", ""baseline_value"": -0.6654241681098938, ""freq"": 0.05846925972396487, ""delta_mean"": -0.6915592551231384, ""direction"": ""decrease"", ""score"": 0.040434957702306464}, {""factor_id"": 40, ""factor_label"": ""climate_bio15"", ""factor_kind"": ""climate_feature"", ""baseline_type"": ""region_mean"", ""baseline_value"": -0.6654241681098938, ""freq"": 0.03437892095357591, ""delta_mean"": -0.4178570806980133, ""direction"": ""decrease"", ""score"": 0.01436547554720899}, {""factor_id"": 44, ""factor_label"": ""terrain_slope"", ""factor_kind"": ""terrain_feature"", ""baseline_type"": ""region_mean"", ""baseline_value"": -0.6654241681098938, ""freq"": 0.024592220828105395, ""delta_mean"": -0.8044662475585938, ""direction"": ""decrease"", ""score"": 0.01978361160871824}]",19,ndre,aux_feature,region_mean,-0.6654241681098938,0.635633626097867,-0.7641270160675049,decrease,0.4857048260223312
193,OC_0-5cm_1km_mean,"{""OC_0-5cm_1km_mean"": {""mean"": 1.41089606024386, ""p50"": 1.387184500694275, ""p95"": 1.5433025598525998}}","[{""factor_id"": 23, ""factor_label"": ""red_green_ratio"", ""factor_kind"": ""aux_feature"", ""baseline_type"": ""region_mean"", ""baseline_value"": -0.8299160599708557, ""freq"": 0.7359212684527064, ""delta_mean"": -0.8674411773681641, ""direction"": ""decrease"", ""score"": 0.6383684115568884}, {""factor_id"": 40, ""factor_label"": ""climate_bio15"", ""factor_kind"": ""climate_feature"", ""baseline_type"": ""region_mean"", ""baseline_value"": -0.8299160599708557, ""freq"": 0.1815199562602515, ""delta_mean"": -0.6589217782020569, ""direction"": ""decrease"", ""score"": 0.1196074523581645}, {""factor_id"": 34, ""factor_label"": ""covgtiff_wet_g_0_5cm_1km_mean"", ""factor_kind"": ""gtiff_covariate"", ""baseline_type"": ""region_mean"", ""baseline_value"": -0.8299160599708557, ""freq"": 0.07873154729360306, ""delta_mean"": -0.9547132849693298, ""direction"": ""decrease"", ""score"": 0.07516605414739393}, {""factor_id"": 37, ""factor_label"": ""climate_bio1"", ""factor_kind"": ""climate_feature"", ""baseline_type"": ""region_mean"", ""baseline_value"": -0.8299160599708557, ""freq"": 0.0032804811372334607, ""delta_mean"": 1.1068671941757202, ""direction"": ""increase"", ""score"": 0.0036310569519159763}, {""factor_id"": 39, ""factor_label"": ""climate_bio12"", ""factor_kind"": ""climate_feature"", ""baseline_type"": ""region_mean"", ""baseline_value"": -0.8299160599708557, ""freq"": 0.0005467468562055768, ""delta_mean"": -0.7412328720092773, ""direction"": ""decrease"", ""score"": 0.0004052667424873031}]",23,red_green_ratio,aux_feature,region_mean,-0.8299160599708557,0.7359212684527064,-0.8674411773681641,decrease,0.6383684115568884
194,OC_0-5cm_1km_mean,"{""OC_0-5cm_1km_mean"": {""mean"": 1.6957927067137588, ""p50"": 1.6422995328903198, ""p95"": 2.1505082726478575}}","[{""factor_id"": 19, ""factor_label"": ""ndre"", ""factor_kind"": ""aux_feature"", ""baseline_type"": ""region_mean"", ""baseline_value"": -0.6551534533500671, ""freq"": 0.6891713487458169, ""delta_mean"": -0.7457800507545471, ""direction"": ""decrease"", ""score"": 0.513970243446235}, {""factor_id"": 39, ""factor_label"": ""climate_bio12"", ""factor_kind"": ""climate_feature"", ""baseline_type"": ""region_mean"", ""baseline_value"": -0.6551534533500671, ""freq"": 0.24744404531638575, ""delta_mean"": -0.5646635293960571, ""direction"": ""decrease"", ""score"": 0.1397226279563883}, {""factor_id"": 37, ""factor_label"": ""climate_bio1"", ""factor_kind"": ""climate_feature"", ""baseline_type"": ""region_mean"", ""baseline_value"": -0.6551534533500671, ""freq"": 0.024684535322833195, ""delta_mean"": 0.7850597500801086, ""direction"": ""increase"", ""score"": 0.01937883513138704}, {""factor_id"": 40, ""factor_label"": ""climate_bio15"", ""factor_kind"": ""climate_feature"", ""baseline_type"": ""region_mean"", ""baseline_value"": -0.6551534533500671, ""freq"": 0.021307297903042585, ""delta_mean"": -0.3956543803215027, ""direction"": ""decrease"", ""score"": 0.008430325748153967}, {""factor_id"": 23, ""factor_label"": ""red_green_ratio"", ""factor_kind"": ""aux_feature"", ""baseline_type"": ""region_mean"", ""baseline_value"": -0.6551534533500671, ""freq"": 0.006662368364496024, ""delta_mean"": -0.7255087494850159, ""direction"": ""decrease"", ""score"": 0.004833606540734041}]",19,ndre,aux_feature,region_mean,-0.6551534533500671,0.6891713487458169,-0.7457800507545471,decrease,0.513970243446235
195,OC_0-5cm_1km_mean,"{""OC_0-5cm_1km_mean"": {""mean"": 1.4228648370982047, ""p50"": 1.4110188484191895, ""p95"": 1.5653008282184597}}","[{""factor_id"": 23, ""factor_label"": ""red_green_ratio"", ""factor_kind"": ""aux_feature"", ""baseline_type"": ""region_mean"", ""baseline_value"": -0.8576236367225647, ""freq"": 0.6927990708478513, ""delta_mean"": -0.9010366797447205, ""direction"": ""decrease"", ""score"": 0.6242373745269753}, {""factor_id"": 34, ""factor_label"": ""covgtiff_wet_g_0_5cm_1km_mean"", ""factor_kind"": ""gtiff_covariate"", ""baseline_type"": ""region_mean"", ""baseline_value"": -0.8576236367225647, ""freq"": 0.16085946573751453, ""delta_mean"": -0.8714129328727722, ""direction"": ""decrease"", ""score"": 0.14017501881867475}, {""factor_id"": 40, ""factor_label"": ""climate_bio15"", ""factor_kind"": ""climate_feature"", ""baseline_type"": ""region_mean"", ""baseline_value"": -0.8576236367225647, ""freq"": 0.12311265969802555, ""delta_mean"": -0.6368526816368103, ""direction"": ""decrease"", ""score"": 0.07840462747212763}, {""factor_id"": 39, ""factor_label"": ""climate_bio12"", ""factor_kind"": ""climate_feature"", ""baseline_type"": ""region_mean"", ""baseline_value"": -0.8576236367225647, ""freq"": 0.022067363530778164, ""delta_mean"": -0.7271325588226318, ""direction"": ""decrease"", ""score"": 0.016045898510603954}, {""factor_id"": 37, ""factor_label"": ""climate_bio1"", ""factor_kind"": ""climate_feature"", ""baseline_type"": ""region_mean"", ""baseline_value"": -0.8576236367225647, ""freq"": 0.0011614401858304297, ""delta_mean"": 1.0670545101165771, ""direction"": ""increase"", ""score"": 0.0012393199885209955}]",23,red_green_ratio,aux_feature,region_mean,-0.8576236367225647,0.6927990708478513,-0.9010366797447205,decrease,0.6242373745269753
196,OC_0-5cm_1km_mean,"{""OC_0-5cm_1km_mean"": {""mean"": 1.6665102886295162, ""p50"": 1.5736370086669922, ""p95"": 2.3776950597763062}}","[{""factor_id"": 23, ""factor_label"": ""red_green_ratio"", ""factor_kind"": ""aux_feature"", ""baseline_type"": ""region_mean"", ""baseline_value"": -0.736088752746582, ""freq"": 0.563011456628478, ""delta_mean"": -0.9701516628265381, ""direction"": ""decrease"", ""score"": 0.5462065008385092}, {""factor_id"": 39, ""factor_label"": ""climate_bio12"", ""factor_kind"": ""climate_feature"", ""baseline_type"": ""region_mean"", ""baseline_value"": -0.736088752746582, ""freq"": 0.1595744680851064, ""delta_mean"": -0.7850396633148193, ""direction"": ""decrease"", ""score"": 0.1252722866991733}, {""factor_id"": 34, ""factor_label"": ""covgtiff_wet_g_0_5cm_1km_mean"", ""factor_kind"": ""gtiff_covariate"", ""baseline_type"": ""region_mean"", ""baseline_value"": -0.736088752746582, ""freq"": 0.10556464811783961, ""delta_mean"": -0.9490684866905212, ""direction"": ""decrease"", ""score"": 0.10018808083721542}, {""factor_id"": 37, ""factor_label"": ""climate_bio1"", ""factor_kind"": ""climate_feature"", ""baseline_type"": ""region_mean"", ""baseline_value"": -0.736088752746582, ""freq"": 0.09247135842880523, ""delta_mean"": 1.057936191558838, ""direction"": ""increase"", ""score"": 0.09782879676444245}, {""factor_id"": 40, ""factor_label"": ""climate_bio15"", ""factor_kind"": ""climate_feature"", ""baseline_type"": ""region_mean"", ""baseline_value"": -0.736088752746582, ""freq"": 0.03436988543371522, ""delta_mean"": -0.6247908473014832, ""direction"": ""decrease"", ""score"": 0.021473989841785834}]",23,red_green_ratio,aux_feature,region_mean,-0.736088752746582,0.563011456628478,-0.9701516628265381,decrease,0.5462065008385092
197,OC_0-5cm_1km_mean,"{""OC_0-5cm_1km_mean"": {""mean"": 1.6455711948497413, ""p50"": 1.5665513277053833, ""p95"": 2.144630765914917}}","[{""factor_id"": 23, ""factor_label"": ""red_green_ratio"", ""factor_kind"": ""aux_feature"", ""baseline_type"": ""region_mean"", ""baseline_value"": -0.9137873649597168, ""freq"": 0.6161434977578475, ""delta_mean"": -1.0087206363677979, ""direction"": ""decrease"", ""score"": 0.6215166611521767}, {""factor_id"": 34, ""factor_label"": ""covgtiff_wet_g_0_5cm_1km_mean"", ""factor_kind"": ""gtiff_covariate"", ""baseline_type"": ""region_mean"", ""baseline_value"": -0.9137873649597168, ""freq"": 0.295067264573991, ""delta_mean"": -1.0311812162399292, ""direction"": ""decrease"", ""score"": 0.304267820755997}, {""factor_id"": 37, ""factor_label"": ""climate_bio1"", ""factor_kind"": ""climate_feature"", ""baseline_type"": ""region_mean"", ""baseline_value"": -0.9137873649597168, ""freq"": 0.045739910313901344, ""delta_mean"": 0.9470215439796448, ""direction"": ""increase"", ""score"": 0.04331668048696133}, {""factor_id"": 40, ""factor_label"": ""climate_bio15"", ""factor_kind"": ""climate_feature"", ""baseline_type"": ""region_mean"", ""baseline_value"": -0.9137873649597168, ""freq"": 0.026905829596412557, ""delta_mean"": -0.6628552675247192, ""direction"": ""decrease"", ""score"": 0.017834670875104555}, {""factor_id"": 39, ""factor_label"": ""climate_bio12"", ""factor_kind"": ""climate_feature"", ""baseline_type"": ""region_mean"", ""baseline_value"": -0.9137873649597168, ""freq"": 0.016143497757847534, ""delta_mean"": -0.8353118300437927, ""direction"": ""decrease"", ""score"": 0.013484854655415488}]",23,red_green_ratio,aux_feature,region_mean,-0.9137873649597168,0.6161434977578475,-1.0087206363677979,decrease,0.6215166611521767
198,OC_0-5cm_1km_mean,"{""OC_0-5cm_1km_mean"": {""mean"": 1.6541140057983899, ""p50"": 1.665808916091919, ""p95"": 1.7642245054244996}}","[{""factor_id"": 19, ""factor_label"": ""ndre"", ""factor_kind"": ""aux_feature"", ""baseline_type"": ""region_mean"", ""baseline_value"": -0.549882709980011, ""freq"": 0.5188679245283019, ""delta_mean"": -0.6423547863960266, ""direction"": ""decrease"", ""score"": 0.33329729482812703}, {""factor_id"": 43, ""factor_label"": ""terrain_relief"", ""factor_kind"": ""terrain_feature"", ""baseline_type"": ""region_mean"", ""baseline_value"": -0.549882709980011, ""freq"": 0.347005742411813, ""delta_mean"": -0.5357350707054138, ""direction"": ""decrease"", ""score"": 0.18590314594617724}, {""factor_id"": 40, ""factor_label"": ""climate_bio15"", ""factor_kind"": ""climate_feature"", ""baseline_type"": ""region_mean"", ""baseline_value"": -0.549882709980011, ""freq"": 0.062346185397867106, ""delta_mean"": -0.3305286169052124, ""direction"": ""decrease"", ""score"": 0.020607198428872965}, {""factor_id"": 39, ""factor_label"": ""climate_bio12"", ""factor_kind"": ""climate_feature"", ""baseline_type"": ""region_mean"", ""baseline_value"": -0.549882709980011, ""freq"": 0.05004101722723544, ""delta_mean"": -0.31834539771080017, ""direction"": ""decrease"", ""score"": 0.01593032753105727}, {""factor_id"": 37, ""factor_label"": ""climate_bio1"", ""factor_kind"": ""climate_feature"", ""baseline_type"": ""region_mean"", ""baseline_value"": -0.549882709980011, ""freq"": 0.021739130434782608, ""delta_mean"": 0.2693447470664978, ""direction"": ""increase"", ""score"": 0.005855320588402126}]",19,ndre,aux_feature,region_mean,-0.549882709980011,0.5188679245283019,-0.6423547863960266,decrease,0.33329729482812703
199,OC_0-5cm_1km_mean,"{""OC_0-5cm_1km_mean"": {""mean"": 1.5198395572285197, ""p50"": 1.4630123376846313, ""p95"": 1.8564027547836304}}","[{""factor_id"": 23, ""factor_label"": ""red_green_ratio"", ""factor_kind"": ""aux_feature"", ""baseline_type"": ""region_mean"", ""baseline_value"": -0.8190847635269165, ""freq"": 0.6378660481298927, ""delta_mean"": -0.9016625285148621, ""direction"": ""decrease"", ""score"": 0.5751399138105817}, {""factor_id"": 40, ""factor_label"": ""climate_bio15"", ""factor_kind"": ""climate_feature"", ""baseline_type"": ""region_mean"", ""baseline_value"": -0.8190847635269165, ""freq"": 0.12351406204697013, ""delta_mean"": -0.6693466305732727, ""direction"": ""decrease"", ""score"": 0.0826737212595576}, {""factor_id"": 34, ""factor_label"": ""covgtiff_wet_g_0_5cm_1km_mean"", ""factor_kind"": ""gtiff_covariate"", ""baseline_type"": ""region_mean"", ""baseline_value"": -0.8190847635269165, ""freq"": 0.1209046100318933, ""delta_mean"": -0.8715946078300476, ""direction"": ""decrease"", ""score"": 0.10537980616559288}, {""factor_id"": 39, ""factor_label"": ""climate_bio12"", ""factor_kind"": ""climate_feature"", ""baseline_type"": ""region_mean"", ""baseline_value"": -0.8190847635269165, ""freq"": 0.053058857639895624, ""delta_mean"": -0.7604728937149048, ""direction"": ""decrease"", ""score"": 0.04034982300661861}, {""factor_id"": 19, ""factor_label"": ""ndre"", ""factor_kind"": ""aux_feature"", ""baseline_type"": ""region_mean"", ""baseline_value"": -0.8190847635269165, ""freq"": 0.044070745143519864, ""delta_mean"": -0.7290191054344177, ""direction"": ""decrease"", ""score"": 0.03212841520035706}]",23,red_green_ratio,aux_feature,region_mean,-0.8190847635269165,0.6378660481298927,-0.9016625285148621,decrease,0.5751399138105817
200,OC_0-5cm_1km_mean,"{""OC_0-5cm_1km_mean"": {""mean"": 1.46818866442751, ""p50"": 1.4530415534973145, ""p95"": 1.5875614702701568}}","[{""factor_id"": 23, ""factor_label"": ""red_green_ratio"", ""factor_kind"": ""aux_feature"", ""baseline_type"": ""region_mean"", ""baseline_value"": -0.8891395330429077, ""freq"": 0.7333333333333333, ""delta_mean"": -0.8928869366645813, ""direction"": ""decrease"", ""score"": 0.6547837535540263}, {""factor_id"": 34, ""factor_label"": ""covgtiff_wet_g_0_5cm_1km_mean"", ""factor_kind"": ""gtiff_covariate"", ""baseline_type"": ""region_mean"", ""baseline_value"": -0.8891395330429077, ""freq"": 0.2601851851851852, ""delta_mean"": -0.8858681321144104, ""direction"": ""decrease"", ""score"": 0.23048976400384197}, {""factor_id"": 40, ""factor_label"": ""climate_bio15"", ""factor_kind"": ""climate_feature"", ""baseline_type"": ""region_mean"", ""baseline_value"": -0.8891395330429077, ""freq"": 0.006481481481481481, ""delta_mean"": -0.5964711308479309, ""direction"": ""decrease"", ""score"": 0.0038660165888291815}]",23,red_green_ratio,aux_feature,region_mean,-0.8891395330429077,0.7333333333333333,-0.8928869366645813,decrease,0.6547837535540263
201,OC_0-5cm_1km_mean,"{""OC_0-5cm_1km_mean"": {""mean"": 1.3280076072281561, ""p50"": 1.313437581062317, ""p95"": 1.4983510971069334}}","[{""factor_id"": 23, ""factor_label"": ""red_green_ratio"", ""factor_kind"": ""aux_feature"", ""baseline_type"": ""region_mean"", ""baseline_value"": -0.7910512685775757, ""freq"": 0.6498942917547569, ""delta_mean"": -0.8037071824073792, ""direction"": ""decrease"", ""score"": 0.5223247100888548}, {""factor_id"": 40, ""factor_label"": ""climate_bio15"", ""factor_kind"": ""climate_feature"", ""baseline_type"": ""region_mean"", ""baseline_value"": -0.7910512685775757, ""freq"": 0.16448202959830865, ""delta_mean"": -0.622620701789856, ""direction"": ""decrease"", ""score"": 0.10240991670031879}, {""factor_id"": 34, ""factor_label"": ""covgtiff_wet_g_0_5cm_1km_mean"", ""factor_kind"": ""gtiff_covariate"", ""baseline_type"": ""region_mean"", ""baseline_value"": -0.7910512685775757, ""freq"": 0.1463002114164905, ""delta_mean"": -0.9288896322250366, ""direction"": ""decrease"", ""score"": 0.13589674957710896}, {""factor_id"": 39, ""factor_label"": ""climate_bio12"", ""factor_kind"": ""climate_feature"", ""baseline_type"": ""region_mean"", ""baseline_value"": -0.7910512685775757, ""freq"": 0.03298097251585624, ""delta_mean"": -0.7589287757873535, ""direction"": ""decrease"", ""score"": 0.025030209095735126}, {""factor_id"": 19, ""factor_label"": ""ndre"", ""factor_kind"": ""aux_feature"", ""baseline_type"": ""region_mean"", ""baseline_value"": -0.7910512685775757, ""freq"": 0.006342494714587738, ""delta_mean"": -0.849773645401001, ""direction"": ""decrease"", ""score"": 0.005389684854551803}]",23,red_green_ratio,aux_feature,region_mean,-0.7910512685775757,0.6498942917547569,-0.8037071824073792,decrease,0.5223247100888548
202,OC_0-5cm_1km_mean,"{""OC_0-5cm_1km_mean"": {""mean"": 1.6249309314469929, ""p50"": 1.5156822204589844, ""p95"": 2.343912363052368}}","[{""factor_id"": 23, ""factor_label"": ""red_green_ratio"", ""factor_kind"": ""aux_feature"", ""baseline_type"": ""region_mean"", ""baseline_value"": -0.6843174695968628, ""freq"": 0.5542304324256703, ""delta_mean"": -0.8669894337654114, ""direction"": ""decrease"", ""score"": 0.48051192878429094}, {""factor_id"": 34, ""factor_label"": ""covgtiff_wet_g_0_5cm_1km_mean"", ""factor_kind"": ""gtiff_covariate"", ""baseline_type"": ""region_mean"", ""baseline_value"": -0.6843174695968628, ""freq"": 0.19686418414578208, ""delta_mean"": -0.8749919533729553, ""direction"": ""decrease"", ""score"": 0.17225457703489105}, {""factor_id"": 40, ""factor_label"": ""climate_bio15"", ""factor_kind"": ""climate_feature"", ""baseline_type"": ""region_mean"", ""baseline_value"": -0.6843174695968628, ""freq"": 0.12034527334139528, ""delta_mean"": -0.5646527409553528, ""direction"": ""decrease"", ""score"": 0.06795328845323999}, {""factor_id"": 37, ""factor_label"": ""climate_bio1"", ""factor_kind"": ""climate_feature"", ""baseline_type"": ""region_mean"", ""baseline_value"": -0.6843174695968628, ""freq"": 0.07476752429006296, ""delta_mean"": 1.0128207206726074, ""direction"": ""increase"", ""score"": 0.07572609783436825}, {""factor_id"": 39, ""factor_label"": ""climate_bio12"", ""factor_kind"": ""climate_feature"", ""baseline_type"": ""region_mean"", ""baseline_value"": -0.6843174695968628, ""freq"": 0.04082398565531045, ""delta_mean"": -0.6914513111114502, ""direction"": ""decrease"", ""score"": 0.028227798406159448}]",23,red_green_ratio,aux_feature,region_mean,-0.6843174695968628,0.5542304324256703,-0.8669894337654114,decrease,0.48051192878429094
203,OC_0-5cm_1km_mean,"{""OC_0-5cm_1km_mean"": {""mean"": 1.5805792044194644, ""p50"": 1.5187848210334778, ""p95"": 1.9672746419906608}}","[{""factor_id"": 23, ""factor_label"": ""red_green_ratio"", ""factor_kind"": ""aux_feature"", ""baseline_type"": ""region_mean"", ""baseline_value"": -0.8688503503799438, ""freq"": 0.4024122807017544, ""delta_mean"": -0.9204779267311096, ""direction"": ""decrease"", ""score"": 0.3704116218314882}, {""factor_id"": 34, ""factor_label"": ""covgtiff_wet_g_0_5cm_1km_mean"", ""factor_kind"": ""gtiff_covariate"", ""baseline_type"": ""region_mean"", ""baseline_value"": -0.8688503503799438, ""freq"": 0.25109649122807015, ""delta_mean"": -0.9888669848442078, ""direction"": ""decrease"", ""score"": 0.2483010301856618}, {""factor_id"": 40, ""factor_label"": ""climate_bio15"", ""factor_kind"": ""climate_feature"", ""baseline_type"": ""region_mean"", ""baseline_value"": -0.8688503503799438, ""freq"": 0.15844298245614036, ""delta_mean"": -0.7103525996208191, ""direction"": ""decrease"", ""score"": 0.11255038447939514}, {""factor_id"": 44, ""factor_label"": ""terrain_slope"", ""factor_kind"": ""terrain_feature"", ""baseline_type"": ""region_mean"", ""baseline_value"": -0.8688503503799438, ""freq"": 0.09841008771929824, ""delta_mean"": -0.9799612760543823, ""direction"": ""decrease"", ""score"": 0.0964380751380272}, {""factor_id"": 19, ""factor_label"": ""ndre"", ""factor_kind"": ""aux_feature"", ""baseline_type"": ""region_mean"", ""baseline_value"": -0.8688503503799438, ""freq"": 0.047697368421052634, ""delta_mean"": -0.8486287593841553, ""direction"": ""decrease"", ""score"": 0.04047735858904688}]",23,red_green_ratio,aux_feature,region_mean,-0.8688503503799438,0.4024122807017544,-0.9204779267311096,decrease,0.3704116218314882
204,OC_0-5cm_1km_mean,"{""OC_0-5cm_1km_mean"": {""mean"": 1.3839029652603876, ""p50"": 1.378482460975647, ""p95"": 1.4556049585342405}}","[{""factor_id"": 23, ""factor_label"": ""red_green_ratio"", ""factor_kind"": ""aux_feature"", ""baseline_type"": ""region_mean"", ""baseline_value"": -0.7899912595748901, ""freq"": 0.5431789737171464, ""delta_mean"": -0.8494959473609924, ""direction"": ""decrease"", ""score"": 0.4614283368644189}, {""factor_id"": 40, ""factor_label"": ""climate_bio15"", ""factor_kind"": ""climate_feature"", ""baseline_type"": ""region_mean"", ""baseline_value"": -0.7899912595748901, ""freq"": 0.2461410095953275, ""delta_mean"": -0.6242431998252869, ""direction"": ""decrease"", ""score"": 0.15365185143801388}, {""factor_id"": 34, ""factor_label"": ""covgtiff_wet_g_0_5cm_1km_mean"", ""factor_kind"": ""gtiff_covariate"", ""baseline_type"": ""region_mean"", ""baseline_value"": -0.7899912595748901, ""freq"": 0.19858156028368795, ""delta_mean"": -0.8411462903022766, ""direction"": ""decrease"", ""score"": 0.16703614275506204}, {""factor_id"": 39, ""factor_label"": ""climate_bio12"", ""factor_kind"": ""climate_feature"", ""baseline_type"": ""region_mean"", ""baseline_value"": -0.7899912595748901, ""freq"": 0.012098456403838132, ""delta_mean"": -0.6509050726890564, ""direction"": ""decrease"", ""score"": 0.007874946644965639}]",23,red_green_ratio,aux_feature,region_mean,-0.7899912595748901,0.5431789737171464,-0.8494959473609924,decrease,0.4614283368644189
205,OC_0-5cm_1km_mean,"{""OC_0-5cm_1km_mean"": {""mean"": 1.4431135957264056, ""p50"": 1.4257403016090393, ""p95"": 1.6097613275051117}}","[{""factor_id"": 23, ""factor_label"": ""red_green_ratio"", ""factor_kind"": ""aux_feature"", ""baseline_type"": ""region_mean"", ""baseline_value"": -0.9051331877708435, ""freq"": 0.7561629153269025, ""delta_mean"": -0.9365783929824829, ""direction"": ""decrease"", ""score"": 0.7082058480698197}, {""factor_id"": 34, ""factor_label"": ""covgtiff_wet_g_0_5cm_1km_mean"", ""factor_kind"": ""gtiff_covariate"", ""baseline_type"": ""region_mean"", ""baseline_value"": -0.9051331877708435, ""freq"": 0.14469453376205788, ""delta_mean"": -0.9375665783882141, ""direction"": ""decrease"", ""score"": 0.13566075893077054}, {""factor_id"": 40, ""factor_label"": ""climate_bio15"", ""factor_kind"": ""climate_feature"", ""baseline_type"": ""region_mean"", ""baseline_value"": -0.9051331877708435, ""freq"": 0.0744908896034298, ""delta_mean"": -0.5993655920028687, ""direction"": ""decrease"", ""score"": 0.04464727614598003}, {""factor_id"": 39, ""factor_label"": ""climate_bio12"", ""factor_kind"": ""climate_feature"", ""baseline_type"": ""region_mean"", ""baseline_value"": -0.9051331877708435, ""freq"": 0.024115755627009645, ""delta_mean"": -0.6772981286048889, ""direction"": ""decrease"", ""score"": 0.01633355615606645}, {""factor_id"": 19, ""factor_label"": ""ndre"", ""factor_kind"": ""aux_feature"", ""baseline_type"": ""region_mean"", ""baseline_value"": -0.9051331877708435, ""freq"": 0.0005359056806002144, ""delta_mean"": -0.5333154797554016, ""direction"": ""decrease"", ""score"": 0.00028580679515294836}]",23,red_green_ratio,aux_feature,region_mean,-0.9051331877708435,0.7561629153269025,-0.9365783929824829,decrease,0.7082058480698197
206,OC_0-5cm_1km_mean,"{""OC_0-5cm_1km_mean"": {""mean"": 1.6055428998720669, ""p50"": 1.5077483654022217, ""p95"": 2.244326984882355}}","[{""factor_id"": 23, ""factor_label"": ""red_green_ratio"", ""factor_kind"": ""aux_feature"", ""baseline_type"": ""region_mean"", ""baseline_value"": -0.6865455508232117, ""freq"": 0.6363198458574181, ""delta_mean"": -0.8530488014221191, ""direction"": ""decrease"", ""score"": 0.5428118818297781}, {""factor_id"": 40, ""factor_label"": ""climate_bio15"", ""factor_kind"": ""climate_feature"", ""baseline_type"": ""region_mean"", ""baseline_value"": -0.6865455508232117, ""freq"": 0.11223506743737957, ""delta_mean"": -0.6606278419494629, ""direction"": ""decrease"", ""score"": 0.0741456103922085}, {""factor_id"": 37, ""factor_label"": ""climate_bio1"", ""factor_kind"": ""climate_feature"", ""baseline_type"": ""region_mean"", ""baseline_value"": -0.6865455508232117, ""freq"": 0.07418111753371869, ""delta_mean"": 0.9883521795272827, ""direction"": ""increase"", ""score"": 0.07331706919422039}, {""factor_id"": 39, ""factor_label"": ""climate_bio12"", ""factor_kind"": ""climate_feature"", ""baseline_type"": ""region_mean"", ""baseline_value"": -0.6865455508232117, ""freq"": 0.07177263969171484, ""delta_mean"": -0.7512179613113403, ""direction"": ""decrease"", ""score"": 0.05391689606714341}, {""factor_id"": 34, ""factor_label"": ""covgtiff_wet_g_0_5cm_1km_mean"", ""factor_kind"": ""gtiff_covariate"", ""baseline_type"": ""region_mean"", ""baseline_value"": -0.6865455508232117, ""freq"": 0.05394990366088632, ""delta_mean"": -0.8899019956588745, ""direction"": ""decrease"", ""score"": 0.04801012693342675}]",23,red_green_ratio,aux_feature,region_mean,-0.6865455508232117,0.6363198458574181,-0.8530488014221191,decrease,0.5428118818297781
207,OC_0-5cm_1km_mean,"{""OC_0-5cm_1km_mean"": {""mean"": 1.3856397224284782, ""p50"": 1.3415943384170532, ""p95"": 1.6498650312423706}}","[{""factor_id"": 23, ""factor_label"": ""red_green_ratio"", ""factor_kind"": ""aux_feature"", ""baseline_type"": ""region_mean"", ""baseline_value"": -0.8338553309440613, ""freq"": 0.530404329831264, ""delta_mean"": -0.8491195440292358, ""direction"": ""decrease"", ""score"": 0.4503766826974553}, {""factor_id"": 34, ""factor_label"": ""covgtiff_wet_g_0_5cm_1km_mean"", ""factor_kind"": ""gtiff_covariate"", ""baseline_type"": ""region_mean"", ""baseline_value"": -0.8338553309440613, ""freq"": 0.2696593441579115, ""delta_mean"": -1.00052011013031, ""direction"": ""decrease"", ""score"": 0.2697995967145408}, {""factor_id"": 40, ""factor_label"": ""climate_bio15"", ""factor_kind"": ""climate_feature"", ""baseline_type"": ""region_mean"", ""baseline_value"": -0.8338553309440613, ""freq"": 0.15249920407513531, ""delta_mean"": -0.5768088102340698, ""direction"": ""decrease"", ""score"": 0.08796288446422142}, {""factor_id"": 39, ""factor_label"": ""climate_bio12"", ""factor_kind"": ""climate_feature"", ""baseline_type"": ""region_mean"", ""baseline_value"": -0.8338553309440613, ""freq"": 0.03979624323463865, ""delta_mean"": -0.7399922013282776, ""direction"": ""decrease"", ""score"": 0.029448909635795828}, {""factor_id"": 37, ""factor_label"": ""climate_bio1"", ""factor_kind"": ""climate_feature"", ""baseline_type"": ""region_mean"", ""baseline_value"": -0.8338553309440613, ""freq"": 0.0057306590257879654, ""delta_mean"": 1.0178602933883667, ""direction"": ""increase"", ""score"": 0.00583301027729723}]",23,red_green_ratio,aux_feature,region_mean,-0.8338553309440613,0.530404329831264,-0.8491195440292358,decrease,0.4503766826974553
208,OC_0-5cm_1km_mean,"{""OC_0-5cm_1km_mean"": {""mean"": 1.535587596607969, ""p50"": 1.5148710012435913, ""p95"": 1.801674747467041}}","[{""factor_id"": 19, ""factor_label"": ""ndre"", ""factor_kind"": ""aux_feature"", ""baseline_type"": ""region_mean"", ""baseline_value"": -0.6296526193618774, ""freq"": 0.6509308510638298, ""delta_mean"": -0.7123598456382751, ""direction"": ""decrease"", ""score"": 0.46369700058502084}, {""factor_id"": 39, ""factor_label"": ""climate_bio12"", ""factor_kind"": ""climate_feature"", ""baseline_type"": ""region_mean"", ""baseline_value"": -0.6296526193618774, ""freq"": 0.3304521276595745, ""delta_mean"": -0.4828713536262512, ""direction"": ""decrease"", ""score"": 0.1595658661916535}, {""factor_id"": 40, ""factor_label"": ""climate_bio15"", ""factor_kind"": ""climate_feature"", ""baseline_type"": ""region_mean"", ""baseline_value"": -0.6296526193618774, ""freq"": 0.011968085106382979, ""delta_mean"": -0.3133540153503418, ""direction"": ""decrease"", ""score"": 0.003750247524139729}, {""factor_id"": 15, ""factor_label"": ""band_15"", ""factor_kind"": ""single_band"", ""baseline_type"": ""region_mean"", ""baseline_value"": -0.6296526193618774, ""freq"": 0.003324468085106383, ""delta_mean"": -0.27601343393325806, ""direction"": ""decrease"", ""score"": 0.0009175978521717356}, {""factor_id"": 44, ""factor_label"": ""terrain_slope"", ""factor_kind"": ""terrain_feature"", ""baseline_type"": ""region_mean"", ""baseline_value"": -0.6296526193618774, ""freq"": 0.0026595744680851063, ""delta_mean"": -0.8445258736610413, ""direction"": ""decrease"", ""score"": 0.0022460794512261734}]",19,ndre,aux_feature,region_mean,-0.6296526193618774,0.6509308510638298,-0.7123598456382751,decrease,0.46369700058502084
209,OC_0-5cm_1km_mean,"{""OC_0-5cm_1km_mean"": {""mean"": 1.3225043919069548, ""p50"": 1.2779291868209839, ""p95"": 1.575763177871704}}","[{""factor_id"": 23, ""factor_label"": ""red_green_ratio"", ""factor_kind"": ""aux_feature"", ""baseline_type"": ""region_mean"", ""baseline_value"": -0.7757121920585632, ""freq"": 0.6377523186033824, ""delta_mean"": -0.7862508893013, ""direction"": ""decrease"", ""score"": 0.5014333276558754}, {""factor_id"": 40, ""factor_label"": ""climate_bio15"", ""factor_kind"": ""climate_feature"", ""baseline_type"": ""region_mean"", ""baseline_value"": -0.7757121920585632, ""freq"": 0.16639388979814512, ""delta_mean"": -0.5698676705360413, ""direction"": ""decrease"", ""score"": 0.09482249837069973}, {""factor_id"": 34, ""factor_label"": ""covgtiff_wet_g_0_5cm_1km_mean"", ""factor_kind"": ""gtiff_covariate"", ""baseline_type"": ""region_mean"", ""baseline_value"": -0.7757121920585632, ""freq"": 0.14566284779050737, ""delta_mean"": -1.0185012817382812, ""direction"": ""decrease"", ""score"": 0.14835779717627992}, {""factor_id"": 39, ""factor_label"": ""climate_bio12"", ""factor_kind"": ""climate_feature"", ""baseline_type"": ""region_mean"", ""baseline_value"": -0.7757121920585632, ""freq"": 0.03927986906710311, ""delta_mean"": -0.6562686562538147, ""direction"": ""decrease"", ""score"": 0.02577814689049354}, {""factor_id"": 19, ""factor_label"": ""ndre"", ""factor_kind"": ""aux_feature"", ""baseline_type"": ""region_mean"", ""baseline_value"": -0.7757121920585632, ""freq"": 0.008183306055646482, ""delta_mean"": -0.9824146032333374, ""direction"": ""decrease"", ""score"": 0.008039399371794907}]",23,red_green_ratio,aux_feature,region_mean,-0.7757121920585632,0.6377523186033824,-0.7862508893013,decrease,0.5014333276558754
210,OC_0-5cm_1km_mean,"{""OC_0-5cm_1km_mean"": {""mean"": 1.8651041077521426, ""p50"": 1.752172827720642, ""p95"": 2.6488824367523187}}","[{""factor_id"": 23, ""factor_label"": ""red_green_ratio"", ""factor_kind"": ""aux_feature"", ""baseline_type"": ""region_mean"", ""baseline_value"": -0.861769437789917, ""freq"": 0.5842778793418647, ""delta_mean"": -1.1490912437438965, ""direction"": ""decrease"", ""score"": 0.6713885950649896}, {""factor_id"": 34, ""factor_label"": ""covgtiff_wet_g_0_5cm_1km_mean"", ""factor_kind"": ""gtiff_covariate"", ""baseline_type"": ""region_mean"", ""baseline_value"": -0.861769437789917, ""freq"": 0.2906764168190128, ""delta_mean"": -1.0631887912750244, ""direction"": ""decrease"", ""score"": 0.30904390824996136}, {""factor_id"": 37, ""factor_label"": ""climate_bio1"", ""factor_kind"": ""climate_feature"", ""baseline_type"": ""region_mean"", ""baseline_value"": -0.861769437789917, ""freq"": 0.11224862888482633, ""delta_mean"": 1.1614245176315308, ""direction"": ""increase"", ""score"": 0.13036830965736013}, {""factor_id"": 19, ""factor_label"": ""ndre"", ""factor_kind"": ""aux_feature"", ""baseline_type"": ""region_mean"", ""baseline_value"": -0.861769437789917, ""freq"": 0.01060329067641682, ""delta_mean"": -0.9494794011116028, ""direction"": ""decrease"", ""score"": 0.010067606081256484}, {""factor_id"": 39, ""factor_label"": ""climate_bio12"", ""factor_kind"": ""climate_feature"", ""baseline_type"": ""region_mean"", ""baseline_value"": -0.861769437789917, ""freq"": 0.0014625228519195613, ""delta_mean"": -0.7834347486495972, ""direction"": ""decrease"", ""score"": 0.0011457912228878936}]",23,red_green_ratio,aux_feature,region_mean,-0.861769437789917,0.5842778793418647,-1.1490912437438965,decrease,0.6713885950649896
211,OC_0-5cm_1km_mean,"{""OC_0-5cm_1km_mean"": {""mean"": 1.5950633508849623, ""p50"": 1.590814471244812, ""p95"": 1.7523374080657959}}","[{""factor_id"": 19, ""factor_label"": ""ndre"", ""factor_kind"": ""aux_feature"", ""baseline_type"": ""region_mean"", ""baseline_value"": -0.6164253354072571, ""freq"": 0.7250457038391225, ""delta_mean"": -0.6750108003616333, ""direction"": ""decrease"", ""score"": 0.4894136808472098}, {""factor_id"": 39, ""factor_label"": ""climate_bio12"", ""factor_kind"": ""climate_feature"", ""baseline_type"": ""region_mean"", ""baseline_value"": -0.6164253354072571, ""freq"": 0.23327239488117002, ""delta_mean"": -0.4539809823036194, ""direction"": ""decrease"", ""score"": 0.10590123097247137}, {""factor_id"": 43, ""factor_label"": ""terrain_relief"", ""factor_kind"": ""terrain_feature"", ""baseline_type"": ""region_mean"", ""baseline_value"": -0.6164253354072571, ""freq"": 0.02413162705667276, ""delta_mean"": -0.532633364200592, ""direction"": ""decrease"", ""score"": 0.012853309702829644}, {""factor_id"": 40, ""factor_label"": ""climate_bio15"", ""factor_kind"": ""climate_feature"", ""baseline_type"": ""region_mean"", ""baseline_value"": -0.6164253354072571, ""freq"": 0.009140767824497258, ""delta_mean"": -0.307026207447052, ""direction"": ""decrease"", ""score"": 0.0028064552783094335}, {""factor_id"": 44, ""factor_label"": ""terrain_slope"", ""factor_kind"": ""terrain_feature"", ""baseline_type"": ""region_mean"", ""baseline_value"": -0.6164253354072571, ""freq"": 0.008409506398537478, ""delta_mean"": -0.6481530666351318, ""direction"": ""decrease"", ""score"": 0.005450647361099829}]",19,ndre,aux_feature,region_mean,-0.6164253354072571,0.7250457038391225,-0.6750108003616333,decrease,0.4894136808472098
212,OC_0-5cm_1km_mean,"{""OC_0-5cm_1km_mean"": {""mean"": 1.4769486237178253, ""p50"": 1.464774489402771, ""p95"": 1.6194619059562683}}","[{""factor_id"": 23, ""factor_label"": ""red_green_ratio"", ""factor_kind"": ""aux_feature"", ""baseline_type"": ""region_mean"", ""baseline_value"": -0.939536988735199, ""freq"": 0.8681493248610008, ""delta_mean"": -0.9658234119415283, ""direction"": ""decrease"", ""score"": 0.8384789430119861}, {""factor_id"": 34, ""factor_label"": ""covgtiff_wet_g_0_5cm_1km_mean"", ""factor_kind"": ""gtiff_covariate"", ""baseline_type"": ""region_mean"", ""baseline_value"": -0.939536988735199, ""freq"": 0.06433677521842732, ""delta_mean"": -0.9523330330848694, ""direction"": ""decrease"", ""score"": 0.06127003628266434}, {""factor_id"": 40, ""factor_label"": ""climate_bio15"", ""factor_kind"": ""climate_feature"", ""baseline_type"": ""region_mean"", ""baseline_value"": -0.939536988735199, ""freq"": 0.06036536934074663, ""delta_mean"": -0.6380512118339539, ""direction"": ""decrease"", ""score"": 0.03851619706066759}, {""factor_id"": 39, ""factor_label"": ""climate_bio12"", ""factor_kind"": ""climate_feature"", ""baseline_type"": ""region_mean"", ""baseline_value"": -0.939536988735199, ""freq"": 0.004765687053216839, ""delta_mean"": -0.7050318717956543, ""direction"": ""decrease"", ""score"": 0.003359961263521784}, {""factor_id"": 37, ""factor_label"": ""climate_bio1"", ""factor_kind"": ""climate_feature"", ""baseline_type"": ""region_mean"", ""baseline_value"": -0.939536988735199, ""freq"": 0.0023828435266084196, ""delta_mean"": 0.8763006329536438, ""direction"": ""increase"", ""score"": 0.0020880872905964507}]",23,red_green_ratio,aux_feature,region_mean,-0.939536988735199,0.8681493248610008,-0.9658234119415283,decrease,0.8384789430119861
213,OC_0-5cm_1km_mean,"{""OC_0-5cm_1km_mean"": {""mean"": 1.8390409669476355, ""p50"": 1.7680459022521973, ""p95"": 2.463094866275787}}","[{""factor_id"": 23, ""factor_label"": ""red_green_ratio"", ""factor_kind"": ""aux_feature"", ""baseline_type"": ""region_mean"", ""baseline_value"": -0.6144551634788513, ""freq"": 0.6404191616766467, ""delta_mean"": -0.9520689845085144, ""direction"": ""decrease"", ""score"": 0.6097232209172792}, {""factor_id"": 37, ""factor_label"": ""climate_bio1"", ""factor_kind"": ""climate_feature"", ""baseline_type"": ""region_mean"", ""baseline_value"": -0.6144551634788513, ""freq"": 0.15449101796407186, ""delta_mean"": 1.0080446004867554, ""direction"": ""increase"", ""score"": 0.15573383648238495}, {""factor_id"": 34, ""factor_label"": ""covgtiff_wet_g_0_5cm_1km_mean"", ""factor_kind"": ""gtiff_covariate"", ""baseline_type"": ""region_mean"", ""baseline_value"": -0.6144551634788513, ""freq"": 0.08862275449101796, ""delta_mean"": -0.8900136351585388, ""direction"": ""decrease"", ""score"": 0.07887545988231362}, {""factor_id"": 40, ""factor_label"": ""climate_bio15"", ""factor_kind"": ""climate_feature"", ""baseline_type"": ""region_mean"", ""baseline_value"": -0.6144551634788513, ""freq"": 0.06736526946107785, ""delta_mean"": -0.6583535671234131, ""direction"": ""decrease"", ""score"": 0.04435016544993053}, {""factor_id"": 44, ""factor_label"": ""terrain_slope"", ""factor_kind"": ""terrain_feature"", ""baseline_type"": ""region_mean"", ""baseline_value"": -0.6144551634788513, ""freq"": 0.033532934131736525, ""delta_mean"": -0.7720467448234558, ""direction"": ""decrease"", ""score"": 0.02588899264078654}]",23,red_green_ratio,aux_feature,region_mean,-0.6144551634788513,0.6404191616766467,-0.9520689845085144,decrease,0.6097232209172792
214,OC_0-5cm_1km_mean,"{""OC_0-5cm_1km_mean"": {""mean"": 1.6226833751590837, ""p50"": 1.6318106651306152, ""p95"": 1.7539946079254152}}","[{""factor_id"": 19, ""factor_label"": ""ndre"", ""factor_kind"": ""aux_feature"", ""baseline_type"": ""region_mean"", ""baseline_value"": -0.5499122738838196, ""freq"": 0.5419354838709678, ""delta_mean"": -0.62046217918396, ""direction"": ""decrease"", ""score"": 0.3362504712996945}, {""factor_id"": 43, ""factor_label"": ""terrain_relief"", ""factor_kind"": ""terrain_feature"", ""baseline_type"": ""region_mean"", ""baseline_value"": -0.5499122738838196, ""freq"": 0.2871945259042033, ""delta_mean"": -0.5524782538414001, ""direction"": ""decrease"", ""score"": 0.158668730184363}, {""factor_id"": 39, ""factor_label"": ""climate_bio12"", ""factor_kind"": ""climate_feature"", ""baseline_type"": ""region_mean"", ""baseline_value"": -0.5499122738838196, ""freq"": 0.05943304007820137, ""delta_mean"": -0.31325846910476685, ""direction"": ""decrease"", ""score"": 0.018617903149139612}, {""factor_id"": 40, ""factor_label"": ""climate_bio15"", ""factor_kind"": ""climate_feature"", ""baseline_type"": ""region_mean"", ""baseline_value"": -0.5499122738838196, ""freq"": 0.04633431085043988, ""delta_mean"": -0.32928529381752014, ""direction"": ""decrease"", ""score"": 0.015257207162219408}, {""factor_id"": 37, ""factor_label"": ""climate_bio1"", ""factor_kind"": ""climate_feature"", ""baseline_type"": ""region_mean"", ""baseline_value"": -0.5499122738838196, ""freq"": 0.026392961876832845, ""delta_mean"": 0.2583814859390259, ""direction"": ""increase"", ""score"": 0.006819452708068132}]",19,ndre,aux_feature,region_mean,-0.5499122738838196,0.5419354838709678,-0.62046217918396,decrease,0.3362504712996945
215,OC_0-5cm_1km_mean,"{""OC_0-5cm_1km_mean"": {""mean"": 1.5112157945902043, ""p50"": 1.4953604936599731, ""p95"": 1.7113588333129883}}","[{""factor_id"": 23, ""factor_label"": ""red_green_ratio"", ""factor_kind"": ""aux_feature"", ""baseline_type"": ""region_mean"", ""baseline_value"": -0.7726923823356628, ""freq"": 0.6841812621629135, ""delta_mean"": -0.8003500699996948, ""direction"": ""decrease"", ""score"": 0.5475845210645675}, {""factor_id"": 34, ""factor_label"": ""covgtiff_wet_g_0_5cm_1km_mean"", ""factor_kind"": ""gtiff_covariate"", ""baseline_type"": ""region_mean"", ""baseline_value"": -0.7726923823356628, ""freq"": 0.1501251042535446, ""delta_mean"": -0.8578763604164124, ""direction"": ""decrease"", ""score"": 0.1287887780441653}, {""factor_id"": 40, ""factor_label"": ""climate_bio15"", ""factor_kind"": ""climate_feature"", ""baseline_type"": ""region_mean"", ""baseline_value"": -0.7726923823356628, ""freq"": 0.14845704753961636, ""delta_mean"": -0.6152681112289429, ""direction"": ""decrease"", ""score"": 0.09134088723832513}, {""factor_id"": 39, ""factor_label"": ""climate_bio12"", ""factor_kind"": ""climate_feature"", ""baseline_type"": ""region_mean"", ""baseline_value"": -0.7726923823356628, ""freq"": 0.012510425354462052, ""delta_mean"": -0.6918152570724487, ""direction"": ""decrease"", ""score"": 0.008654903132682846}, {""factor_id"": 37, ""factor_label"": ""climate_bio1"", ""factor_kind"": ""climate_feature"", ""baseline_type"": ""region_mean"", ""baseline_value"": -0.7726923823356628, ""freq"": 0.004448151237142063, ""delta_mean"": 0.8836044073104858, ""direction"": ""increase"", ""score"": 0.003930406037522317}]",23,red_green_ratio,aux_feature,region_mean,-0.7726923823356628,0.6841812621629135,-0.8003500699996948,decrease,0.5475845210645675
216,OC_0-5cm_1km_mean,"{""OC_0-5cm_1km_mean"": {""mean"": 1.7537976043596586, ""p50"": 1.6279184222221375, ""p95"": 2.4440682530403137}}","[{""factor_id"": 23, ""factor_label"": ""red_green_ratio"", ""factor_kind"": ""aux_feature"", ""baseline_type"": ""region_mean"", ""baseline_value"": -0.7587199211120605, ""freq"": 0.6682156133828996, ""delta_mean"": -1.0163310766220093, ""direction"": ""decrease"", ""score"": 0.6791282937650787}, {""factor_id"": 34, ""factor_label"": ""covgtiff_wet_g_0_5cm_1km_mean"", ""factor_kind"": ""gtiff_covariate"", ""baseline_type"": ""region_mean"", ""baseline_value"": -0.7587199211120605, ""freq"": 0.19052044609665428, ""delta_mean"": -0.9463937282562256, ""direction"": ""decrease"", ""score"": 0.18030735529045192}, {""factor_id"": 37, ""factor_label"": ""climate_bio1"", ""factor_kind"": ""climate_feature"", ""baseline_type"": ""region_mean"", ""baseline_value"": -0.7587199211120605, ""freq"": 0.11524163568773234, ""delta_mean"": 1.044243574142456, ""direction"": ""increase"", ""score"": 0.12034033754058043}, {""factor_id"": 39, ""factor_label"": ""climate_bio12"", ""factor_kind"": ""climate_feature"", ""baseline_type"": ""region_mean"", ""baseline_value"": -0.7587199211120605, ""freq"": 0.01858736059479554, ""delta_mean"": -0.7860028147697449, ""direction"": ""decrease"", ""score"": 0.014609717746649533}, {""factor_id"": 40, ""factor_label"": ""climate_bio15"", ""factor_kind"": ""climate_feature"", ""baseline_type"": ""region_mean"", ""baseline_value"": -0.7587199211120605, ""freq"": 0.007434944237918215, ""delta_mean"": -0.6744924187660217, ""direction"": ""decrease"", ""score"": 0.005014813522423953}]",23,red_green_ratio,aux_feature,region_mean,-0.7587199211120605,0.6682156133828996,-1.0163310766220093,decrease,0.6791282937650787
217,OC_0-5cm_1km_mean,"{""OC_0-5cm_1km_mean"": {""mean"": 1.5873202735109098, ""p50"": 1.5787435173988342, ""p95"": 1.8237593889236452}}","[{""factor_id"": 19, ""factor_label"": ""ndre"", ""factor_kind"": ""aux_feature"", ""baseline_type"": ""region_mean"", ""baseline_value"": -0.7320716977119446, ""freq"": 0.7902995720399429, ""delta_mean"": -0.785534679889679, ""direction"": ""decrease"", ""score"": 0.6208077213393468}, {""factor_id"": 39, ""factor_label"": ""climate_bio12"", ""factor_kind"": ""climate_feature"", ""baseline_type"": ""region_mean"", ""baseline_value"": -0.7320716977119446, ""freq"": 0.19044222539229672, ""delta_mean"": -0.5454230904579163, ""direction"": ""decrease"", ""score"": 0.10387158712714953}, {""factor_id"": 40, ""factor_label"": ""climate_bio15"", ""factor_kind"": ""climate_feature"", ""baseline_type"": ""region_mean"", ""baseline_value"": -0.7320716977119446, ""freq"": 0.0042796005706134095, ""delta_mean"": -0.43403100967407227, ""direction"": ""decrease"", ""score"": 0.001857479356665074}, {""factor_id"": 25, ""factor_label"": ""red_edge_diff"", ""factor_kind"": ""aux_feature"", ""baseline_type"": ""region_mean"", ""baseline_value"": -0.7320716977119446, ""freq"": 0.0042796005706134095, ""delta_mean"": -0.3190564215183258, ""direction"": ""decrease"", ""score"": 0.0013654340435876996}, {""factor_id"": 44, ""factor_label"": ""terrain_slope"", ""factor_kind"": ""terrain_feature"", ""baseline_type"": ""region_mean"", ""baseline_value"": -0.7320716977119446, ""freq"": 0.003566333808844508, ""delta_mean"": -0.7514879703521729, ""direction"": ""decrease"", ""score"": 0.002680056955606893}]",19,ndre,aux_feature,region_mean,-0.7320716977119446,0.7902995720399429,-0.785534679889679,decrease,0.6208077213393468
218,OC_0-5cm_1km_mean,"{""OC_0-5cm_1km_mean"": {""mean"": 1.5681176312157674, ""p50"": 1.5076966285705566, ""p95"": 2.0263427138328547}}","[{""factor_id"": 23, ""factor_label"": ""red_green_ratio"", ""factor_kind"": ""aux_feature"", ""baseline_type"": ""region_mean"", ""baseline_value"": -0.7073508501052856, ""freq"": 0.5960591133004927, ""delta_mean"": -0.8549821972846985, ""direction"": ""decrease"", ""score"": 0.5096199304012242}, {""factor_id"": 34, ""factor_label"": ""covgtiff_wet_g_0_5cm_1km_mean"", ""factor_kind"": ""gtiff_covariate"", ""baseline_type"": ""region_mean"", ""baseline_value"": -0.7073508501052856, ""freq"": 0.158128078817734, ""delta_mean"": -0.7952691912651062, ""direction"": ""decrease"", ""score"": 0.1257543893576843}, {""factor_id"": 40, ""factor_label"": ""climate_bio15"", ""factor_kind"": ""climate_feature"", ""baseline_type"": ""region_mean"", ""baseline_value"": -0.7073508501052856, ""freq"": 0.14064039408866996, ""delta_mean"": -0.5429227948188782, ""direction"": ""decrease"", ""score"": 0.07635687582304913}, {""factor_id"": 39, ""factor_label"": ""climate_bio12"", ""factor_kind"": ""climate_feature"", ""baseline_type"": ""region_mean"", ""baseline_value"": -0.7073508501052856, ""freq"": 0.04975369458128079, ""delta_mean"": -0.6986963152885437, ""direction"": ""decrease"", ""score"": 0.03476272307593247}, {""factor_id"": 37, ""factor_label"": ""climate_bio1"", ""factor_kind"": ""climate_feature"", ""baseline_type"": ""region_mean"", ""baseline_value"": -0.7073508501052856, ""freq"": 0.049507389162561574, ""delta_mean"": 0.8780415654182434, ""direction"": ""increase"", ""score"": 0.04346954548006574}]",23,red_green_ratio,aux_feature,region_mean,-0.7073508501052856,0.5960591133004927,-0.8549821972846985,decrease,0.5096199304012242
219,OC_0-5cm_1km_mean,"{""OC_0-5cm_1km_mean"": {""mean"": 1.6726822192802273, ""p50"": 1.6558293104171753, ""p95"": 2.0063160061836243}}","[{""factor_id"": 19, ""factor_label"": ""ndre"", ""factor_kind"": ""aux_feature"", ""baseline_type"": ""region_mean"", ""baseline_value"": -0.6239296793937683, ""freq"": 0.6684856753069577, ""delta_mean"": -0.7343119978904724, ""direction"": ""decrease"", ""score"": 0.49087705179581376}, {""factor_id"": 39, ""factor_label"": ""climate_bio12"", ""factor_kind"": ""climate_feature"", ""baseline_type"": ""region_mean"", ""baseline_value"": -0.6239296793937683, ""freq"": 0.2762619372442019, ""delta_mean"": -0.5149936079978943, ""direction"": ""decrease"", ""score"": 0.14227313181387938}, {""factor_id"": 37, ""factor_label"": ""climate_bio1"", ""factor_kind"": ""climate_feature"", ""baseline_type"": ""region_mean"", ""baseline_value"": -0.6239296793937683, ""freq"": 0.02592087312414734, ""delta_mean"": 0.6880719065666199, ""direction"": ""increase"", ""score"": 0.017835424590403517}, {""factor_id"": 15, ""factor_label"": ""band_15"", ""factor_kind"": ""single_band"", ""baseline_type"": ""region_mean"", ""baseline_value"": -0.6239296793937683, ""freq"": 0.019099590723055934, ""delta_mean"": -0.30342531204223633, ""direction"": ""decrease"", ""score"": 0.005795299275022249}, {""factor_id"": 40, ""factor_label"": ""climate_bio15"", ""factor_kind"": ""climate_feature"", ""baseline_type"": ""region_mean"", ""baseline_value"": -0.6239296793937683, ""freq"": 0.007503410641200546, ""delta_mean"": -0.23567847907543182, ""direction"": ""decrease"", ""score"": 0.0017683924077965553}]",19,ndre,aux_feature,region_mean,-0.6239296793937683,0.6684856753069577,-0.7343119978904724,decrease,0.49087705179581376
220,OC_0-5cm_1km_mean,"{""OC_0-5cm_1km_mean"": {""mean"": 1.486689211006737, ""p50"": 1.4746179580688477, ""p95"": 1.6598799943923948}}","[{""factor_id"": 23, ""factor_label"": ""red_green_ratio"", ""factor_kind"": ""aux_feature"", ""baseline_type"": ""region_mean"", ""baseline_value"": -0.7480280995368958, ""freq"": 0.6800981409832971, ""delta_mean"": -0.7793934941291809, ""direction"": ""decrease"", ""score"": 0.5300640664517322}, {""factor_id"": 40, ""factor_label"": ""climate_bio15"", ""factor_kind"": ""climate_feature"", ""baseline_type"": ""region_mean"", ""baseline_value"": -0.7480280995368958, ""freq"": 0.16882136453713315, ""delta_mean"": -0.5617985725402832, ""direction"": ""decrease"", ""score"": 0.09484360161126419}, {""factor_id"": 34, ""factor_label"": ""covgtiff_wet_g_0_5cm_1km_mean"", ""factor_kind"": ""gtiff_covariate"", ""baseline_type"": ""region_mean"", ""baseline_value"": -0.7480280995368958, ""freq"": 0.14098329715957347, ""delta_mean"": -0.8338618278503418, ""direction"": ""decrease"", ""score"": 0.11756058986584984}, {""factor_id"": 39, ""factor_label"": ""climate_bio12"", ""factor_kind"": ""climate_feature"", ""baseline_type"": ""region_mean"", ""baseline_value"": -0.7480280995368958, ""freq"": 0.00849296970840804, ""delta_mean"": -0.7542511820793152, ""direction"": ""decrease"", ""score"": 0.006405832441930581}, {""factor_id"": 37, ""factor_label"": ""climate_bio1"", ""factor_kind"": ""climate_feature"", ""baseline_type"": ""region_mean"", ""baseline_value"": -0.7480280995368958, ""freq"": 0.0013211286213079174, ""delta_mean"": 0.8231205940246582, ""direction"": ""increase"", ""score"": 0.0010874481755539507}]",23,red_green_ratio,aux_feature,region_mean,-0.7480280995368958,0.6800981409832971,-0.7793934941291809,decrease,0.5300640664517322
221,OC_0-5cm_1km_mean,"{""OC_0-5cm_1km_mean"": {""mean"": 1.799415376173117, ""p50"": 1.73069429397583, ""p95"": 2.2376207828521726}}","[{""factor_id"": 23, ""factor_label"": ""red_green_ratio"", ""factor_kind"": ""aux_feature"", ""baseline_type"": ""region_mean"", ""baseline_value"": -0.7950141429901123, ""freq"": 0.6022235948116121, ""delta_mean"": -0.9118750095367432, ""direction"": ""decrease"", ""score"": 0.5491526462620906}, {""factor_id"": 43, ""factor_label"": ""terrain_relief"", ""factor_kind"": ""terrain_feature"", ""baseline_type"": ""region_mean"", ""baseline_value"": -0.7950141429901123, ""freq"": 0.15935762816553428, ""delta_mean"": -0.9713348746299744, ""direction"": ""decrease"", ""score"": 0.15478962177549932}, {""factor_id"": 44, ""factor_label"": ""terrain_slope"", ""factor_kind"": ""terrain_feature"", ""baseline_type"": ""region_mean"", ""baseline_value"": -0.7950141429901123, ""freq"": 0.08647313156269303, ""delta_mean"": -0.8685600161552429, ""direction"": ""decrease"", ""score"": 0.0751071045470871}, {""factor_id"": 40, ""factor_label"": ""climate_bio15"", ""factor_kind"": ""climate_feature"", ""baseline_type"": ""region_mean"", ""baseline_value"": -0.7950141429901123, ""freq"": 0.053736874613959235, ""delta_mean"": -0.6000404953956604, ""direction"": ""decrease"", ""score"": 0.03224430086437459}, {""factor_id"": 37, ""factor_label"": ""climate_bio1"", ""factor_kind"": ""climate_feature"", ""baseline_type"": ""region_mean"", ""baseline_value"": -0.7950141429901123, ""freq"": 0.053119209388511425, ""delta_mean"": 1.0429381132125854, ""direction"": ""increase"", ""score"": 0.05540004801499836}]",23,red_green_ratio,aux_feature,region_mean,-0.7950141429901123,0.6022235948116121,-0.9118750095367432,decrease,0.5491526462620906
222,OC_0-5cm_1km_mean,"{""OC_0-5cm_1km_mean"": {""mean"": 1.8436758654388081, ""p50"": 1.7447118759155273, ""p95"": 2.652532720565796}}","[{""factor_id"": 23, ""factor_label"": ""red_green_ratio"", ""factor_kind"": ""aux_feature"", ""baseline_type"": ""region_mean"", ""baseline_value"": -0.5269033908843994, ""freq"": 0.5430923591458708, ""delta_mean"": -0.7332476377487183, ""direction"": ""decrease"", ""score"": 0.3982211894230883}, {""factor_id"": 34, ""factor_label"": ""covgtiff_wet_g_0_5cm_1km_mean"", ""factor_kind"": ""gtiff_covariate"", ""baseline_type"": ""region_mean"", ""baseline_value"": -0.5269033908843994, ""freq"": 0.24183174684846925, ""delta_mean"": -0.8752220869064331, ""direction"": ""decrease"", ""score"": 0.2116564861569455}, {""factor_id"": 37, ""factor_label"": ""climate_bio1"", ""factor_kind"": ""climate_feature"", ""baseline_type"": ""region_mean"", ""baseline_value"": -0.5269033908843994, ""freq"": 0.13969642397736043, ""delta_mean"": 0.9058091640472412, ""direction"": ""increase"", ""score"": 0.12653830102332184}, {""factor_id"": 39, ""factor_label"": ""climate_bio12"", ""factor_kind"": ""climate_feature"", ""baseline_type"": ""region_mean"", ""baseline_value"": -0.5269033908843994, ""freq"": 0.05351170568561873, ""delta_mean"": -0.5951823592185974, ""direction"": ""decrease"", ""score"": 0.03184922323577779}, {""factor_id"": 40, ""factor_label"": ""climate_bio15"", ""factor_kind"": ""climate_feature"", ""baseline_type"": ""region_mean"", ""baseline_value"": -0.5269033908843994, ""freq"": 0.01646514021095961, ""delta_mean"": -0.46303123235702515, ""direction"": ""decrease"", ""score"": 0.007623874162811837}]",23,red_green_ratio,aux_feature,region_mean,-0.5269033908843994,0.5430923591458708,-0.7332476377487183,decrease,0.3982211894230883
223,OC_0-5cm_1km_mean,"{""OC_0-5cm_1km_mean"": {""mean"": 1.8384580739569312, ""p50"": 1.7768968343734741, ""p95"": 2.487790822982788}}","[{""factor_id"": 23, ""factor_label"": ""red_green_ratio"", ""factor_kind"": ""aux_feature"", ""baseline_type"": ""region_mean"", ""baseline_value"": -0.520142674446106, ""freq"": 0.46259910375732505, ""delta_mean"": -0.8425077199935913, ""direction"": ""decrease"", ""score"": 0.3897433161776627}, {""factor_id"": 37, ""factor_label"": ""climate_bio1"", ""factor_kind"": ""climate_feature"", ""baseline_type"": ""region_mean"", ""baseline_value"": -0.520142674446106, ""freq"": 0.1637366425370562, ""delta_mean"": 0.9443514943122864, ""direction"": ""increase"", ""score"": 0.15462494305354568}, {""factor_id"": 34, ""factor_label"": ""covgtiff_wet_g_0_5cm_1km_mean"", ""factor_kind"": ""gtiff_covariate"", ""baseline_type"": ""region_mean"", ""baseline_value"": -0.520142674446106, ""freq"": 0.1568424681144433, ""delta_mean"": -0.8496837019920349, ""direction"": ""decrease"", ""score"": 0.13326648893704787}, {""factor_id"": 40, ""factor_label"": ""climate_bio15"", ""factor_kind"": ""climate_feature"", ""baseline_type"": ""region_mean"", ""baseline_value"": -0.520142674446106, ""freq"": 0.0996208204067563, ""delta_mean"": -0.6153324842453003, ""direction"": ""decrease"", ""score"": 0.061299926903444255}, {""factor_id"": 43, ""factor_label"": ""terrain_relief"", ""factor_kind"": ""terrain_feature"", ""baseline_type"": ""region_mean"", ""baseline_value"": -0.520142674446106, ""freq"": 0.072733540158566, ""delta_mean"": -0.7747818827629089, ""direction"": ""decrease"", ""score"": 0.05635262918406542}]",23,red_green_ratio,aux_feature,region_mean,-0.520142674446106,0.46259910375732505,-0.8425077199935913,decrease,0.3897433161776627
224,OC_0-5cm_1km_mean,"{""OC_0-5cm_1km_mean"": {""mean"": 1.6781078747606704, ""p50"": 1.5933351516723633, ""p95"": 2.401051902770996}}","[{""factor_id"": 23, ""factor_label"": ""red_green_ratio"", ""factor_kind"": ""aux_feature"", ""baseline_type"": ""region_mean"", ""baseline_value"": -0.6227502822875977, ""freq"": 0.6328125, ""delta_mean"": -0.7643277645111084, ""direction"": ""decrease"", ""score"": 0.4836761634796858}, {""factor_id"": 34, ""factor_label"": ""covgtiff_wet_g_0_5cm_1km_mean"", ""factor_kind"": ""gtiff_covariate"", ""baseline_type"": ""region_mean"", ""baseline_value"": -0.6227502822875977, ""freq"": 0.2125, ""delta_mean"": -0.7741808295249939, ""direction"": ""decrease"", ""score"": 0.1645134262740612}, {""factor_id"": 37, ""factor_label"": ""climate_bio1"", ""factor_kind"": ""climate_feature"", ""baseline_type"": ""region_mean"", ""baseline_value"": -0.6227502822875977, ""freq"": 0.078125, ""delta_mean"": 0.9381839632987976, ""direction"": ""increase"", ""score"": 0.07329562213271856}, {""factor_id"": 40, ""factor_label"": ""climate_bio15"", ""factor_kind"": ""climate_feature"", ""baseline_type"": ""region_mean"", ""baseline_value"": -0.6227502822875977, ""freq"": 0.04799107142857143, ""delta_mean"": -0.5926023721694946, ""direction"": ""decrease"", ""score"": 0.028439622771527086}, {""factor_id"": 39, ""factor_label"": ""climate_bio12"", ""factor_kind"": ""climate_feature"", ""baseline_type"": ""region_mean"", ""baseline_value"": -0.6227502822875977, ""freq"": 0.027232142857142858, ""delta_mean"": -0.6726021766662598, ""direction"": ""decrease"", ""score"": 0.018316398561000823}]",23,red_green_ratio,aux_feature,region_mean,-0.6227502822875977,0.6328125,-0.7643277645111084,decrease,0.4836761634796858
225,OC_0-5cm_1km_mean,"{""OC_0-5cm_1km_mean"": {""mean"": 1.9206557564544677, ""p50"": 1.8548413515090942, ""p95"": 2.6100898742675778}}","[{""factor_id"": 23, ""factor_label"": ""red_green_ratio"", ""factor_kind"": ""aux_feature"", ""baseline_type"": ""region_mean"", ""baseline_value"": -0.6527872681617737, ""freq"": 0.48288, ""delta_mean"": -1.0080082416534424, ""direction"": ""decrease"", ""score"": 0.48674701972961426}, {""factor_id"": 34, ""factor_label"": ""covgtiff_wet_g_0_5cm_1km_mean"", ""factor_kind"": ""gtiff_covariate"", ""baseline_type"": ""region_mean"", ""baseline_value"": -0.6527872681617737, ""freq"": 0.34688, ""delta_mean"": -0.9799140095710754, ""direction"": ""decrease"", ""score"": 0.33991257164001465}, {""factor_id"": 37, ""factor_label"": ""climate_bio1"", ""factor_kind"": ""climate_feature"", ""baseline_type"": ""region_mean"", ""baseline_value"": -0.6527872681617737, ""freq"": 0.16832, ""delta_mean"": 1.0402244329452515, ""direction"": ""increase"", ""score"": 0.17509057655334473}, {""factor_id"": 40, ""factor_label"": ""climate_bio15"", ""factor_kind"": ""climate_feature"", ""baseline_type"": ""region_mean"", ""baseline_value"": -0.6527872681617737, ""freq"": 0.00128, ""delta_mean"": -0.5576866269111633, ""direction"": ""decrease"", ""score"": 0.0007138388824462892}, {""factor_id"": 19, ""factor_label"": ""ndre"", ""factor_kind"": ""aux_feature"", ""baseline_type"": ""region_mean"", ""baseline_value"": -0.6527872681617737, ""freq"": 0.00032, ""delta_mean"": -0.7911762595176697, ""direction"": ""decrease"", ""score"": 0.00025317640304565434}]",23,red_green_ratio,aux_feature,region_mean,-0.6527872681617737,0.48288,-1.0080082416534424,decrease,0.48674701972961426
226,OC_0-5cm_1km_mean,"{""OC_0-5cm_1km_mean"": {""mean"": 1.6228718255498948, ""p50"": 1.5591754913330078, ""p95"": 2.095909976959228}}","[{""factor_id"": 23, ""factor_label"": ""red_green_ratio"", ""factor_kind"": ""aux_feature"", ""baseline_type"": ""region_mean"", ""baseline_value"": -0.8688303232192993, ""freq"": 0.7128469113697403, ""delta_mean"": -0.966503918170929, ""direction"": ""decrease"", ""score"": 0.6889693328948989}, {""factor_id"": 34, ""factor_label"": ""covgtiff_wet_g_0_5cm_1km_mean"", ""factor_kind"": ""gtiff_covariate"", ""baseline_type"": ""region_mean"", ""baseline_value"": -0.8688303232192993, ""freq"": 0.18643688451208595, ""delta_mean"": -0.8948583602905273, ""direction"": ""decrease"", ""score"": 0.16683460477215964}, {""factor_id"": 37, ""factor_label"": ""climate_bio1"", ""factor_kind"": ""climate_feature"", ""baseline_type"": ""region_mean"", ""baseline_value"": -0.8688303232192993, ""freq"": 0.0346911369740376, ""delta_mean"": 0.9348904490470886, ""direction"": ""increase"", ""score"": 0.03243241262361207}, {""factor_id"": 40, ""factor_label"": ""climate_bio15"", ""factor_kind"": ""climate_feature"", ""baseline_type"": ""region_mean"", ""baseline_value"": -0.8688303232192993, ""freq"": 0.033348254252461955, ""delta_mean"": -0.6181489825248718, ""direction"": ""decrease"", ""score"": 0.02061418943514009}, {""factor_id"": 39, ""factor_label"": ""climate_bio12"", ""factor_kind"": ""climate_feature"", ""baseline_type"": ""region_mean"", ""baseline_value"": -0.8688303232192993, ""freq"": 0.02954341987466428, ""delta_mean"": -0.7575126886367798, ""direction"": ""decrease"", ""score"": 0.022379515420782214}]",23,red_green_ratio,aux_feature,region_mean,-0.8688303232192993,0.7128469113697403,-0.966503918170929,decrease,0.6889693328948989
227,OC_0-5cm_1km_mean,"{""OC_0-5cm_1km_mean"": {""mean"": 1.5345755899602718, ""p50"": 1.4866073727607727, ""p95"": 1.8197965502738953}}","[{""factor_id"": 23, ""factor_label"": ""red_green_ratio"", ""factor_kind"": ""aux_feature"", ""baseline_type"": ""region_mean"", ""baseline_value"": -0.6912727952003479, ""freq"": 0.513090909090909, ""delta_mean"": -0.7656545639038086, ""direction"": ""decrease"", ""score"": 0.39285039624300866}, {""factor_id"": 40, ""factor_label"": ""climate_bio15"", ""factor_kind"": ""climate_feature"", ""baseline_type"": ""region_mean"", ""baseline_value"": -0.6912727952003479, ""freq"": 0.21781818181818183, ""delta_mean"": -0.6079280972480774, ""direction"": ""decrease"", ""score"": 0.13241779281876304}, {""factor_id"": 34, ""factor_label"": ""covgtiff_wet_g_0_5cm_1km_mean"", ""factor_kind"": ""gtiff_covariate"", ""baseline_type"": ""region_mean"", ""baseline_value"": -0.6912727952003479, ""freq"": 0.20363636363636364, ""delta_mean"": -0.7924641370773315, ""direction"": ""decrease"", ""score"": 0.1613745151866566}, {""factor_id"": 39, ""factor_label"": ""climate_bio12"", ""factor_kind"": ""climate_feature"", ""baseline_type"": ""region_mean"", ""baseline_value"": -0.6912727952003479, ""freq"": 0.03563636363636364, ""delta_mean"": -0.7250981330871582, ""direction"": ""decrease"", ""score"": 0.025839860742742367}, {""factor_id"": 37, ""factor_label"": ""climate_bio1"", ""factor_kind"": ""climate_feature"", ""baseline_type"": ""region_mean"", ""baseline_value"": -0.6912727952003479, ""freq"": 0.02618181818181818, ""delta_mean"": 0.8848268985748291, ""direction"": ""increase"", ""score"": 0.023166376980868254}]",23,red_green_ratio,aux_feature,region_mean,-0.6912727952003479,0.513090909090909,-0.7656545639038086,decrease,0.39285039624300866
228,OC_0-5cm_1km_mean,"{""OC_0-5cm_1km_mean"": {""mean"": 1.764964923264066, ""p50"": 1.7065378427505493, ""p95"": 2.307629537582397}}","[{""factor_id"": 23, ""factor_label"": ""red_green_ratio"", ""factor_kind"": ""aux_feature"", ""baseline_type"": ""region_mean"", ""baseline_value"": -0.5987254977226257, ""freq"": 0.6386504883101509, ""delta_mean"": -0.8270634412765503, ""direction"": ""decrease"", ""score"": 0.5282044706347426}, {""factor_id"": 34, ""factor_label"": ""covgtiff_wet_g_0_5cm_1km_mean"", ""factor_kind"": ""gtiff_covariate"", ""baseline_type"": ""region_mean"", ""baseline_value"": -0.5987254977226257, ""freq"": 0.17421327809016474, ""delta_mean"": -0.7580294013023376, ""direction"": ""decrease"", ""score"": 0.13205878688960523}, {""factor_id"": 37, ""factor_label"": ""climate_bio1"", ""factor_kind"": ""climate_feature"", ""baseline_type"": ""region_mean"", ""baseline_value"": -0.5987254977226257, ""freq"": 0.11610930255499655, ""delta_mean"": 0.9016351699829102, ""direction"": ""increase"", ""score"": 0.10468823074577145}, {""factor_id"": 40, ""factor_label"": ""climate_bio15"", ""factor_kind"": ""climate_feature"", ""baseline_type"": ""region_mean"", ""baseline_value"": -0.5987254977226257, ""freq"": 0.06520666863963698, ""delta_mean"": -0.6024889945983887, ""direction"": ""decrease"", ""score"": 0.039286300229805164}, {""factor_id"": 39, ""factor_label"": ""climate_bio12"", ""factor_kind"": ""climate_feature"", ""baseline_type"": ""region_mean"", ""baseline_value"": -0.5987254977226257, ""freq"": 0.004735128736312519, ""delta_mean"": -0.654359757900238, ""direction"": ""decrease"", ""score"": 0.00309847769351992}]",23,red_green_ratio,aux_feature,region_mean,-0.5987254977226257,0.6386504883101509,-0.8270634412765503,decrease,0.5282044706347426
229,OC_0-5cm_1km_mean,"{""OC_0-5cm_1km_mean"": {""mean"": 1.657584454459299, ""p50"": 1.6628170013427734, ""p95"": 1.7762125730514526}}","[{""factor_id"": 19, ""factor_label"": ""ndre"", ""factor_kind"": ""aux_feature"", ""baseline_type"": ""region_mean"", ""baseline_value"": -0.5624805092811584, ""freq"": 0.6821226172076249, ""delta_mean"": -0.6215545535087585, ""direction"": ""decrease"", ""score"": 0.4239764187767111}, {""factor_id"": 39, ""factor_label"": ""climate_bio12"", ""factor_kind"": ""climate_feature"", ""baseline_type"": ""region_mean"", ""baseline_value"": -0.5624805092811584, ""freq"": 0.16692426584234932, ""delta_mean"": -0.3967890739440918, ""direction"": ""decrease"", ""score"": 0.06623372486238319}, {""factor_id"": 43, ""factor_label"": ""terrain_relief"", ""factor_kind"": ""terrain_feature"", ""baseline_type"": ""region_mean"", ""baseline_value"": -0.5624805092811584, ""freq"": 0.13601236476043277, ""delta_mean"": -0.4923973083496094, ""direction"": ""decrease"", ""score"": 0.06697212231030236}, {""factor_id"": 44, ""factor_label"": ""terrain_slope"", ""factor_kind"": ""terrain_feature"", ""baseline_type"": ""region_mean"", ""baseline_value"": -0.5624805092811584, ""freq"": 0.00927357032457496, ""delta_mean"": -0.6217520833015442, ""direction"": ""decrease"", ""score"": 0.0057658616689478595}, {""factor_id"": 37, ""factor_label"": ""climate_bio1"", ""factor_kind"": ""climate_feature"", ""baseline_type"": ""region_mean"", ""baseline_value"": -0.5624805092811584, ""freq"": 0.0036063884595569293, ""delta_mean"": 0.31645113229751587, ""direction"": ""increase"", ""score"": 0.0011412457115314843}]",19,ndre,aux_feature,region_mean,-0.5624805092811584,0.6821226172076249,-0.6215545535087585,decrease,0.4239764187767111
230,OC_0-5cm_1km_mean,"{""OC_0-5cm_1km_mean"": {""mean"": 1.6743398990999958, ""p50"": 1.6743009686470032, ""p95"": 1.933493971824646}}","[{""factor_id"": 19, ""factor_label"": ""ndre"", ""factor_kind"": ""aux_feature"", ""baseline_type"": ""region_mean"", ""baseline_value"": -0.7354186177253723, ""freq"": 0.7432735426008968, ""delta_mean"": -0.7890413403511047, ""direction"": ""decrease"", ""score"": 0.5864735523013256}, {""factor_id"": 39, ""factor_label"": ""climate_bio12"", ""factor_kind"": ""climate_feature"", ""baseline_type"": ""region_mean"", ""baseline_value"": -0.7354186177253723, ""freq"": 0.21132286995515695, ""delta_mean"": -0.5912375450134277, ""direction"": ""decrease"", ""score"": 0.12494201483747884}, {""factor_id"": 40, ""factor_label"": ""climate_bio15"", ""factor_kind"": ""climate_feature"", ""baseline_type"": ""region_mean"", ""baseline_value"": -0.7354186177253723, ""freq"": 0.0257847533632287, ""delta_mean"": -0.4039801359176636, ""direction"": ""decrease"", ""score"": 0.010416528168280564}, {""factor_id"": 23, ""factor_label"": ""red_green_ratio"", ""factor_kind"": ""aux_feature"", ""baseline_type"": ""region_mean"", ""baseline_value"": -0.7354186177253723, ""freq"": 0.01289237668161435, ""delta_mean"": -0.7008619904518127, ""direction"": ""decrease"", ""score"": 0.00903577678273077}, {""factor_id"": 44, ""factor_label"": ""terrain_slope"", ""factor_kind"": ""terrain_feature"", ""baseline_type"": ""region_mean"", ""baseline_value"": -0.7354186177253723, ""freq"": 0.00616591928251121, ""delta_mean"": -0.8034385442733765, ""direction"": ""decrease"", ""score"": 0.004953937212447948}]",19,ndre,aux_feature,region_mean,-0.7354186177253723,0.7432735426008968,-0.7890413403511047,decrease,0.5864735523013256
231,OC_0-5cm_1km_mean,"{""OC_0-5cm_1km_mean"": {""mean"": 1.5301014717714285, ""p50"": 1.4896076321601868, ""p95"": 1.856664228439331}}","[{""factor_id"": 23, ""factor_label"": ""red_green_ratio"", ""factor_kind"": ""aux_feature"", ""baseline_type"": ""region_mean"", ""baseline_value"": -0.7167534232139587, ""freq"": 0.5506172839506173, ""delta_mean"": -0.7847615480422974, ""direction"": ""decrease"", ""score"": 0.4321032721319316}, {""factor_id"": 34, ""factor_label"": ""covgtiff_wet_g_0_5cm_1km_mean"", ""factor_kind"": ""gtiff_covariate"", ""baseline_type"": ""region_mean"", ""baseline_value"": -0.7167534232139587, ""freq"": 0.20864197530864198, ""delta_mean"": -0.7424860596656799, ""direction"": ""decrease"", ""score"": 0.15491375812777766}, {""factor_id"": 40, ""factor_label"": ""climate_bio15"", ""factor_kind"": ""climate_feature"", ""baseline_type"": ""region_mean"", ""baseline_value"": -0.7167534232139587, ""freq"": 0.20308641975308642, ""delta_mean"": -0.6126237511634827, ""direction"": ""decrease"", ""score"": 0.1244155642794974}, {""factor_id"": 39, ""factor_label"": ""climate_bio12"", ""factor_kind"": ""climate_feature"", ""baseline_type"": ""region_mean"", ""baseline_value"": -0.7167534232139587, ""freq"": 0.024074074074074074, ""delta_mean"": -0.6656527519226074, ""direction"": ""decrease"", ""score"": 0.016024973657396104}, {""factor_id"": 37, ""factor_label"": ""climate_bio1"", ""factor_kind"": ""climate_feature"", ""baseline_type"": ""region_mean"", ""baseline_value"": -0.7167534232139587, ""freq"": 0.013580246913580247, ""delta_mean"": 0.7882142663002014, ""direction"": ""increase"", ""score"": 0.010704144357163228}]",23,red_green_ratio,aux_feature,region_mean,-0.7167534232139587,0.5506172839506173,-0.7847615480422974,decrease,0.4321032721319316
232,OC_0-5cm_1km_mean,"{""OC_0-5cm_1km_mean"": {""mean"": 1.761069372055992, ""p50"": 1.7594144940376282, ""p95"": 2.0581452012062074}}","[{""factor_id"": 19, ""factor_label"": ""ndre"", ""factor_kind"": ""aux_feature"", ""baseline_type"": ""region_mean"", ""baseline_value"": -0.531936526298523, ""freq"": 0.657258064516129, ""delta_mean"": -0.6705091595649719, ""direction"": ""decrease"", ""score"": 0.4406975524560098}, {""factor_id"": 39, ""factor_label"": ""climate_bio12"", ""factor_kind"": ""climate_feature"", ""baseline_type"": ""region_mean"", ""baseline_value"": -0.531936526298523, ""freq"": 0.26555299539170507, ""delta_mean"": -0.4960557520389557, ""direction"": ""decrease"", ""score"": 0.1317290908352296}, {""factor_id"": 37, ""factor_label"": ""climate_bio1"", ""factor_kind"": ""climate_feature"", ""baseline_type"": ""region_mean"", ""baseline_value"": -0.531936526298523, ""freq"": 0.0699884792626728, ""delta_mean"": 0.6234859824180603, ""direction"": ""increase"", ""score"": 0.043636835751033595}, {""factor_id"": 23, ""factor_label"": ""red_green_ratio"", ""factor_kind"": ""aux_feature"", ""baseline_type"": ""region_mean"", ""baseline_value"": -0.531936526298523, ""freq"": 0.004032258064516129, ""delta_mean"": -0.4215448200702667, ""direction"": ""decrease"", ""score"": 0.0016997775002833336}, {""factor_id"": 15, ""factor_label"": ""band_15"", ""factor_kind"": ""single_band"", ""baseline_type"": ""region_mean"", ""baseline_value"": -0.531936526298523, ""freq"": 0.0017281105990783411, ""delta_mean"": -0.3107932209968567, ""direction"": ""decrease"", ""score"": 0.0005370850593263653}]",19,ndre,aux_feature,region_mean,-0.531936526298523,0.657258064516129,-0.6705091595649719,decrease,0.4406975524560098
233,OC_0-5cm_1km_mean,"{""OC_0-5cm_1km_mean"": {""mean"": 1.45814294618109, ""p50"": 1.4320645928382874, ""p95"": 1.7240291953086853}}","[{""factor_id"": 23, ""factor_label"": ""red_green_ratio"", ""factor_kind"": ""aux_feature"", ""baseline_type"": ""region_mean"", ""baseline_value"": -0.6276066303253174, ""freq"": 0.571304347826087, ""delta_mean"": -0.7315846681594849, ""direction"": ""decrease"", ""score"": 0.41795750172241874}, {""factor_id"": 19, ""factor_label"": ""ndre"", ""factor_kind"": ""aux_feature"", ""baseline_type"": ""region_mean"", ""baseline_value"": -0.6276066303253174, ""freq"": 0.15565217391304348, ""delta_mean"": -0.589616060256958, ""direction"": ""decrease"", ""score"": 0.09177502155303956}, {""factor_id"": 44, ""factor_label"": ""terrain_slope"", ""factor_kind"": ""terrain_feature"", ""baseline_type"": ""region_mean"", ""baseline_value"": -0.6276066303253174, ""freq"": 0.11130434782608696, ""delta_mean"": -0.6622829437255859, ""direction"": ""decrease"", ""score"": 0.0737149711277174}, {""factor_id"": 39, ""factor_label"": ""climate_bio12"", ""factor_kind"": ""climate_feature"", ""baseline_type"": ""region_mean"", ""baseline_value"": -0.6276066303253174, ""freq"": 0.07304347826086957, ""delta_mean"": -0.3581829369068146, ""direction"": ""decrease"", ""score"": 0.02616292756536733}, {""factor_id"": 43, ""factor_label"": ""terrain_relief"", ""factor_kind"": ""terrain_feature"", ""baseline_type"": ""region_mean"", ""baseline_value"": -0.6276066303253174, ""freq"": 0.03739130434782609, ""delta_mean"": -0.423538476228714, ""direction"": ""decrease"", ""score"": 0.01583665606768235}]",23,red_green_ratio,aux_feature,region_mean,-0.6276066303253174,0.571304347826087,-0.7315846681594849,decrease,0.41795750172241874
234,OC_0-5cm_1km_mean,"{""OC_0-5cm_1km_mean"": {""mean"": 1.459841929876417, ""p50"": 1.4300299286842346, ""p95"": 1.7037640273571002}}","[{""factor_id"": 23, ""factor_label"": ""red_green_ratio"", ""factor_kind"": ""aux_feature"", ""baseline_type"": ""region_mean"", ""baseline_value"": -1.0056222677230835, ""freq"": 0.7537906137184116, ""delta_mean"": -1.0417654514312744, ""direction"": ""decrease"", ""score"": 0.7852730189850184}, {""factor_id"": 34, ""factor_label"": ""covgtiff_wet_g_0_5cm_1km_mean"", ""factor_kind"": ""gtiff_covariate"", ""baseline_type"": ""region_mean"", ""baseline_value"": -1.0056222677230835, ""freq"": 0.1963898916967509, ""delta_mean"": -0.9983899593353271, ""direction"": ""decrease"", ""score"": 0.19607369598498842}, {""factor_id"": 40, ""factor_label"": ""climate_bio15"", ""factor_kind"": ""climate_feature"", ""baseline_type"": ""region_mean"", ""baseline_value"": -1.0056222677230835, ""freq"": 0.037184115523465705, ""delta_mean"": -0.6169774532318115, ""direction"": ""decrease"", ""score"": 0.02294176089634534}, {""factor_id"": 39, ""factor_label"": ""climate_bio12"", ""factor_kind"": ""climate_feature"", ""baseline_type"": ""region_mean"", ""baseline_value"": -1.0056222677230835, ""freq"": 0.008664259927797834, ""delta_mean"": -0.6798800826072693, ""direction"": ""decrease"", ""score"": 0.0058906577554420445}, {""factor_id"": 37, ""factor_label"": ""climate_bio1"", ""factor_kind"": ""climate_feature"", ""baseline_type"": ""region_mean"", ""baseline_value"": -1.0056222677230835, ""freq"": 0.003971119133574007, ""delta_mean"": 1.1474995613098145, ""direction"": ""increase"", ""score"": 0.004556857463685184}]",23,red_green_ratio,aux_feature,region_mean,-1.0056222677230835,0.7537906137184116,-1.0417654514312744,decrease,0.7852730189850184
235,OC_0-5cm_1km_mean,"{""OC_0-5cm_1km_mean"": {""mean"": 1.743589010649982, ""p50"": 1.6328150033950806, ""p95"": 2.472575235366821}}","[{""factor_id"": 23, ""factor_label"": ""red_green_ratio"", ""factor_kind"": ""aux_feature"", ""baseline_type"": ""region_mean"", ""baseline_value"": -0.599819004535675, ""freq"": 0.5672345052555273, ""delta_mean"": -0.8244995474815369, ""direction"": ""decrease"", ""score"": 0.4676845928990957}, {""factor_id"": 34, ""factor_label"": ""covgtiff_wet_g_0_5cm_1km_mean"", ""factor_kind"": ""gtiff_covariate"", ""baseline_type"": ""region_mean"", ""baseline_value"": -0.599819004535675, ""freq"": 0.20405944182674882, ""delta_mean"": -0.7609652876853943, ""direction"": ""decrease"", ""score"": 0.1552821518546129}, {""factor_id"": 37, ""factor_label"": ""climate_bio1"", ""factor_kind"": ""climate_feature"", ""baseline_type"": ""region_mean"", ""baseline_value"": -0.599819004535675, ""freq"": 0.10958076597801136, ""delta_mean"": 0.8658843040466309, ""direction"": ""increase"", ""score"": 0.0948842652857671}, {""factor_id"": 40, ""factor_label"": ""climate_bio15"", ""factor_kind"": ""climate_feature"", ""baseline_type"": ""region_mean"", ""baseline_value"": -0.599819004535675, ""freq"": 0.06318714510088196, ""delta_mean"": -0.574037492275238, ""direction"": ""decrease"", ""score"": 0.03627179031774187}, {""factor_id"": 39, ""factor_label"": ""climate_bio12"", ""factor_kind"": ""climate_feature"", ""baseline_type"": ""region_mean"", ""baseline_value"": -0.599819004535675, ""freq"": 0.05110547299746285, ""delta_mean"": -0.6330358386039734, ""direction"": ""decrease"", ""score"": 0.03235159595620161}]",23,red_green_ratio,aux_feature,region_mean,-0.599819004535675,0.5672345052555273,-0.8244995474815369,decrease,0.4676845928990957
236,OC_0-5cm_1km_mean,"{""OC_0-5cm_1km_mean"": {""mean"": 1.8140249676748694, ""p50"": 1.746777355670929, ""p95"": 2.357971000671387}}","[{""factor_id"": 23, ""factor_label"": ""red_green_ratio"", ""factor_kind"": ""aux_feature"", ""baseline_type"": ""region_mean"", ""baseline_value"": -0.4694962203502655, ""freq"": 0.5534055727554179, ""delta_mean"": -0.7412725687026978, ""direction"": ""decrease"", ""score"": 0.4102243704507963}, {""factor_id"": 37, ""factor_label"": ""climate_bio1"", ""factor_kind"": ""climate_feature"", ""baseline_type"": ""region_mean"", ""baseline_value"": -0.4694962203502655, ""freq"": 0.14938080495356038, ""delta_mean"": 0.8487042784690857, ""direction"": ""increase"", ""score"": 0.12678012828524268}, {""factor_id"": 34, ""factor_label"": ""covgtiff_wet_g_0_5cm_1km_mean"", ""factor_kind"": ""gtiff_covariate"", ""baseline_type"": ""region_mean"", ""baseline_value"": -0.4694962203502655, ""freq"": 0.14009287925696595, ""delta_mean"": -0.6808012127876282, ""direction"": ""decrease"", ""score"": 0.09537540210105318}, {""factor_id"": 39, ""factor_label"": ""climate_bio12"", ""factor_kind"": ""climate_feature"", ""baseline_type"": ""region_mean"", ""baseline_value"": -0.4694962203502655, ""freq"": 0.07894736842105263, ""delta_mean"": -0.5994123816490173, ""direction"": ""decrease"", ""score"": 0.04732203013018558}, {""factor_id"": 40, ""factor_label"": ""climate_bio15"", ""factor_kind"": ""climate_feature"", ""baseline_type"": ""region_mean"", ""baseline_value"": -0.4694962203502655, ""freq"": 0.0781733746130031, ""delta_mean"": -0.5545946955680847, ""direction"": ""decrease"", ""score"": 0.04335453889502829}]",23,red_green_ratio,aux_feature,region_mean,-0.4694962203502655,0.5534055727554179,-0.7412725687026978,decrease,0.4102243704507963
237,OC_0-5cm_1km_mean,"{""OC_0-5cm_1km_mean"": {""mean"": 1.7157293040856616, ""p50"": 1.7283846139907837, ""p95"": 1.8922319889068602}}","[{""factor_id"": 19, ""factor_label"": ""ndre"", ""factor_kind"": ""aux_feature"", ""baseline_type"": ""region_mean"", ""baseline_value"": -0.6994954347610474, ""freq"": 0.7177461822011585, ""delta_mean"": -0.7737951278686523, ""direction"": ""decrease"", ""score"": 0.5553884988335824}, {""factor_id"": 40, ""factor_label"": ""climate_bio15"", ""factor_kind"": ""climate_feature"", ""baseline_type"": ""region_mean"", ""baseline_value"": -0.6994954347610474, ""freq"": 0.1590310689836756, ""delta_mean"": -0.4989496171474457, ""direction"": ""decrease"", ""score"": 0.07934849098395397}, {""factor_id"": 39, ""factor_label"": ""climate_bio12"", ""factor_kind"": ""climate_feature"", ""baseline_type"": ""region_mean"", ""baseline_value"": -0.6994954347610474, ""freq"": 0.09320695102685624, ""delta_mean"": -0.40227633714675903, ""direction"": ""decrease"", ""score"": 0.03749495085570108}, {""factor_id"": 34, ""factor_label"": ""covgtiff_wet_g_0_5cm_1km_mean"", ""factor_kind"": ""gtiff_covariate"", ""baseline_type"": ""region_mean"", ""baseline_value"": -0.6994954347610474, ""freq"": 0.018957345971563982, ""delta_mean"": -0.9811586737632751, ""direction"": ""decrease"", ""score"": 0.018600164431531285}, {""factor_id"": 43, ""factor_label"": ""terrain_relief"", ""factor_kind"": ""terrain_feature"", ""baseline_type"": ""region_mean"", ""baseline_value"": -0.6994954347610474, ""freq"": 0.010531858873091101, ""delta_mean"": -0.7861608266830444, ""direction"": ""decrease"", ""score"": 0.008279734878178457}]",19,ndre,aux_feature,region_mean,-0.6994954347610474,0.7177461822011585,-0.7737951278686523,decrease,0.5553884988335824
238,OC_0-5cm_1km_mean,"{""OC_0-5cm_1km_mean"": {""mean"": 1.9051347639411689, ""p50"": 1.7647324800491333, ""p95"": 2.813174021244049}}","[{""factor_id"": 23, ""factor_label"": ""red_green_ratio"", ""factor_kind"": ""aux_feature"", ""baseline_type"": ""region_mean"", ""baseline_value"": -0.5242812633514404, ""freq"": 0.48875, ""delta_mean"": -0.7711597681045532, ""direction"": ""decrease"", ""score"": 0.3769043366611004}, {""factor_id"": 34, ""factor_label"": ""covgtiff_wet_g_0_5cm_1km_mean"", ""factor_kind"": ""gtiff_covariate"", ""baseline_type"": ""region_mean"", ""baseline_value"": -0.5242812633514404, ""freq"": 0.335, ""delta_mean"": -0.8599705696105957, ""direction"": ""decrease"", ""score"": 0.2880901408195496}, {""factor_id"": 37, ""factor_label"": ""climate_bio1"", ""factor_kind"": ""climate_feature"", ""baseline_type"": ""region_mean"", ""baseline_value"": -0.5242812633514404, ""freq"": 0.15875, ""delta_mean"": 0.9493195414543152, ""direction"": ""increase"", ""score"": 0.15070447720587254}, {""factor_id"": 40, ""factor_label"": ""climate_bio15"", ""factor_kind"": ""climate_feature"", ""baseline_type"": ""region_mean"", ""baseline_value"": -0.5242812633514404, ""freq"": 0.01625, ""delta_mean"": -0.567004919052124, ""direction"": ""decrease"", ""score"": 0.009213829934597016}, {""factor_id"": 19, ""factor_label"": ""ndre"", ""factor_kind"": ""aux_feature"", ""baseline_type"": ""region_mean"", ""baseline_value"": -0.5242812633514404, ""freq"": 0.00125, ""delta_mean"": -0.621983528137207, ""direction"": ""decrease"", ""score"": 0.0007774794101715088}]",23,red_green_ratio,aux_feature,region_mean,-0.5242812633514404,0.48875,-0.7711597681045532,decrease,0.3769043366611004
239,OC_0-5cm_1km_mean,"{""OC_0-5cm_1km_mean"": {""mean"": 1.6327468316601914, ""p50"": 1.6313508749008179, ""p95"": 1.7888990640640257}}","[{""factor_id"": 19, ""factor_label"": ""ndre"", ""factor_kind"": ""aux_feature"", ""baseline_type"": ""region_mean"", ""baseline_value"": -0.5748949646949768, ""freq"": 0.6414523449319214, ""delta_mean"": -0.6175409555435181, ""direction"": ""decrease"", ""score"": 0.3961230940248891}, {""factor_id"": 43, ""factor_label"": ""terrain_relief"", ""factor_kind"": ""terrain_feature"", ""baseline_type"": ""region_mean"", ""baseline_value"": -0.5748949646949768, ""freq"": 0.17700453857791226, ""delta_mean"": -0.5679421424865723, ""direction"": ""decrease"", ""score"": 0.10052833686978663}, {""factor_id"": 39, ""factor_label"": ""climate_bio12"", ""factor_kind"": ""climate_feature"", ""baseline_type"": ""region_mean"", ""baseline_value"": -0.5748949646949768, ""freq"": 0.1627836611195159, ""delta_mean"": -0.47874701023101807, ""direction"": ""decrease"", ""score"": 0.07793219107542745}, {""factor_id"": 40, ""factor_label"": ""climate_bio15"", ""factor_kind"": ""climate_feature"", ""baseline_type"": ""region_mean"", ""baseline_value"": -0.5748949646949768, ""freq"": 0.011195158850226929, ""delta_mean"": -0.33732080459594727, ""direction"": ""decrease"", ""score"": 0.0037763599909379874}, {""factor_id"": 37, ""factor_label"": ""climate_bio1"", ""factor_kind"": ""climate_feature"", ""baseline_type"": ""region_mean"", ""baseline_value"": -0.5748949646949768, ""freq"": 0.007564296520423601, ""delta_mean"": 0.4580729007720947, ""direction"": ""increase"", ""score"": 0.0034649992494107016}]",19,ndre,aux_feature,region_mean,-0.5748949646949768,0.6414523449319214,-0.6175409555435181,decrease,0.3961230940248891
240,OC_0-5cm_1km_mean,"{""OC_0-5cm_1km_mean"": {""mean"": 1.8432873917126318, ""p50"": 1.8489126563072205, ""p95"": 2.1126975059509276}}","[{""factor_id"": 19, ""factor_label"": ""ndre"", ""factor_kind"": ""aux_feature"", ""baseline_type"": ""region_mean"", ""baseline_value"": -0.5301874876022339, ""freq"": 0.6935090287945339, ""delta_mean"": -0.6840946078300476, ""direction"": ""decrease"", ""score"": 0.4744257870797939}, {""factor_id"": 39, ""factor_label"": ""climate_bio12"", ""factor_kind"": ""climate_feature"", ""baseline_type"": ""region_mean"", ""baseline_value"": -0.5301874876022339, ""freq"": 0.2140068326012689, ""delta_mean"": -0.4967188537120819, ""direction"": ""decrease"", ""score"": 0.1063012285762557}, {""factor_id"": 37, ""factor_label"": ""climate_bio1"", ""factor_kind"": ""climate_feature"", ""baseline_type"": ""region_mean"", ""baseline_value"": -0.5301874876022339, ""freq"": 0.09126403123474866, ""delta_mean"": 0.5587528944015503, ""direction"": ""increase"", ""score"": 0.050994041607169305}, {""factor_id"": 23, ""factor_label"": ""red_green_ratio"", ""factor_kind"": ""aux_feature"", ""baseline_type"": ""region_mean"", ""baseline_value"": -0.5301874876022339, ""freq"": 0.0004880429477794046, ""delta_mean"": -0.4459471106529236, ""direction"": ""decrease"", ""score"": 0.00021764134243676116}, {""factor_id"": 40, ""factor_label"": ""climate_bio15"", ""factor_kind"": ""climate_feature"", ""baseline_type"": ""region_mean"", ""baseline_value"": -0.5301874876022339, ""freq"": 0.0004880429477794046, ""delta_mean"": -0.3406398892402649, ""direction"": ""decrease"", ""score"": 0.00016624689567606876}]",19,ndre,aux_feature,region_mean,-0.5301874876022339,0.6935090287945339,-0.6840946078300476,decrease,0.4744257870797939
241,OC_0-5cm_1km_mean,"{""OC_0-5cm_1km_mean"": {""mean"": 1.8858646152081429, ""p50"": 1.8396949172019958, ""p95"": 2.3875463962554933}}","[{""factor_id"": 19, ""factor_label"": ""ndre"", ""factor_kind"": ""aux_feature"", ""baseline_type"": ""region_mean"", ""baseline_value"": -0.7469238042831421, ""freq"": 0.7006493506493506, ""delta_mean"": -0.8489100933074951, ""direction"": ""decrease"", ""score"": 0.5947883056355762}, {""factor_id"": 39, ""factor_label"": ""climate_bio12"", ""factor_kind"": ""climate_feature"", ""baseline_type"": ""region_mean"", ""baseline_value"": -0.7469238042831421, ""freq"": 0.2422077922077922, ""delta_mean"": -0.8046480417251587, ""direction"": ""decrease"", ""score"": 0.19489202569057415}, {""factor_id"": 37, ""factor_label"": ""climate_bio1"", ""factor_kind"": ""climate_feature"", ""baseline_type"": ""region_mean"", ""baseline_value"": -0.7469238042831421, ""freq"": 0.05, ""delta_mean"": 0.9177768230438232, ""direction"": ""increase"", ""score"": 0.04588884115219116}, {""factor_id"": 40, ""factor_label"": ""climate_bio15"", ""factor_kind"": ""climate_feature"", ""baseline_type"": ""region_mean"", ""baseline_value"": -0.7469238042831421, ""freq"": 0.005844155844155844, ""delta_mean"": -0.4081026315689087, ""direction"": ""decrease"", ""score"": 0.002385015379298817}, {""factor_id"": 23, ""factor_label"": ""red_green_ratio"", ""factor_kind"": ""aux_feature"", ""baseline_type"": ""region_mean"", ""baseline_value"": -0.7469238042831421, ""freq"": 0.0012987012987012987, ""delta_mean"": -0.575431227684021, ""direction"": ""decrease"", ""score"": 0.0007473132827065207}]",19,ndre,aux_feature,region_mean,-0.7469238042831421,0.7006493506493506,-0.8489100933074951,decrease,0.5947883056355762
242,OC_0-5cm_1km_mean,"{""OC_0-5cm_1km_mean"": {""mean"": 1.8325867209446225, ""p50"": 1.815818428993225, ""p95"": 2.25292876958847}}","[{""factor_id"": 19, ""factor_label"": ""ndre"", ""factor_kind"": ""aux_feature"", ""baseline_type"": ""region_mean"", ""baseline_value"": -0.6347859501838684, ""freq"": 0.6522544657679793, ""delta_mean"": -0.7757468819618225, ""direction"": ""decrease"", ""score"": 0.5059843680651842}, {""factor_id"": 39, ""factor_label"": ""climate_bio12"", ""factor_kind"": ""climate_feature"", ""baseline_type"": ""region_mean"", ""baseline_value"": -0.6347859501838684, ""freq"": 0.1845341656152467, ""delta_mean"": -0.5920863151550293, ""direction"": ""decrease"", ""score"": 0.10926015413933932}, {""factor_id"": 37, ""factor_label"": ""climate_bio1"", ""factor_kind"": ""climate_feature"", ""baseline_type"": ""region_mean"", ""baseline_value"": -0.6347859501838684, ""freq"": 0.07313234610531907, ""delta_mean"": 0.6956214308738708, ""direction"": ""increase"", ""score"": 0.05087242724094521}, {""factor_id"": 23, ""factor_label"": ""red_green_ratio"", ""factor_kind"": ""aux_feature"", ""baseline_type"": ""region_mean"", ""baseline_value"": -0.6347859501838684, ""freq"": 0.036044890098944155, ""delta_mean"": -0.995153546333313, ""direction"": ""decrease"", ""score"": 0.0358702002091588}, {""factor_id"": 40, ""factor_label"": ""climate_bio15"", ""factor_kind"": ""climate_feature"", ""baseline_type"": ""region_mean"", ""baseline_value"": -0.6347859501838684, ""freq"": 0.021681386546251413, ""delta_mean"": -0.45089659094810486, ""direction"": ""decrease"", ""score"": 0.009776063280732867}]",19,ndre,aux_feature,region_mean,-0.6347859501838684,0.6522544657679793,-0.7757468819618225,decrease,0.5059843680651842
243,OC_0-5cm_1km_mean,"{""OC_0-5cm_1km_mean"": {""mean"": 1.7266154976397303, ""p50"": 1.6830996870994568, ""p95"": 2.162730073928833}}","[{""factor_id"": 19, ""factor_label"": ""ndre"", ""factor_kind"": ""aux_feature"", ""baseline_type"": ""region_mean"", ""baseline_value"": -0.7025787830352783, ""freq"": 0.6519916142557652, ""delta_mean"": -0.7898461818695068, ""direction"": ""decrease"", ""score"": 0.5149730871308525}, {""factor_id"": 39, ""factor_label"": ""climate_bio12"", ""factor_kind"": ""climate_feature"", ""baseline_type"": ""region_mean"", ""baseline_value"": -0.7025787830352783, ""freq"": 0.2120259195730894, ""delta_mean"": -0.6257240772247314, ""direction"": ""decrease"", ""score"": 0.13266972287259648}, {""factor_id"": 23, ""factor_label"": ""red_green_ratio"", ""factor_kind"": ""aux_feature"", ""baseline_type"": ""region_mean"", ""baseline_value"": -0.7025787830352783, ""freq"": 0.06375071469411092, ""delta_mean"": -0.8855506777763367, ""direction"": ""decrease"", ""score"": 0.05645448860609579}, {""factor_id"": 40, ""factor_label"": ""climate_bio15"", ""factor_kind"": ""climate_feature"", ""baseline_type"": ""region_mean"", ""baseline_value"": -0.7025787830352783, ""freq"": 0.03154183342862588, ""delta_mean"": -0.396085262298584, ""direction"": ""decrease"", ""score"": 0.012493255366955527}, {""factor_id"": 37, ""factor_label"": ""climate_bio1"", ""factor_kind"": ""climate_feature"", ""baseline_type"": ""region_mean"", ""baseline_value"": -0.7025787830352783, ""freq"": 0.026967791118734517, ""delta_mean"": 0.9142711758613586, ""direction"": ""increase"", ""score"": 0.02465587409650891}]",19,ndre,aux_feature,region_mean,-0.7025787830352783,0.6519916142557652,-0.7898461818695068,decrease,0.5149730871308525
244,OC_0-5cm_1km_mean,"{""OC_0-5cm_1km_mean"": {""mean"": 1.675199040648624, ""p50"": 1.684890627861023, ""p95"": 1.79690203666687}}","[{""factor_id"": 19, ""factor_label"": ""ndre"", ""factor_kind"": ""aux_feature"", ""baseline_type"": ""region_mean"", ""baseline_value"": -0.5657806992530823, ""freq"": 0.6727589208006962, ""delta_mean"": -0.6318987011909485, ""direction"": ""decrease"", ""score"": 0.42511548826858414}, {""factor_id"": 43, ""factor_label"": ""terrain_relief"", ""factor_kind"": ""terrain_feature"", ""baseline_type"": ""region_mean"", ""baseline_value"": -0.5657806992530823, ""freq"": 0.2523933855526545, ""delta_mean"": -0.466264933347702, ""direction"": ""decrease"", ""score"": 0.11768218509210931}, {""factor_id"": 39, ""factor_label"": ""climate_bio12"", ""factor_kind"": ""climate_feature"", ""baseline_type"": ""region_mean"", ""baseline_value"": -0.5657806992530823, ""freq"": 0.04612706701479547, ""delta_mean"": -0.335923433303833, ""direction"": ""decrease"", ""score"": 0.015495162719846082}, {""factor_id"": 40, ""factor_label"": ""climate_bio15"", ""factor_kind"": ""climate_feature"", ""baseline_type"": ""region_mean"", ""baseline_value"": -0.5657806992530823, ""freq"": 0.017406440382941687, ""delta_mean"": -0.3438258767127991, ""direction"": ""decrease"", ""score"": 0.005984784625113996}, {""factor_id"": 44, ""factor_label"": ""terrain_slope"", ""factor_kind"": ""terrain_feature"", ""baseline_type"": ""region_mean"", ""baseline_value"": -0.5657806992530823, ""freq"": 0.006092254134029591, ""delta_mean"": -0.5112798810005188, ""direction"": ""decrease"", ""score"": 0.003114846968671568}]",19,ndre,aux_feature,region_mean,-0.5657806992530823,0.6727589208006962,-0.6318987011909485,decrease,0.42511548826858414
245,OC_0-5cm_1km_mean,"{""OC_0-5cm_1km_mean"": {""mean"": 2.0356844247721915, ""p50"": 1.868943691253662, ""p95"": 3.2753658294677734}}","[{""factor_id"": 23, ""factor_label"": ""red_green_ratio"", ""factor_kind"": ""aux_feature"", ""baseline_type"": ""region_mean"", ""baseline_value"": -0.2953721284866333, ""freq"": 0.4289179104477612, ""delta_mean"": -0.8333016633987427, ""direction"": ""decrease"", ""score"": 0.3574180082376323}, {""factor_id"": 37, ""factor_label"": ""climate_bio1"", ""factor_kind"": ""climate_feature"", ""baseline_type"": ""region_mean"", ""baseline_value"": -0.2953721284866333, ""freq"": 0.2830223880597015, ""delta_mean"": 1.0801233053207397, ""direction"": ""increase"", ""score"": 0.3056990772708138}, {""factor_id"": 34, ""factor_label"": ""covgtiff_wet_g_0_5cm_1km_mean"", ""factor_kind"": ""gtiff_covariate"", ""baseline_type"": ""region_mean"", ""baseline_value"": -0.2953721284866333, ""freq"": 0.2583955223880597, ""delta_mean"": -0.8796296715736389, ""direction"": ""decrease"", ""score"": 0.2272923684943078}, {""factor_id"": 40, ""factor_label"": ""climate_bio15"", ""factor_kind"": ""climate_feature"", ""baseline_type"": ""region_mean"", ""baseline_value"": -0.2953721284866333, ""freq"": 0.018097014925373134, ""delta_mean"": -0.5096310377120972, ""direction"": ""decrease"", ""score"": 0.009222800495909221}, {""factor_id"": 39, ""factor_label"": ""climate_bio12"", ""factor_kind"": ""climate_feature"", ""baseline_type"": ""region_mean"", ""baseline_value"": -0.2953721284866333, ""freq"": 0.01082089552238806, ""delta_mean"": -0.6004658341407776, ""direction"": ""decrease"", ""score"": 0.006497578056000952}]",23,red_green_ratio,aux_feature,region_mean,-0.2953721284866333,0.4289179104477612,-0.8333016633987427,decrease,0.3574180082376323
246,OC_0-5cm_1km_mean,"{""OC_0-5cm_1km_mean"": {""mean"": 1.8486903381449982, ""p50"": 1.7184185981750488, ""p95"": 2.786285603046417}}","[{""factor_id"": 23, ""factor_label"": ""red_green_ratio"", ""factor_kind"": ""aux_feature"", ""baseline_type"": ""region_mean"", ""baseline_value"": -0.45681703090667725, ""freq"": 0.6625536480686696, ""delta_mean"": -0.8080393671989441, ""direction"": ""decrease"", ""score"": 0.5353694305207597}, {""factor_id"": 37, ""factor_label"": ""climate_bio1"", ""factor_kind"": ""climate_feature"", ""baseline_type"": ""region_mean"", ""baseline_value"": -0.45681703090667725, ""freq"": 0.20198497854077252, ""delta_mean"": 0.8503375053405762, ""direction"": ""increase"", ""score"": 0.17175540276863033}, {""factor_id"": 34, ""factor_label"": ""covgtiff_wet_g_0_5cm_1km_mean"", ""factor_kind"": ""gtiff_covariate"", ""baseline_type"": ""region_mean"", ""baseline_value"": -0.45681703090667725, ""freq"": 0.09871244635193133, ""delta_mean"": -0.7221165299415588, ""direction"": ""decrease"", ""score"": 0.07128188922169894}, {""factor_id"": 39, ""factor_label"": ""climate_bio12"", ""factor_kind"": ""climate_feature"", ""baseline_type"": ""region_mean"", ""baseline_value"": -0.45681703090667725, ""freq"": 0.03353004291845493, ""delta_mean"": -0.5997682213783264, ""direction"": ""decrease"", ""score"": 0.020110254203940664}, {""factor_id"": 40, ""factor_label"": ""climate_bio15"", ""factor_kind"": ""climate_feature"", ""baseline_type"": ""region_mean"", ""baseline_value"": -0.45681703090667725, ""freq"": 0.0029506437768240345, ""delta_mean"": -0.5543003678321838, ""direction"": ""decrease"", ""score"": 0.0016355429308353064}]",23,red_green_ratio,aux_feature,region_mean,-0.45681703090667725,0.6625536480686696,-0.8080393671989441,decrease,0.5353694305207597
247,OC_0-5cm_1km_mean,"{""OC_0-5cm_1km_mean"": {""mean"": 1.6632631532722795, ""p50"": 1.659805715084076, ""p95"": 1.8616358578205108}}","[{""factor_id"": 19, ""factor_label"": ""ndre"", ""factor_kind"": ""aux_feature"", ""baseline_type"": ""region_mean"", ""baseline_value"": -0.4949115514755249, ""freq"": 0.44372590473821666, ""delta_mean"": -0.6170228719711304, ""direction"": ""decrease"", ""score"": 0.2737890321095626}, {""factor_id"": 43, ""factor_label"": ""terrain_relief"", ""factor_kind"": ""terrain_feature"", ""baseline_type"": ""region_mean"", ""baseline_value"": -0.4949115514755249, ""freq"": 0.23330431538365876, ""delta_mean"": -0.5373461246490479, ""direction"": ""decrease"", ""score"": 0.12536516973530826}, {""factor_id"": 39, ""factor_label"": ""climate_bio12"", ""factor_kind"": ""climate_feature"", ""baseline_type"": ""region_mean"", ""baseline_value"": -0.4949115514755249, ""freq"": 0.18150727521452556, ""delta_mean"": -0.3757941424846649, ""direction"": ""decrease"", ""score"": 0.0682093708439707}, {""factor_id"": 40, ""factor_label"": ""climate_bio15"", ""factor_kind"": ""climate_feature"", ""baseline_type"": ""region_mean"", ""baseline_value"": -0.4949115514755249, ""freq"": 0.0677154582763338, ""delta_mean"": -0.33102306723594666, ""direction"": ""decrease"", ""score"": 0.02241537869791978}, {""factor_id"": 37, ""factor_label"": ""climate_bio1"", ""factor_kind"": ""climate_feature"", ""baseline_type"": ""region_mean"", ""baseline_value"": -0.4949115514755249, ""freq"": 0.04240766073871409, ""delta_mean"": 0.33842355012893677, ""direction"": ""increase"", ""score"": 0.014351751099859152}]",19,ndre,aux_feature,region_mean,-0.4949115514755249,0.44372590473821666,-0.6170228719711304,decrease,0.2737890321095626
248,OC_0-5cm_1km_mean,"{""OC_0-5cm_1km_mean"": {""mean"": 1.6549272592278437, ""p50"": 1.6552985310554504, ""p95"": 1.8350894570350647}}","[{""factor_id"": 19, ""factor_label"": ""ndre"", ""factor_kind"": ""aux_feature"", ""baseline_type"": ""region_mean"", ""baseline_value"": -0.7875224947929382, ""freq"": 0.7537239324726912, ""delta_mean"": -0.8240617513656616, ""direction"": ""decrease"", ""score"": 0.6211150638396596}, {""factor_id"": 39, ""factor_label"": ""climate_bio12"", ""factor_kind"": ""climate_feature"", ""baseline_type"": ""region_mean"", ""baseline_value"": -0.7875224947929382, ""freq"": 0.19662363455809334, ""delta_mean"": -0.6982623934745789, ""direction"": ""decrease"", ""score"": 0.13729488968020517}, {""factor_id"": 40, ""factor_label"": ""climate_bio15"", ""factor_kind"": ""climate_feature"", ""baseline_type"": ""region_mean"", ""baseline_value"": -0.7875224947929382, ""freq"": 0.04667328699106256, ""delta_mean"": -0.5692979097366333, ""direction"": ""decrease"", ""score"": 0.026571004724549915}, {""factor_id"": 44, ""factor_label"": ""terrain_slope"", ""factor_kind"": ""terrain_feature"", ""baseline_type"": ""region_mean"", ""baseline_value"": -0.7875224947929382, ""freq"": 0.0029791459781529296, ""delta_mean"": -0.8530890345573425, ""direction"": ""decrease"", ""score"": 0.0025414767663078726}]",19,ndre,aux_feature,region_mean,-0.7875224947929382,0.7537239324726912,-0.8240617513656616,decrease,0.6211150638396596
249,OC_0-5cm_1km_mean,"{""OC_0-5cm_1km_mean"": {""mean"": 1.400429093768523, ""p50"": 1.371914029121399, ""p95"": 1.606240689754486}}","[{""factor_id"": 23, ""factor_label"": ""red_green_ratio"", ""factor_kind"": ""aux_feature"", ""baseline_type"": ""region_mean"", ""baseline_value"": -0.9108632802963257, ""freq"": 0.7592675301473872, ""delta_mean"": -0.9639015793800354, ""direction"": ""decrease"", ""score"": 0.7318591714810452}, {""factor_id"": 40, ""factor_label"": ""climate_bio15"", ""factor_kind"": ""climate_feature"", ""baseline_type"": ""region_mean"", ""baseline_value"": -0.9108632802963257, ""freq"": 0.1335417597141581, ""delta_mean"": -0.6447750926017761, ""direction"": ""decrease"", ""score"": 0.08610440048590043}, {""factor_id"": 34, ""factor_label"": ""covgtiff_wet_g_0_5cm_1km_mean"", ""factor_kind"": ""gtiff_covariate"", ""baseline_type"": ""region_mean"", ""baseline_value"": -0.9108632802963257, ""freq"": 0.08351942831621259, ""delta_mean"": -0.8916236758232117, ""direction"": ""decrease"", ""score"": 0.0744678996779547}, {""factor_id"": 39, ""factor_label"": ""climate_bio12"", ""factor_kind"": ""climate_feature"", ""baseline_type"": ""region_mean"", ""baseline_value"": -0.9108632802963257, ""freq"": 0.022778025904421618, ""delta_mean"": -0.7766292691230774, ""direction"": ""decrease"", ""score"": 0.017690081610217484}, {""factor_id"": 44, ""factor_label"": ""terrain_slope"", ""factor_kind"": ""terrain_feature"", ""baseline_type"": ""region_mean"", ""baseline_value"": -0.9108632802963257, ""freq"": 0.00044662795891022776, ""delta_mean"": -1.0136313438415527, ""direction"": ""decrease"", ""score"": 0.000452716098187384}]",23,red_green_ratio,aux_feature,region_mean,-0.9108632802963257,0.7592675301473872,-0.9639015793800354,decrease,0.7318591714810452
250,OC_0-5cm_1km_mean,"{""OC_0-5cm_1km_mean"": {""mean"": 1.8083287407191926, ""p50"": 1.799608826637268, ""p95"": 2.0241127014160156}}","[{""factor_id"": 19, ""factor_label"": ""ndre"", ""factor_kind"": ""aux_feature"", ""baseline_type"": ""region_mean"", ""baseline_value"": -0.7364047169685364, ""freq"": 0.5785460091509913, ""delta_mean"": -0.7742771506309509, ""direction"": ""decrease"", ""score"": 0.4479549554743376}, {""factor_id"": 39, ""factor_label"": ""climate_bio12"", ""factor_kind"": ""climate_feature"", ""baseline_type"": ""region_mean"", ""baseline_value"": -0.7364047169685364, ""freq"": 0.1550584646670056, ""delta_mean"": -0.6019474864006042, ""direction"": ""decrease"", ""score"": 0.09333705305144092}, {""factor_id"": 40, ""factor_label"": ""climate_bio15"", ""factor_kind"": ""climate_feature"", ""baseline_type"": ""region_mean"", ""baseline_value"": -0.7364047169685364, ""freq"": 0.11642094560244026, ""delta_mean"": -0.5640496015548706, ""direction"": ""decrease"", ""score"": 0.0656671879796977}, {""factor_id"": 34, ""factor_label"": ""covgtiff_wet_g_0_5cm_1km_mean"", ""factor_kind"": ""gtiff_covariate"", ""baseline_type"": ""region_mean"", ""baseline_value"": -0.7364047169685364, ""freq"": 0.10167768174885612, ""delta_mean"": -0.942935049533844, ""direction"": ""decrease"", ""score"": 0.09587544987634407}, {""factor_id"": 43, ""factor_label"": ""terrain_relief"", ""factor_kind"": ""terrain_feature"", ""baseline_type"": ""region_mean"", ""baseline_value"": -0.7364047169685364, ""freq"": 0.044229791560752414, ""delta_mean"": -0.8393491506576538, ""direction"": ""decrease"", ""score"": 0.0371242379802826}]",19,ndre,aux_feature,region_mean,-0.7364047169685364,0.5785460091509913,-0.7742771506309509,decrease,0.4479549554743376
251,OC_0-5cm_1km_mean,"{""OC_0-5cm_1km_mean"": {""mean"": 1.6881726292982993, ""p50"": 1.5504924058914185, ""p95"": 2.5612360715866087}}","[{""factor_id"": 23, ""factor_label"": ""red_green_ratio"", ""factor_kind"": ""aux_feature"", ""baseline_type"": ""region_mean"", ""baseline_value"": -0.5210477113723755, ""freq"": 0.7200188857412654, ""delta_mean"": -0.7651285529136658, ""direction"": ""decrease"", ""score"": 0.5509070081177244}, {""factor_id"": 37, ""factor_label"": ""climate_bio1"", ""factor_kind"": ""climate_feature"", ""baseline_type"": ""region_mean"", ""baseline_value"": -0.5210477113723755, ""freq"": 0.14069877242681775, ""delta_mean"": 0.8960983157157898, ""direction"": ""increase"", ""score"": 0.1260799329949506}, {""factor_id"": 34, ""factor_label"": ""covgtiff_wet_g_0_5cm_1km_mean"", ""factor_kind"": ""gtiff_covariate"", ""baseline_type"": ""region_mean"", ""baseline_value"": -0.5210477113723755, ""freq"": 0.07601510859301228, ""delta_mean"": -0.7792569994926453, ""direction"": ""decrease"", ""score"": 0.059235305438298344}, {""factor_id"": 39, ""factor_label"": ""climate_bio12"", ""factor_kind"": ""climate_feature"", ""baseline_type"": ""region_mean"", ""baseline_value"": -0.5210477113723755, ""freq"": 0.03635505193578848, ""delta_mean"": -0.5938605070114136, ""direction"": ""decrease"", ""score"": 0.02158982957501362}, {""factor_id"": 40, ""factor_label"": ""climate_bio15"", ""factor_kind"": ""climate_feature"", ""baseline_type"": ""region_mean"", ""baseline_value"": -0.5210477113723755, ""freq"": 0.024079320113314446, ""delta_mean"": -0.5676711201667786, ""direction"": ""decrease"", ""score"": 0.013669134621579654}]",23,red_green_ratio,aux_feature,region_mean,-0.5210477113723755,0.7200188857412654,-0.7651285529136658,decrease,0.5509070081177244
252,OC_0-5cm_1km_mean,"{""OC_0-5cm_1km_mean"": {""mean"": 1.819547519494523, ""p50"": 1.745262622833252, ""p95"": 2.335144782066345}}","[{""factor_id"": 23, ""factor_label"": ""red_green_ratio"", ""factor_kind"": ""aux_feature"", ""baseline_type"": ""region_mean"", ""baseline_value"": -0.7926188707351685, ""freq"": 0.851392335263303, ""delta_mean"": -0.8826975226402283, ""direction"": ""decrease"", ""score"": 0.7515219051317963}, {""factor_id"": 44, ""factor_label"": ""terrain_slope"", ""factor_kind"": ""terrain_feature"", ""baseline_type"": ""region_mean"", ""baseline_value"": -0.7926188707351685, ""freq"": 0.04714640198511166, ""delta_mean"": -0.9037330150604248, ""direction"": ""decrease"", ""score"": 0.04260776001525576}, {""factor_id"": 37, ""factor_label"": ""climate_bio1"", ""factor_kind"": ""climate_feature"", ""baseline_type"": ""region_mean"", ""baseline_value"": -0.7926188707351685, ""freq"": 0.03915081334436173, ""delta_mean"": 0.8765456676483154, ""direction"": ""increase"", ""score"": 0.03431747582190813}, {""factor_id"": 39, ""factor_label"": ""climate_bio12"", ""factor_kind"": ""climate_feature"", ""baseline_type"": ""region_mean"", ""baseline_value"": -0.7926188707351685, ""freq"": 0.027846705266060104, ""delta_mean"": -0.45958423614501953, ""direction"": ""decrease"", ""score"": 0.012797906768857725}, {""factor_id"": 40, ""factor_label"": ""climate_bio15"", ""factor_kind"": ""climate_feature"", ""baseline_type"": ""region_mean"", ""baseline_value"": -0.7926188707351685, ""freq"": 0.026192445547284258, ""delta_mean"": -0.5334782004356384, ""direction"": ""decrease"", ""score"": 0.013973098715573657}]",23,red_green_ratio,aux_feature,region_mean,-0.7926188707351685,0.851392335263303,-0.8826975226402283,decrease,0.7515219051317963
253,OC_0-5cm_1km_mean,"{""OC_0-5cm_1km_mean"": {""mean"": 1.7737120537975373, ""p50"": 1.6523128151893616, ""p95"": 2.633519387245177}}","[{""factor_id"": 23, ""factor_label"": ""red_green_ratio"", ""factor_kind"": ""aux_feature"", ""baseline_type"": ""region_mean"", ""baseline_value"": -0.5670596361160278, ""freq"": 0.6036269430051814, ""delta_mean"": -0.8217760920524597, ""direction"": ""decrease"", ""score"": 0.4960461902803708}, {""factor_id"": 34, ""factor_label"": ""covgtiff_wet_g_0_5cm_1km_mean"", ""factor_kind"": ""gtiff_covariate"", ""baseline_type"": ""region_mean"", ""baseline_value"": -0.5670596361160278, ""freq"": 0.22192729125966193, ""delta_mean"": -0.8468242287635803, ""direction"": ""decrease"", ""score"": 0.18793340726255367}, {""factor_id"": 37, ""factor_label"": ""climate_bio1"", ""factor_kind"": ""climate_feature"", ""baseline_type"": ""region_mean"", ""baseline_value"": -0.5670596361160278, ""freq"": 0.13832498088847361, ""delta_mean"": 0.9960410594940186, ""direction"": ""increase"", ""score"": 0.13777736051864511}, {""factor_id"": 40, ""factor_label"": ""climate_bio15"", ""factor_kind"": ""climate_feature"", ""baseline_type"": ""region_mean"", ""baseline_value"": -0.5670596361160278, ""freq"": 0.026734901894164612, ""delta_mean"": -0.55601567029953, ""direction"": ""decrease"", ""score"": 0.014865024397076113}, {""factor_id"": 39, ""factor_label"": ""climate_bio12"", ""factor_kind"": ""climate_feature"", ""baseline_type"": ""region_mean"", ""baseline_value"": -0.5670596361160278, ""freq"": 0.008154251252866729, ""delta_mean"": -0.62441086769104, ""direction"": ""decrease"", ""score"": 0.005091603100173265}]",23,red_green_ratio,aux_feature,region_mean,-0.5670596361160278,0.6036269430051814,-0.8217760920524597,decrease,0.4960461902803708
254,OC_0-5cm_1km_mean,"{""OC_0-5cm_1km_mean"": {""mean"": 1.7427470161054368, ""p50"": 1.7095150351524353, ""p95"": 2.1336898803710933}}","[{""factor_id"": 23, ""factor_label"": ""red_green_ratio"", ""factor_kind"": ""aux_feature"", ""baseline_type"": ""region_mean"", ""baseline_value"": -0.5534948110580444, ""freq"": 0.6774436090225564, ""delta_mean"": -0.7222979068756104, ""direction"": ""decrease"", ""score"": 0.48931610082325183}, {""factor_id"": 34, ""factor_label"": ""covgtiff_wet_g_0_5cm_1km_mean"", ""factor_kind"": ""gtiff_covariate"", ""baseline_type"": ""region_mean"", ""baseline_value"": -0.5534948110580444, ""freq"": 0.168796992481203, ""delta_mean"": -0.6902977228164673, ""direction"": ""decrease"", ""score"": 0.11652017952804278}, {""factor_id"": 37, ""factor_label"": ""climate_bio1"", ""factor_kind"": ""climate_feature"", ""baseline_type"": ""region_mean"", ""baseline_value"": -0.5534948110580444, ""freq"": 0.1037593984962406, ""delta_mean"": 0.7957172393798828, ""direction"": ""increase"", ""score"": 0.08256314213114574}, {""factor_id"": 40, ""factor_label"": ""climate_bio15"", ""factor_kind"": ""climate_feature"", ""baseline_type"": ""region_mean"", ""baseline_value"": -0.5534948110580444, ""freq"": 0.02556390977443609, ""delta_mean"": -0.6163100004196167, ""direction"": ""decrease"", ""score"": 0.01575529324380975}, {""factor_id"": 39, ""factor_label"": ""climate_bio12"", ""factor_kind"": ""climate_feature"", ""baseline_type"": ""region_mean"", ""baseline_value"": -0.5534948110580444, ""freq"": 0.020676691729323307, ""delta_mean"": -0.5913695096969604, ""direction"": ""decrease"", ""score"": 0.012227565050125122}]",23,red_green_ratio,aux_feature,region_mean,-0.5534948110580444,0.6774436090225564,-0.7222979068756104,decrease,0.48931610082325183
255,OC_0-5cm_1km_mean,"{""OC_0-5cm_1km_mean"": {""mean"": 1.8708298596640938, ""p50"": 1.7600388526916504, ""p95"": 2.7899646759033203}}","[{""factor_id"": 23, ""factor_label"": ""red_green_ratio"", ""factor_kind"": ""aux_feature"", ""baseline_type"": ""region_mean"", ""baseline_value"": -0.35195454955101013, ""freq"": 0.5787015413358244, ""delta_mean"": -0.6855459809303284, ""direction"": ""decrease"", ""score"": 0.3967265158209607}, {""factor_id"": 37, ""factor_label"": ""climate_bio1"", ""factor_kind"": ""climate_feature"", ""baseline_type"": ""region_mean"", ""baseline_value"": -0.35195454955101013, ""freq"": 0.22232601588042972, ""delta_mean"": 0.8646647334098816, ""direction"": ""increase"", ""score"": 0.19223746525133287}, {""factor_id"": 34, ""factor_label"": ""covgtiff_wet_g_0_5cm_1km_mean"", ""factor_kind"": ""gtiff_covariate"", ""baseline_type"": ""region_mean"", ""baseline_value"": -0.35195454955101013, ""freq"": 0.15506772536198038, ""delta_mean"": -0.7911893725395203, ""direction"": ""decrease"", ""score"": 0.12268793633027592}, {""factor_id"": 39, ""factor_label"": ""climate_bio12"", ""factor_kind"": ""climate_feature"", ""baseline_type"": ""region_mean"", ""baseline_value"": -0.35195454955101013, ""freq"": 0.04343764595983186, ""delta_mean"": -0.5662346482276917, ""direction"": ""decrease"", ""score"": 0.024595900179904404}, {""factor_id"": 40, ""factor_label"": ""climate_bio15"", ""factor_kind"": ""climate_feature"", ""baseline_type"": ""region_mean"", ""baseline_value"": -0.35195454955101013, ""freq"": 0.00046707146193367583, ""delta_mean"": -0.3889637291431427, ""direction"": ""decrease"", ""score"": 0.00018167385761006197}]",23,red_green_ratio,aux_feature,region_mean,-0.35195454955101013,0.5787015413358244,-0.6855459809303284,decrease,0.3967265158209607
256,OC_0-5cm_1km_mean,"{""OC_0-5cm_1km_mean"": {""mean"": 1.7139889706336804, ""p50"": 1.7110276222229004, ""p95"": 1.9203791618347168}}","[{""factor_id"": 19, ""factor_label"": ""ndre"", ""factor_kind"": ""aux_feature"", ""baseline_type"": ""region_mean"", ""baseline_value"": -0.7013792395591736, ""freq"": 0.7098273572377158, ""delta_mean"": -0.7565590143203735, ""direction"": ""decrease"", ""score"": 0.5370262857294019}, {""factor_id"": 39, ""factor_label"": ""climate_bio12"", ""factor_kind"": ""climate_feature"", ""baseline_type"": ""region_mean"", ""baseline_value"": -0.7013792395591736, ""freq"": 0.2868525896414343, ""delta_mean"": -0.579120397567749, ""direction"": ""decrease"", ""score"": 0.1661221857564858}, {""factor_id"": 37, ""factor_label"": ""climate_bio1"", ""factor_kind"": ""climate_feature"", ""baseline_type"": ""region_mean"", ""baseline_value"": -0.7013792395591736, ""freq"": 0.0026560424966799467, ""delta_mean"": 0.7446686029434204, ""direction"": ""increase"", ""score"": 0.00197787145536101}, {""factor_id"": 40, ""factor_label"": ""climate_bio15"", ""factor_kind"": ""climate_feature"", ""baseline_type"": ""region_mean"", ""baseline_value"": -0.7013792395591736, ""freq"": 0.0006640106241699867, ""delta_mean"": -0.31420037150382996, ""direction"": ""decrease"", ""score"": 0.0002086323847966998}]",19,ndre,aux_feature,region_mean,-0.7013792395591736,0.7098273572377158,-0.7565590143203735,decrease,0.5370262857294019
257,OC_0-5cm_1km_mean,"{""OC_0-5cm_1km_mean"": {""mean"": 1.6688595340188732, ""p50"": 1.6187947988510132, ""p95"": 2.1116469860076905}}","[{""factor_id"": 23, ""factor_label"": ""red_green_ratio"", ""factor_kind"": ""aux_feature"", ""baseline_type"": ""region_mean"", ""baseline_value"": -0.8047663569450378, ""freq"": 0.6575515355490114, ""delta_mean"": -0.8758923411369324, ""direction"": ""decrease"", ""score"": 0.5759443538902084}, {""factor_id"": 34, ""factor_label"": ""covgtiff_wet_g_0_5cm_1km_mean"", ""factor_kind"": ""gtiff_covariate"", ""baseline_type"": ""region_mean"", ""baseline_value"": -0.8047663569450378, ""freq"": 0.22801851072780815, ""delta_mean"": -0.890705943107605, ""direction"": ""decrease"", ""score"": 0.20309744264380392}, {""factor_id"": 40, ""factor_label"": ""climate_bio15"", ""factor_kind"": ""climate_feature"", ""baseline_type"": ""region_mean"", ""baseline_value"": -0.8047663569450378, ""freq"": 0.0715187210769878, ""delta_mean"": -0.6653092503547668, ""direction"": ""decrease"", ""score"": 0.047582066706062416}, {""factor_id"": 37, ""factor_label"": ""climate_bio1"", ""factor_kind"": ""climate_feature"", ""baseline_type"": ""region_mean"", ""baseline_value"": -0.8047663569450378, ""freq"": 0.03155237694572991, ""delta_mean"": 0.9536639451980591, ""direction"": ""increase"", ""score"": 0.030090364278441074}, {""factor_id"": 39, ""factor_label"": ""climate_bio12"", ""factor_kind"": ""climate_feature"", ""baseline_type"": ""region_mean"", ""baseline_value"": -0.8047663569450378, ""freq"": 0.005889777029869584, ""delta_mean"": -0.6967677474021912, ""direction"": ""decrease"", ""score"": 0.004103806673803398}]",23,red_green_ratio,aux_feature,region_mean,-0.8047663569450378,0.6575515355490114,-0.8758923411369324,decrease,0.5759443538902084
258,OC_0-5cm_1km_mean,"{""OC_0-5cm_1km_mean"": {""mean"": 1.6783485873655302, ""p50"": 1.662929892539978, ""p95"": 1.8878557682037354}}","[{""factor_id"": 23, ""factor_label"": ""red_green_ratio"", ""factor_kind"": ""aux_feature"", ""baseline_type"": ""region_mean"", ""baseline_value"": -0.982012152671814, ""freq"": 0.7921406411582212, ""delta_mean"": -1.008971095085144, ""direction"": ""decrease"", ""score"": 0.7992470101708586}, {""factor_id"": 34, ""factor_label"": ""covgtiff_wet_g_0_5cm_1km_mean"", ""factor_kind"": ""gtiff_covariate"", ""baseline_type"": ""region_mean"", ""baseline_value"": -0.982012152671814, ""freq"": 0.20423991726990692, ""delta_mean"": -0.9062585234642029, ""direction"": ""decrease"", ""score"": 0.1850941658574768}, {""factor_id"": 37, ""factor_label"": ""climate_bio1"", ""factor_kind"": ""climate_feature"", ""baseline_type"": ""region_mean"", ""baseline_value"": -0.982012152671814, ""freq"": 0.0031023784901758012, ""delta_mean"": 0.848590612411499, ""direction"": ""increase"", ""score"": 0.002632649262910545}, {""factor_id"": 40, ""factor_label"": ""climate_bio15"", ""factor_kind"": ""climate_feature"", ""baseline_type"": ""region_mean"", ""baseline_value"": -0.982012152671814, ""freq"": 0.000517063081695967, ""delta_mean"": -0.5872635841369629, ""direction"": ""decrease"", ""score"": 0.0003036523185816768}]",23,red_green_ratio,aux_feature,region_mean,-0.982012152671814,0.7921406411582212,-1.008971095085144,decrease,0.7992470101708586
259,OC_0-5cm_1km_mean,"{""OC_0-5cm_1km_mean"": {""mean"": 1.5472626522387352, ""p50"": 1.538941204547882, ""p95"": 1.7061426401138304}}","[{""factor_id"": 19, ""factor_label"": ""ndre"", ""factor_kind"": ""aux_feature"", ""baseline_type"": ""region_mean"", ""baseline_value"": -0.6516934633255005, ""freq"": 0.7130722038697499, ""delta_mean"": -0.7046772837638855, ""direction"": ""decrease"", ""score"": 0.5024857837504629}, {""factor_id"": 39, ""factor_label"": ""climate_bio12"", ""factor_kind"": ""climate_feature"", ""baseline_type"": ""region_mean"", ""baseline_value"": -0.6516934633255005, ""freq"": 0.2800849457291175, ""delta_mean"": -0.5232747793197632, ""direction"": ""decrease"", ""score"": 0.14656138816719183}, {""factor_id"": 40, ""factor_label"": ""climate_bio15"", ""factor_kind"": ""climate_feature"", ""baseline_type"": ""region_mean"", ""baseline_value"": -0.6516934633255005, ""freq"": 0.005663048607833884, ""delta_mean"": -0.3494203984737396, ""direction"": ""decrease"", ""score"": 0.0019787847011254723}, {""factor_id"": 44, ""factor_label"": ""terrain_slope"", ""factor_kind"": ""terrain_feature"", ""baseline_type"": ""region_mean"", ""baseline_value"": -0.6516934633255005, ""freq"": 0.0007078810759792355, ""delta_mean"": -0.6958627104759216, ""direction"": ""decrease"", ""score"": 0.0004925880442255226}, {""factor_id"": 43, ""factor_label"": ""terrain_relief"", ""factor_kind"": ""terrain_feature"", ""baseline_type"": ""region_mean"", ""baseline_value"": -0.6516934633255005, ""freq"": 0.00023596035865974517, ""delta_mean"": -0.5339520573616028, ""direction"": ""decrease"", ""score"": 0.00012599151896215262}]",19,ndre,aux_feature,region_mean,-0.6516934633255005,0.7130722038697499,-0.7046772837638855,decrease,0.5024857837504629
260,OC_0-5cm_1km_mean,"{""OC_0-5cm_1km_mean"": {""mean"": 1.58973329074466, ""p50"": 1.5777919292449951, ""p95"": 1.7815412938594817}}","[{""factor_id"": 19, ""factor_label"": ""ndre"", ""factor_kind"": ""aux_feature"", ""baseline_type"": ""region_mean"", ""baseline_value"": -0.6044974327087402, ""freq"": 0.6813353566009105, ""delta_mean"": -0.6625412702560425, ""direction"": ""decrease"", ""score"": 0.45141279263272094}, {""factor_id"": 39, ""factor_label"": ""climate_bio12"", ""factor_kind"": ""climate_feature"", ""baseline_type"": ""region_mean"", ""baseline_value"": -0.6044974327087402, ""freq"": 0.30728376327769347, ""delta_mean"": -0.4872751235961914, ""direction"": ""decrease"", ""score"": 0.1497317337302409}, {""factor_id"": 40, ""factor_label"": ""climate_bio15"", ""factor_kind"": ""climate_feature"", ""baseline_type"": ""region_mean"", ""baseline_value"": -0.6044974327087402, ""freq"": 0.010622154779969651, ""delta_mean"": -0.351736456155777, ""direction"": ""decrease"", ""score"": 0.0037361990790446722}, {""factor_id"": 37, ""factor_label"": ""climate_bio1"", ""factor_kind"": ""climate_feature"", ""baseline_type"": ""region_mean"", ""baseline_value"": -0.6044974327087402, ""freq"": 0.0007587253414264037, ""delta_mean"": 0.5051662921905518, ""direction"": ""increase"", ""score"": 0.0003832824675193868}]",19,ndre,aux_feature,region_mean,-0.6044974327087402,0.6813353566009105,-0.6625412702560425,decrease,0.45141279263272094
261,OC_0-5cm_1km_mean,"{""OC_0-5cm_1km_mean"": {""mean"": 1.7988945967034449, ""p50"": 1.7188047170639038, ""p95"": 2.320016956329346}}","[{""factor_id"": 23, ""factor_label"": ""red_green_ratio"", ""factor_kind"": ""aux_feature"", ""baseline_type"": ""region_mean"", ""baseline_value"": -0.5508887767791748, ""freq"": 0.5458227848101266, ""delta_mean"": -0.7477365732192993, ""direction"": ""decrease"", ""score"": 0.4081316586989391}, {""factor_id"": 34, ""factor_label"": ""covgtiff_wet_g_0_5cm_1km_mean"", ""factor_kind"": ""gtiff_covariate"", ""baseline_type"": ""region_mean"", ""baseline_value"": -0.5508887767791748, ""freq"": 0.2010126582278481, ""delta_mean"": -0.7220643758773804, ""direction"": ""decrease"", ""score"": 0.1451440796067443}, {""factor_id"": 37, ""factor_label"": ""climate_bio1"", ""factor_kind"": ""climate_feature"", ""baseline_type"": ""region_mean"", ""baseline_value"": -0.5508887767791748, ""freq"": 0.11139240506329114, ""delta_mean"": 0.8698292374610901, ""direction"": ""increase"", ""score"": 0.0968923707551594}, {""factor_id"": 19, ""factor_label"": ""ndre"", ""factor_kind"": ""aux_feature"", ""baseline_type"": ""region_mean"", ""baseline_value"": -0.5508887767791748, ""freq"": 0.06025316455696202, ""delta_mean"": -0.7051517367362976, ""direction"": ""decrease"", ""score"": 0.042487623631199706}, {""factor_id"": 39, ""factor_label"": ""climate_bio12"", ""factor_kind"": ""climate_feature"", ""baseline_type"": ""region_mean"", ""baseline_value"": -0.5508887767791748, ""freq"": 0.05113924050632911, ""delta_mean"": -0.642470121383667, ""direction"": ""decrease"", ""score"": 0.03285543405556981}]",23,red_green_ratio,aux_feature,region_mean,-0.5508887767791748,0.5458227848101266,-0.7477365732192993,decrease,0.4081316586989391
262,OC_0-5cm_1km_mean,"{""OC_0-5cm_1km_mean"": {""mean"": 1.743147812916045, ""p50"": 1.6493453979492188, ""p95"": 2.3182173848152163}}","[{""factor_id"": 23, ""factor_label"": ""red_green_ratio"", ""factor_kind"": ""aux_feature"", ""baseline_type"": ""region_mean"", ""baseline_value"": -0.6365883946418762, ""freq"": 0.3758687258687259, ""delta_mean"": -0.8044384717941284, ""direction"": ""decrease"", ""score"": 0.30236326343304404}, {""factor_id"": 34, ""factor_label"": ""covgtiff_wet_g_0_5cm_1km_mean"", ""factor_kind"": ""gtiff_covariate"", ""baseline_type"": ""region_mean"", ""baseline_value"": -0.6365883946418762, ""freq"": 0.3258687258687259, ""delta_mean"": -0.8587604761123657, ""direction"": ""decrease"", ""score"": 0.27984318217715703}, {""factor_id"": 40, ""factor_label"": ""climate_bio15"", ""factor_kind"": ""climate_feature"", ""baseline_type"": ""region_mean"", ""baseline_value"": -0.6365883946418762, ""freq"": 0.12972972972972974, ""delta_mean"": -0.6420531272888184, ""direction"": ""decrease"", ""score"": 0.08329337867530617}, {""factor_id"": 37, ""factor_label"": ""climate_bio1"", ""factor_kind"": ""climate_feature"", ""baseline_type"": ""region_mean"", ""baseline_value"": -0.6365883946418762, ""freq"": 0.09536679536679536, ""delta_mean"": 0.8674044609069824, ""direction"": ""increase"", ""score"": 0.08272158372356164}, {""factor_id"": 19, ""factor_label"": ""ndre"", ""factor_kind"": ""aux_feature"", ""baseline_type"": ""region_mean"", ""baseline_value"": -0.6365883946418762, ""freq"": 0.053474903474903475, ""delta_mean"": -0.7376431226730347, ""direction"": ""decrease"", ""score"": 0.03944539478386691}]",23,red_green_ratio,aux_feature,region_mean,-0.6365883946418762,0.3758687258687259,-0.8044384717941284,decrease,0.30236326343304404
263,OC_0-5cm_1km_mean,"{""OC_0-5cm_1km_mean"": {""mean"": 1.9612041676549508, ""p50"": 1.9000792503356934, ""p95"": 2.8299471139907837}}","[{""factor_id"": 23, ""factor_label"": ""red_green_ratio"", ""factor_kind"": ""aux_feature"", ""baseline_type"": ""region_mean"", ""baseline_value"": -0.4567282199859619, ""freq"": 0.6219024780175859, ""delta_mean"": -0.9315175414085388, ""direction"": ""decrease"", ""score"": 0.5793130673188195}, {""factor_id"": 37, ""factor_label"": ""climate_bio1"", ""factor_kind"": ""climate_feature"", ""baseline_type"": ""region_mean"", ""baseline_value"": -0.4567282199859619, ""freq"": 0.2422062350119904, ""delta_mean"": 1.0145593881607056, ""direction"": ""increase"", ""score"": 0.24573260960247303}, {""factor_id"": 34, ""factor_label"": ""covgtiff_wet_g_0_5cm_1km_mean"", ""factor_kind"": ""gtiff_covariate"", ""baseline_type"": ""region_mean"", ""baseline_value"": -0.4567282199859619, ""freq"": 0.11830535571542766, ""delta_mean"": -0.9544026255607605, ""direction"": ""decrease"", ""score"": 0.11291094211270389}, {""factor_id"": 19, ""factor_label"": ""ndre"", ""factor_kind"": ""aux_feature"", ""baseline_type"": ""region_mean"", ""baseline_value"": -0.4567282199859619, ""freq"": 0.007993605115907274, ""delta_mean"": -0.7171888947486877, ""direction"": ""decrease"", ""score"": 0.005732924818134994}, {""factor_id"": 40, ""factor_label"": ""climate_bio15"", ""factor_kind"": ""climate_feature"", ""baseline_type"": ""region_mean"", ""baseline_value"": -0.4567282199859619, ""freq"": 0.006394884092725819, ""delta_mean"": -0.4489019513130188, ""direction"": ""decrease"", ""score"": 0.002870675947645204}]",23,red_green_ratio,aux_feature,region_mean,-0.4567282199859619,0.6219024780175859,-0.9315175414085388,decrease,0.5793130673188195
264,OC_0-5cm_1km_mean,"{""OC_0-5cm_1km_mean"": {""mean"": 1.7242957708265443, ""p50"": 1.729577898979187, ""p95"": 1.8558128237724305}}","[{""factor_id"": 19, ""factor_label"": ""ndre"", ""factor_kind"": ""aux_feature"", ""baseline_type"": ""region_mean"", ""baseline_value"": -0.5796159505844116, ""freq"": 0.5212059274399591, ""delta_mean"": -0.6463437676429749, ""direction"": ""decrease"", ""score"": 0.3368782028593941}, {""factor_id"": 43, ""factor_label"": ""terrain_relief"", ""factor_kind"": ""terrain_feature"", ""baseline_type"": ""region_mean"", ""baseline_value"": -0.5796159505844116, ""freq"": 0.2401635155850792, ""delta_mean"": -0.6020007729530334, ""direction"": ""decrease"", ""score"": 0.14457862201733557}, {""factor_id"": 39, ""factor_label"": ""climate_bio12"", ""factor_kind"": ""climate_feature"", ""baseline_type"": ""region_mean"", ""baseline_value"": -0.5796159505844116, ""freq"": 0.12046499744506899, ""delta_mean"": -0.4379414916038513, ""direction"": ""decrease"", ""score"": 0.05275662066714765}, {""factor_id"": 40, ""factor_label"": ""climate_bio15"", ""factor_kind"": ""climate_feature"", ""baseline_type"": ""region_mean"", ""baseline_value"": -0.5796159505844116, ""freq"": 0.08686765457332651, ""delta_mean"": -0.4016687273979187, ""direction"": ""decrease"", ""score"": 0.034892020264510056}, {""factor_id"": 37, ""factor_label"": ""climate_bio1"", ""factor_kind"": ""climate_feature"", ""baseline_type"": ""region_mean"", ""baseline_value"": -0.5796159505844116, ""freq"": 0.01290240163515585, ""delta_mean"": 0.3382605016231537, ""direction"": ""increase"", ""score"": 0.004364372849251216}]",19,ndre,aux_feature,region_mean,-0.5796159505844116,0.5212059274399591,-0.6463437676429749,decrease,0.3368782028593941
265,OC_0-5cm_1km_mean,"{""OC_0-5cm_1km_mean"": {""mean"": 1.656552707316319, ""p50"": 1.6475489735603333, ""p95"": 1.8782458901405334}}","[{""factor_id"": 19, ""factor_label"": ""ndre"", ""factor_kind"": ""aux_feature"", ""baseline_type"": ""region_mean"", ""baseline_value"": -0.7038677930831909, ""freq"": 0.7436115843270868, ""delta_mean"": -0.751065194606781, ""direction"": ""decrease"", ""score"": 0.5585007792944803}, {""factor_id"": 39, ""factor_label"": ""climate_bio12"", ""factor_kind"": ""climate_feature"", ""baseline_type"": ""region_mean"", ""baseline_value"": -0.7038677930831909, ""freq"": 0.2512776831345826, ""delta_mean"": -0.5902824997901917, ""direction"": ""decrease"", ""score"": 0.1483248189421691}, {""factor_id"": 37, ""factor_label"": ""climate_bio1"", ""factor_kind"": ""climate_feature"", ""baseline_type"": ""region_mean"", ""baseline_value"": -0.7038677930831909, ""freq"": 0.004826802952867689, ""delta_mean"": 0.6273389458656311, ""direction"": ""increase"", ""score"": 0.0030280414763531314}, {""factor_id"": 40, ""factor_label"": ""climate_bio15"", ""factor_kind"": ""climate_feature"", ""baseline_type"": ""region_mean"", ""baseline_value"": -0.7038677930831909, ""freq"": 0.00028392958546280523, ""delta_mean"": -0.24751417338848114, ""direction"": ""decrease"", ""score"": 7.027659664636035e-05}]",19,ndre,aux_feature,region_mean,-0.7038677930831909,0.7436115843270868,-0.751065194606781,decrease,0.5585007792944803
266,OC_0-5cm_1km_mean,"{""OC_0-5cm_1km_mean"": {""mean"": 1.818121104888568, ""p50"": 1.8198502659797668, ""p95"": 2.0517512559890747}}","[{""factor_id"": 19, ""factor_label"": ""ndre"", ""factor_kind"": ""aux_feature"", ""baseline_type"": ""region_mean"", ""baseline_value"": -0.7525456547737122, ""freq"": 0.6412103746397695, ""delta_mean"": -0.7986761331558228, ""direction"": ""decrease"", ""score"": 0.5121194225566875}, {""factor_id"": 43, ""factor_label"": ""terrain_relief"", ""factor_kind"": ""terrain_feature"", ""baseline_type"": ""region_mean"", ""baseline_value"": -0.7525456547737122, ""freq"": 0.12199807877041306, ""delta_mean"": -0.856477677822113, ""direction"": ""decrease"", ""score"": 0.1044886312040426}, {""factor_id"": 40, ""factor_label"": ""climate_bio15"", ""factor_kind"": ""climate_feature"", ""baseline_type"": ""region_mean"", ""baseline_value"": -0.7525456547737122, ""freq"": 0.1143131604226705, ""delta_mean"": -0.5559083819389343, ""direction"": ""decrease"", ""score"": 0.06354764404489259}, {""factor_id"": 39, ""factor_label"": ""climate_bio12"", ""factor_kind"": ""climate_feature"", ""baseline_type"": ""region_mean"", ""baseline_value"": -0.7525456547737122, ""freq"": 0.11407300672430355, ""delta_mean"": -0.5926777124404907, ""direction"": ""decrease"", ""score"": 0.06760852867656894}, {""factor_id"": 44, ""factor_label"": ""terrain_slope"", ""factor_kind"": ""terrain_feature"", ""baseline_type"": ""region_mean"", ""baseline_value"": -0.7525456547737122, ""freq"": 0.005523535062439962, ""delta_mean"": -0.9325194358825684, ""direction"": ""decrease"", ""score"": 0.0051508038005041}]",19,ndre,aux_feature,region_mean,-0.7525456547737122,0.6412103746397695,-0.7986761331558228,decrease,0.5121194225566875
267,OC_0-5cm_1km_mean,"{""OC_0-5cm_1km_mean"": {""mean"": 1.6292684562094744, ""p50"": 1.5372575521469116, ""p95"": 2.3924921989440904}}","[{""factor_id"": 23, ""factor_label"": ""red_green_ratio"", ""factor_kind"": ""aux_feature"", ""baseline_type"": ""region_mean"", ""baseline_value"": -0.5568681359291077, ""freq"": 0.5179995688726019, ""delta_mean"": -0.6888367533683777, ""direction"": ""decrease"", ""score"": 0.35681714126842246}, {""factor_id"": 34, ""factor_label"": ""covgtiff_wet_g_0_5cm_1km_mean"", ""factor_kind"": ""gtiff_covariate"", ""baseline_type"": ""region_mean"", ""baseline_value"": -0.5568681359291077, ""freq"": 0.23237766760077602, ""delta_mean"": -0.7722265124320984, ""direction"": ""decrease"", ""score"": 0.1794481958184527}, {""factor_id"": 40, ""factor_label"": ""climate_bio15"", ""factor_kind"": ""climate_feature"", ""baseline_type"": ""region_mean"", ""baseline_value"": -0.5568681359291077, ""freq"": 0.16792412157792627, ""delta_mean"": -0.5548957586288452, ""direction"": ""decrease"", ""score"": 0.09318038283506584}, {""factor_id"": 37, ""factor_label"": ""climate_bio1"", ""factor_kind"": ""climate_feature"", ""baseline_type"": ""region_mean"", ""baseline_value"": -0.5568681359291077, ""freq"": 0.0784651864625997, ""delta_mean"": 0.9575102925300598, ""direction"": ""increase"", ""score"": 0.07513122364322952}, {""factor_id"": 43, ""factor_label"": ""terrain_relief"", ""factor_kind"": ""terrain_feature"", ""baseline_type"": ""region_mean"", ""baseline_value"": -0.5568681359291077, ""freq"": 0.0012933821944384565, ""delta_mean"": -0.8957476615905762, ""direction"": ""decrease"", ""score"": 0.0011585440762111353}]",23,red_green_ratio,aux_feature,region_mean,-0.5568681359291077,0.5179995688726019,-0.6888367533683777,decrease,0.35681714126842246
268,OC_0-5cm_1km_mean,"{""OC_0-5cm_1km_mean"": {""mean"": 1.681965710925606, ""p50"": 1.659537672996521, ""p95"": 1.9179772853851316}}","[{""factor_id"": 23, ""factor_label"": ""red_green_ratio"", ""factor_kind"": ""aux_feature"", ""baseline_type"": ""region_mean"", ""baseline_value"": -0.7378799319267273, ""freq"": 0.6995283018867925, ""delta_mean"": -0.7830602526664734, ""direction"": ""decrease"", ""score"": 0.5477728088228208}, {""factor_id"": 34, ""factor_label"": ""covgtiff_wet_g_0_5cm_1km_mean"", ""factor_kind"": ""gtiff_covariate"", ""baseline_type"": ""region_mean"", ""baseline_value"": -0.7378799319267273, ""freq"": 0.2188679245283019, ""delta_mean"": -0.7544966340065002, ""direction"": ""decrease"", ""score"": 0.16513511234859252}, {""factor_id"": 40, ""factor_label"": ""climate_bio15"", ""factor_kind"": ""climate_feature"", ""baseline_type"": ""region_mean"", ""baseline_value"": -0.7378799319267273, ""freq"": 0.04575471698113207, ""delta_mean"": -0.6076734662055969, ""direction"": ""decrease"", ""score"": 0.02780392746318061}, {""factor_id"": 37, ""factor_label"": ""climate_bio1"", ""factor_kind"": ""climate_feature"", ""baseline_type"": ""region_mean"", ""baseline_value"": -0.7378799319267273, ""freq"": 0.01839622641509434, ""delta_mean"": 0.8024547100067139, ""direction"": ""increase"", ""score"": 0.014762138533142377}, {""factor_id"": 44, ""factor_label"": ""terrain_slope"", ""factor_kind"": ""terrain_feature"", ""baseline_type"": ""region_mean"", ""baseline_value"": -0.7378799319267273, ""freq"": 0.007547169811320755, ""delta_mean"": -0.6870350241661072, ""direction"": ""decrease"", ""score"": 0.005185169993706469}]",23,red_green_ratio,aux_feature,region_mean,-0.7378799319267273,0.6995283018867925,-0.7830602526664734,decrease,0.5477728088228208
269,OC_0-5cm_1km_mean,"{""OC_0-5cm_1km_mean"": {""mean"": 1.7677122881507705, ""p50"": 1.7319860458374023, ""p95"": 2.1734877467155456}}","[{""factor_id"": 23, ""factor_label"": ""red_green_ratio"", ""factor_kind"": ""aux_feature"", ""baseline_type"": ""region_mean"", ""baseline_value"": -0.7900565266609192, ""freq"": 0.7382286427920478, ""delta_mean"": -0.8946131467819214, ""direction"": ""decrease"", ""score"": 0.6604290491727409}, {""factor_id"": 34, ""factor_label"": ""covgtiff_wet_g_0_5cm_1km_mean"", ""factor_kind"": ""gtiff_covariate"", ""baseline_type"": ""region_mean"", ""baseline_value"": -0.7900565266609192, ""freq"": 0.17374354473959563, ""delta_mean"": -0.8841831684112549, ""direction"": ""decrease"", ""score"": 0.1536211178788583}, {""factor_id"": 37, ""factor_label"": ""climate_bio1"", ""factor_kind"": ""climate_feature"", ""baseline_type"": ""region_mean"", ""baseline_value"": -0.7900565266609192, ""freq"": 0.051287676781314344, ""delta_mean"": 0.9112039804458618, ""direction"": ""increase"", ""score"": 0.046733535230954436}, {""factor_id"": 40, ""factor_label"": ""climate_bio15"", ""factor_kind"": ""climate_feature"", ""baseline_type"": ""region_mean"", ""baseline_value"": -0.7900565266609192, ""freq"": 0.025736659128497655, ""delta_mean"": -0.5863885879516602, ""direction"": ""decrease"", ""score"": 0.015091683204952945}, {""factor_id"": 39, ""factor_label"": ""climate_bio12"", ""factor_kind"": ""climate_feature"", ""baseline_type"": ""region_mean"", ""baseline_value"": -0.7900565266609192, ""freq"": 0.007020623080298377, ""delta_mean"": -0.6622059941291809, ""direction"": ""decrease"", ""score"": 0.004649098686295258}]",23,red_green_ratio,aux_feature,region_mean,-0.7900565266609192,0.7382286427920478,-0.8946131467819214,decrease,0.6604290491727409
270,OC_0-5cm_1km_mean,"{""OC_0-5cm_1km_mean"": {""mean"": 1.693554755752092, ""p50"": 1.648413062095642, ""p95"": 2.0488438844680785}}","[{""factor_id"": 23, ""factor_label"": ""red_green_ratio"", ""factor_kind"": ""aux_feature"", ""baseline_type"": ""region_mean"", ""baseline_value"": -0.9454252123832703, ""freq"": 0.7525335076822491, ""delta_mean"": -0.9964264631271362, ""direction"": ""decrease"", ""score"": 0.7498443014444811}, {""factor_id"": 34, ""factor_label"": ""covgtiff_wet_g_0_5cm_1km_mean"", ""factor_kind"": ""gtiff_covariate"", ""baseline_type"": ""region_mean"", ""baseline_value"": -0.9454252123832703, ""freq"": 0.2177182085648905, ""delta_mean"": -0.918876588344574, ""direction"": ""decrease"", ""score"": 0.20005616470659898}, {""factor_id"": 37, ""factor_label"": ""climate_bio1"", ""factor_kind"": ""climate_feature"", ""baseline_type"": ""region_mean"", ""baseline_value"": -0.9454252123832703, ""freq"": 0.016018306636155607, ""delta_mean"": 1.0218286514282227, ""direction"": ""increase"", ""score"": 0.016367964668186633}, {""factor_id"": 39, ""factor_label"": ""climate_bio12"", ""factor_kind"": ""climate_feature"", ""baseline_type"": ""region_mean"", ""baseline_value"": -0.9454252123832703, ""freq"": 0.012749264465511605, ""delta_mean"": -0.8630186915397644, ""direction"": ""decrease"", ""score"": 0.011002853537120239}, {""factor_id"": 40, ""factor_label"": ""climate_bio15"", ""factor_kind"": ""climate_feature"", ""baseline_type"": ""region_mean"", ""baseline_value"": -0.9454252123832703, ""freq"": 0.0006538084341288003, ""delta_mean"": -0.6054266691207886, ""direction"": ""decrease"", ""score"": 0.00039583306251767805}]",23,red_green_ratio,aux_feature,region_mean,-0.9454252123832703,0.7525335076822491,-0.9964264631271362,decrease,0.7498443014444811
271,OC_0-5cm_1km_mean,"{""OC_0-5cm_1km_mean"": {""mean"": 1.8360264737037117, ""p50"": 1.7237858772277832, ""p95"": 2.7088481783866882}}","[{""factor_id"": 23, ""factor_label"": ""red_green_ratio"", ""factor_kind"": ""aux_feature"", ""baseline_type"": ""region_mean"", ""baseline_value"": -0.49016886949539185, ""freq"": 0.5195530726256983, ""delta_mean"": -0.906154453754425, ""direction"": ""decrease"", ""score"": 0.47079533072157276}, {""factor_id"": 34, ""factor_label"": ""covgtiff_wet_g_0_5cm_1km_mean"", ""factor_kind"": ""gtiff_covariate"", ""baseline_type"": ""region_mean"", ""baseline_value"": -0.49016886949539185, ""freq"": 0.21428571428571427, ""delta_mean"": -0.9192132949829102, ""direction"": ""decrease"", ""score"": 0.1969742774963379}, {""factor_id"": 37, ""factor_label"": ""climate_bio1"", ""factor_kind"": ""climate_feature"", ""baseline_type"": ""region_mean"", ""baseline_value"": -0.49016886949539185, ""freq"": 0.20031923383878691, ""delta_mean"": 1.06149160861969, ""direction"": ""increase"", ""score"": 0.21263718576499774}, {""factor_id"": 40, ""factor_label"": ""climate_bio15"", ""factor_kind"": ""climate_feature"", ""baseline_type"": ""region_mean"", ""baseline_value"": -0.49016886949539185, ""freq"": 0.05985634477254589, ""delta_mean"": -0.5062757134437561, ""direction"": ""decrease"", ""score"": 0.03030381365385611}, {""factor_id"": 19, ""factor_label"": ""ndre"", ""factor_kind"": ""aux_feature"", ""baseline_type"": ""region_mean"", ""baseline_value"": -0.49016886949539185, ""freq"": 0.0051875498802873106, ""delta_mean"": -0.8363516330718994, ""direction"": ""decrease"", ""score"": 0.0043386158140202285}]",23,red_green_ratio,aux_feature,region_mean,-0.49016886949539185,0.5195530726256983,-0.906154453754425,decrease,0.47079533072157276
272,OC_0-5cm_1km_mean,"{""OC_0-5cm_1km_mean"": {""mean"": 1.5534405202663342, ""p50"": 1.5521947145462036, ""p95"": 1.665290081501007}}","[{""factor_id"": 19, ""factor_label"": ""ndre"", ""factor_kind"": ""aux_feature"", ""baseline_type"": ""region_mean"", ""baseline_value"": -0.6528113484382629, ""freq"": 0.6174469787915166, ""delta_mean"": -0.7036299109458923, ""direction"": ""decrease"", ""score"": 0.43445416270088505}, {""factor_id"": 39, ""factor_label"": ""climate_bio12"", ""factor_kind"": ""climate_feature"", ""baseline_type"": ""region_mean"", ""baseline_value"": -0.6528113484382629, ""freq"": 0.2613045218087235, ""delta_mean"": -0.5169042348861694, ""direction"": ""decrease"", ""score"": 0.13506941391783459}, {""factor_id"": 43, ""factor_label"": ""terrain_relief"", ""factor_kind"": ""terrain_feature"", ""baseline_type"": ""region_mean"", ""baseline_value"": -0.6528113484382629, ""freq"": 0.08123249299719888, ""delta_mean"": -0.768467366695404, ""direction"": ""decrease"", ""score"": 0.062424519983660276}, {""factor_id"": 40, ""factor_label"": ""climate_bio15"", ""factor_kind"": ""climate_feature"", ""baseline_type"": ""region_mean"", ""baseline_value"": -0.6528113484382629, ""freq"": 0.03041216486594638, ""delta_mean"": -0.4403407871723175, ""direction"": ""decrease"", ""score"": 0.013391716616685126}, {""factor_id"": 44, ""factor_label"": ""terrain_slope"", ""factor_kind"": ""terrain_feature"", ""baseline_type"": ""region_mean"", ""baseline_value"": -0.6528113484382629, ""freq"": 0.009603841536614645, ""delta_mean"": -0.7779743075370789, ""direction"": ""decrease"", ""score"": 0.007471541969143614}]",19,ndre,aux_feature,region_mean,-0.6528113484382629,0.6174469787915166,-0.7036299109458923,decrease,0.43445416270088505
273,OC_0-5cm_1km_mean,"{""OC_0-5cm_1km_mean"": {""mean"": 1.9225098761713713, ""p50"": 1.8205022811889648, ""p95"": 2.577800846099853}}","[{""factor_id"": 23, ""factor_label"": ""red_green_ratio"", ""factor_kind"": ""aux_feature"", ""baseline_type"": ""region_mean"", ""baseline_value"": -0.6888782978057861, ""freq"": 0.604739336492891, ""delta_mean"": -0.7796366810798645, ""direction"": ""decrease"", ""score"": 0.47147696922175697}, {""factor_id"": 34, ""factor_label"": ""covgtiff_wet_g_0_5cm_1km_mean"", ""factor_kind"": ""gtiff_covariate"", ""baseline_type"": ""region_mean"", ""baseline_value"": -0.6888782978057861, ""freq"": 0.32101105845181677, ""delta_mean"": -0.9043585062026978, ""direction"": ""decrease"", ""score"": 0.2903090812960319}, {""factor_id"": 37, ""factor_label"": ""climate_bio1"", ""factor_kind"": ""climate_feature"", ""baseline_type"": ""region_mean"", ""baseline_value"": -0.6888782978057861, ""freq"": 0.0736176935229068, ""delta_mean"": 0.9960557818412781, ""direction"": ""increase"", ""score"": 0.07332732927931053}, {""factor_id"": 39, ""factor_label"": ""climate_bio12"", ""factor_kind"": ""climate_feature"", ""baseline_type"": ""region_mean"", ""baseline_value"": -0.6888782978057861, ""freq"": 0.000631911532385466, ""delta_mean"": -0.6639306545257568, ""direction"": ""decrease"", ""score"": 0.0004195454372990564}]",23,red_green_ratio,aux_feature,region_mean,-0.6888782978057861,0.604739336492891,-0.7796366810798645,decrease,0.47147696922175697
274,OC_0-5cm_1km_mean,"{""OC_0-5cm_1km_mean"": {""mean"": 1.6969054128061225, ""p50"": 1.6572314500808716, ""p95"": 1.9573349237442015}}","[{""factor_id"": 23, ""factor_label"": ""red_green_ratio"", ""factor_kind"": ""aux_feature"", ""baseline_type"": ""region_mean"", ""baseline_value"": -0.7317729592323303, ""freq"": 0.6481876332622601, ""delta_mean"": -0.7933791875839233, ""direction"": ""decrease"", ""score"": 0.514258577879558}, {""factor_id"": 34, ""factor_label"": ""covgtiff_wet_g_0_5cm_1km_mean"", ""factor_kind"": ""gtiff_covariate"", ""baseline_type"": ""region_mean"", ""baseline_value"": -0.7317729592323303, ""freq"": 0.2093816631130064, ""delta_mean"": -0.7680919170379639, ""direction"": ""decrease"", ""score"": 0.1608243630130662}, {""factor_id"": 19, ""factor_label"": ""ndre"", ""factor_kind"": ""aux_feature"", ""baseline_type"": ""region_mean"", ""baseline_value"": -0.7317729592323303, ""freq"": 0.0464818763326226, ""delta_mean"": -0.6288353204727173, ""direction"": ""decrease"", ""score"": 0.029229445599797947}, {""factor_id"": 40, ""factor_label"": ""climate_bio15"", ""factor_kind"": ""climate_feature"", ""baseline_type"": ""region_mean"", ""baseline_value"": -0.7317729592323303, ""freq"": 0.044349680170575695, ""delta_mean"": -0.5833778977394104, ""direction"": ""decrease"", ""score"": 0.025872623183325665}, {""factor_id"": 44, ""factor_label"": ""terrain_slope"", ""factor_kind"": ""terrain_feature"", ""baseline_type"": ""region_mean"", ""baseline_value"": -0.7317729592323303, ""freq"": 0.029424307036247335, ""delta_mean"": -0.7795979380607605, ""direction"": ""decrease"", ""score"": 0.02293912909432515}]",23,red_green_ratio,aux_feature,region_mean,-0.7317729592323303,0.6481876332622601,-0.7933791875839233,decrease,0.514258577879558
275,OC_0-5cm_1km_mean,"{""OC_0-5cm_1km_mean"": {""mean"": 1.8169809755669983, ""p50"": 1.8189014196395874, ""p95"": 2.0204365253448486}}","[{""factor_id"": 19, ""factor_label"": ""ndre"", ""factor_kind"": ""aux_feature"", ""baseline_type"": ""region_mean"", ""baseline_value"": -0.6465818881988525, ""freq"": 0.5749308026888098, ""delta_mean"": -0.6722444295883179, ""direction"": ""decrease"", ""score"": 0.3864940295062927}, {""factor_id"": 43, ""factor_label"": ""terrain_relief"", ""factor_kind"": ""terrain_feature"", ""baseline_type"": ""region_mean"", ""baseline_value"": -0.6465818881988525, ""freq"": 0.1490707789640174, ""delta_mean"": -0.7552538514137268, ""direction"": ""decrease"", ""score"": 0.11258627994581852}, {""factor_id"": 39, ""factor_label"": ""climate_bio12"", ""factor_kind"": ""climate_feature"", ""baseline_type"": ""region_mean"", ""baseline_value"": -0.6465818881988525, ""freq"": 0.14511664689600634, ""delta_mean"": -0.5398696660995483, ""direction"": ""decrease"", ""score"": 0.078344075705233}, {""factor_id"": 40, ""factor_label"": ""climate_bio15"", ""factor_kind"": ""climate_feature"", ""baseline_type"": ""region_mean"", ""baseline_value"": -0.6465818881988525, ""freq"": 0.12139185448793989, ""delta_mean"": -0.5093107223510742, ""direction"": ""decrease"", ""score"": 0.06182617309678916}, {""factor_id"": 44, ""factor_label"": ""terrain_slope"", ""factor_kind"": ""terrain_feature"", ""baseline_type"": ""region_mean"", ""baseline_value"": -0.6465818881988525, ""freq"": 0.009489916963226572, ""delta_mean"": -0.7725450992584229, ""direction"": ""decrease"", ""score"": 0.007331388842310063}]",19,ndre,aux_feature,region_mean,-0.6465818881988525,0.5749308026888098,-0.6722444295883179,decrease,0.3864940295062927
276,OC_0-5cm_1km_mean,"{""OC_0-5cm_1km_mean"": {""mean"": 1.6207334795719774, ""p50"": 1.5844138860702515, ""p95"": 1.8892454385757445}}","[{""factor_id"": 23, ""factor_label"": ""red_green_ratio"", ""factor_kind"": ""aux_feature"", ""baseline_type"": ""region_mean"", ""baseline_value"": -0.7353708744049072, ""freq"": 0.5575595321967028, ""delta_mean"": -0.7903193235397339, ""direction"": ""decrease"", ""score"": 0.4406500723188287}, {""factor_id"": 34, ""factor_label"": ""covgtiff_wet_g_0_5cm_1km_mean"", ""factor_kind"": ""gtiff_covariate"", ""baseline_type"": ""region_mean"", ""baseline_value"": -0.7353708744049072, ""freq"": 0.24432858954487813, ""delta_mean"": -0.7731719613075256, ""direction"": ""decrease"", ""score"": 0.18890801478191482}, {""factor_id"": 40, ""factor_label"": ""climate_bio15"", ""factor_kind"": ""climate_feature"", ""baseline_type"": ""region_mean"", ""baseline_value"": -0.7353708744049072, ""freq"": 0.10243764971114555, ""delta_mean"": -0.56706303358078, ""direction"": ""decrease"", ""score"": 0.05808860439808751}, {""factor_id"": 19, ""factor_label"": ""ndre"", ""factor_kind"": ""aux_feature"", ""baseline_type"": ""region_mean"", ""baseline_value"": -0.7353708744049072, ""freq"": 0.05551641538678315, ""delta_mean"": -0.6430969834327698, ""direction"": ""decrease"", ""score"": 0.035702439266240844}, {""factor_id"": 44, ""factor_label"": ""terrain_slope"", ""factor_kind"": ""terrain_feature"", ""baseline_type"": ""region_mean"", ""baseline_value"": -0.7353708744049072, ""freq"": 0.02789911230097224, ""delta_mean"": -0.7870950698852539, ""direction"": ""decrease"", ""score"": 0.021959253746270294}]",23,red_green_ratio,aux_feature,region_mean,-0.7353708744049072,0.5575595321967028,-0.7903193235397339,decrease,0.4406500723188287
277,OC_0-5cm_1km_mean,"{""OC_0-5cm_1km_mean"": {""mean"": 1.6726443921514305, ""p50"": 1.6275097131729126, ""p95"": 2.024563455581665}}","[{""factor_id"": 19, ""factor_label"": ""ndre"", ""factor_kind"": ""aux_feature"", ""baseline_type"": ""region_mean"", ""baseline_value"": -0.7260560989379883, ""freq"": 0.6236144578313253, ""delta_mean"": -0.7233376502990723, ""direction"": ""decrease"", ""score"": 0.4510838166202407}, {""factor_id"": 39, ""factor_label"": ""climate_bio12"", ""factor_kind"": ""climate_feature"", ""baseline_type"": ""region_mean"", ""baseline_value"": -0.7260560989379883, ""freq"": 0.1416867469879518, ""delta_mean"": -0.7538406848907471, ""direction"": ""decrease"", ""score"": 0.10680923438933958}, {""factor_id"": 40, ""factor_label"": ""climate_bio15"", ""factor_kind"": ""climate_feature"", ""baseline_type"": ""region_mean"", ""baseline_value"": -0.7260560989379883, ""freq"": 0.10891566265060242, ""delta_mean"": -0.5318498611450195, ""direction"": ""decrease"", ""score"": 0.05792678005724068}, {""factor_id"": 43, ""factor_label"": ""terrain_relief"", ""factor_kind"": ""terrain_feature"", ""baseline_type"": ""region_mean"", ""baseline_value"": -0.7260560989379883, ""freq"": 0.08530120481927711, ""delta_mean"": -0.8977002501487732, ""direction"": ""decrease"", ""score"": 0.0765749129042568}, {""factor_id"": 44, ""factor_label"": ""terrain_slope"", ""factor_kind"": ""terrain_feature"", ""baseline_type"": ""region_mean"", ""baseline_value"": -0.7260560989379883, ""freq"": 0.03518072289156626, ""delta_mean"": -0.8931611776351929, ""direction"": ""decrease"", ""score"": 0.03142205588788871}]",19,ndre,aux_feature,region_mean,-0.7260560989379883,0.6236144578313253,-0.7233376502990723,decrease,0.4510838166202407
278,OC_0-5cm_1km_mean,"{""OC_0-5cm_1km_mean"": {""mean"": 1.5440254279824555, ""p50"": 1.545180082321167, ""p95"": 1.6624242782592773}}","[{""factor_id"": 19, ""factor_label"": ""ndre"", ""factor_kind"": ""aux_feature"", ""baseline_type"": ""region_mean"", ""baseline_value"": -0.6391211748123169, ""freq"": 0.6450819672131147, ""delta_mean"": -0.6760393381118774, ""direction"": ""decrease"", ""score"": 0.4361007861426619}, {""factor_id"": 40, ""factor_label"": ""climate_bio15"", ""factor_kind"": ""climate_feature"", ""baseline_type"": ""region_mean"", ""baseline_value"": -0.6391211748123169, ""freq"": 0.22213114754098362, ""delta_mean"": -0.5288143754005432, ""direction"": ""decrease"", ""score"": 0.11746614404389116}, {""factor_id"": 43, ""factor_label"": ""terrain_relief"", ""factor_kind"": ""terrain_feature"", ""baseline_type"": ""region_mean"", ""baseline_value"": -0.6391211748123169, ""freq"": 0.06639344262295081, ""delta_mean"": -0.8019589781761169, ""direction"": ""decrease"", ""score"": 0.053244817403496285}, {""factor_id"": 39, ""factor_label"": ""climate_bio12"", ""factor_kind"": ""climate_feature"", ""baseline_type"": ""region_mean"", ""baseline_value"": -0.6391211748123169, ""freq"": 0.06639344262295081, ""delta_mean"": -0.48663589358329773, ""direction"": ""decrease"", ""score"": 0.032309432278891076}]",19,ndre,aux_feature,region_mean,-0.6391211748123169,0.6450819672131147,-0.6760393381118774,decrease,0.4361007861426619
279,OC_0-5cm_1km_mean,"{""OC_0-5cm_1km_mean"": {""mean"": 1.5032465830510704, ""p50"": 1.5092605352401733, ""p95"": 1.6233615159988402}}","[{""factor_id"": 19, ""factor_label"": ""ndre"", ""factor_kind"": ""aux_feature"", ""baseline_type"": ""region_mean"", ""baseline_value"": -0.6695185303688049, ""freq"": 0.6409130816505707, ""delta_mean"": -0.739768922328949, ""direction"": ""decrease"", ""score"": 0.47412757971916836}, {""factor_id"": 40, ""factor_label"": ""climate_bio15"", ""factor_kind"": ""climate_feature"", ""baseline_type"": ""region_mean"", ""baseline_value"": -0.6695185303688049, ""freq"": 0.20017559262510976, ""delta_mean"": -0.5348772406578064, ""direction"": ""decrease"", ""score"": 0.10706936863035985}, {""factor_id"": 39, ""factor_label"": ""climate_bio12"", ""factor_kind"": ""climate_feature"", ""baseline_type"": ""region_mean"", ""baseline_value"": -0.6695185303688049, ""freq"": 0.12906057945566285, ""delta_mean"": -0.4697653353214264, ""direction"": ""decrease"", ""score"": 0.06062818638476705}, {""factor_id"": 43, ""factor_label"": ""terrain_relief"", ""factor_kind"": ""terrain_feature"", ""baseline_type"": ""region_mean"", ""baseline_value"": -0.6695185303688049, ""freq"": 0.027216856892010536, ""delta_mean"": -0.9327828288078308, ""direction"": ""decrease"", ""score"": 0.025387416762987496}, {""factor_id"": 44, ""factor_label"": ""terrain_slope"", ""factor_kind"": ""terrain_feature"", ""baseline_type"": ""region_mean"", ""baseline_value"": -0.6695185303688049, ""freq"": 0.0026338893766461808, ""delta_mean"": -0.8755042552947998, ""direction"": ""decrease"", ""score"": 0.002305981357229499}]",19,ndre,aux_feature,region_mean,-0.6695185303688049,0.6409130816505707,-0.739768922328949,decrease,0.47412757971916836
280,OC_0-5cm_1km_mean,"{""OC_0-5cm_1km_mean"": {""mean"": 1.7187986937321766, ""p50"": 1.7005480527877808, ""p95"": 1.88457293510437}}","[{""factor_id"": 23, ""factor_label"": ""red_green_ratio"", ""factor_kind"": ""aux_feature"", ""baseline_type"": ""region_mean"", ""baseline_value"": -0.8687149286270142, ""freq"": 0.76549041400389, ""delta_mean"": -0.9037106037139893, ""direction"": ""decrease"", ""score"": 0.691781804176727}, {""factor_id"": 34, ""factor_label"": ""covgtiff_wet_g_0_5cm_1km_mean"", ""factor_kind"": ""gtiff_covariate"", ""baseline_type"": ""region_mean"", ""baseline_value"": -0.8687149286270142, ""freq"": 0.1378160600166713, ""delta_mean"": -0.8180992603302002, ""direction"": ""decrease"", ""score"": 0.11274721676126126}, {""factor_id"": 40, ""factor_label"": ""climate_bio15"", ""factor_kind"": ""climate_feature"", ""baseline_type"": ""region_mean"", ""baseline_value"": -0.8687149286270142, ""freq"": 0.05612670186162823, ""delta_mean"": -0.5738235712051392, ""direction"": ""decrease"", ""score"": 0.03220682450220564}, {""factor_id"": 44, ""factor_label"": ""terrain_slope"", ""factor_kind"": ""terrain_feature"", ""baseline_type"": ""region_mean"", ""baseline_value"": -0.8687149286270142, ""freq"": 0.031397610447346486, ""delta_mean"": -0.8925452828407288, ""direction"": ""decrease"", ""score"": 0.02802378909724989}, {""factor_id"": 19, ""factor_label"": ""ndre"", ""factor_kind"": ""aux_feature"", ""baseline_type"": ""region_mean"", ""baseline_value"": -0.8687149286270142, ""freq"": 0.006946373992775771, ""delta_mean"": -0.7308849096298218, ""direction"": ""decrease"", ""score"": 0.005076999927964863}]",23,red_green_ratio,aux_feature,region_mean,-0.8687149286270142,0.76549041400389,-0.9037106037139893,decrease,0.691781804176727
281,OC_0-5cm_1km_mean,"{""OC_0-5cm_1km_mean"": {""mean"": 1.6385372622264496, ""p50"": 1.6311492919921875, ""p95"": 1.8736395835876465}}","[{""factor_id"": 19, ""factor_label"": ""ndre"", ""factor_kind"": ""aux_feature"", ""baseline_type"": ""region_mean"", ""baseline_value"": -0.810076117515564, ""freq"": 0.6558516801853997, ""delta_mean"": -0.8528211712837219, ""direction"": ""decrease"", ""score"": 0.5593241980841096}, {""factor_id"": 40, ""factor_label"": ""climate_bio15"", ""factor_kind"": ""climate_feature"", ""baseline_type"": ""region_mean"", ""baseline_value"": -0.810076117515564, ""freq"": 0.19495944380069524, ""delta_mean"": -0.6413798332214355, ""direction"": ""decrease"", ""score"": 0.12504305554983375}, {""factor_id"": 34, ""factor_label"": ""covgtiff_wet_g_0_5cm_1km_mean"", ""factor_kind"": ""gtiff_covariate"", ""baseline_type"": ""region_mean"", ""baseline_value"": -0.810076117515564, ""freq"": 0.07444959443800696, ""delta_mean"": -0.8833378553390503, ""direction"": ""decrease"", ""score"": 0.06576414508173116}, {""factor_id"": 39, ""factor_label"": ""climate_bio12"", ""factor_kind"": ""climate_feature"", ""baseline_type"": ""region_mean"", ""baseline_value"": -0.810076117515564, ""freq"": 0.07358053302433372, ""delta_mean"": -0.799522876739502, ""direction"": ""decrease"", ""score"": 0.05882931943564122}, {""factor_id"": 44, ""factor_label"": ""terrain_slope"", ""factor_kind"": ""terrain_feature"", ""baseline_type"": ""region_mean"", ""baseline_value"": -0.810076117515564, ""freq"": 0.0011587485515643105, ""delta_mean"": -0.9626440405845642, ""direction"": ""decrease"", ""score"": 0.0011154623876993791}]",19,ndre,aux_feature,region_mean,-0.810076117515564,0.6558516801853997,-0.8528211712837219,decrease,0.5593241980841096
282,OC_0-5cm_1km_mean,"{""OC_0-5cm_1km_mean"": {""mean"": 1.8239301066912232, ""p50"": 1.8104658126831055, ""p95"": 2.3265883922576904}}","[{""factor_id"": 19, ""factor_label"": ""ndre"", ""factor_kind"": ""aux_feature"", ""baseline_type"": ""region_mean"", ""baseline_value"": -0.7879229784011841, ""freq"": 0.44646594751247787, ""delta_mean"": -0.8351671099662781, ""direction"": ""decrease"", ""score"": 0.37287367508235214}, {""factor_id"": 34, ""factor_label"": ""covgtiff_wet_g_0_5cm_1km_mean"", ""factor_kind"": ""gtiff_covariate"", ""baseline_type"": ""region_mean"", ""baseline_value"": -0.7879229784011841, ""freq"": 0.2756399935598132, ""delta_mean"": -0.849256157875061, ""direction"": ""decrease"", ""score"": 0.23408896188731354}, {""factor_id"": 40, ""factor_label"": ""climate_bio15"", ""factor_kind"": ""climate_feature"", ""baseline_type"": ""region_mean"", ""baseline_value"": -0.7879229784011841, ""freq"": 0.13315086137497986, ""delta_mean"": -0.5981138944625854, ""direction"": ""decrease"", ""score"": 0.07963938024803704}, {""factor_id"": 39, ""factor_label"": ""climate_bio12"", ""factor_kind"": ""climate_feature"", ""baseline_type"": ""region_mean"", ""baseline_value"": -0.7879229784011841, ""freq"": 0.11028819835775237, ""delta_mean"": -0.8181694149971008, ""direction"": ""decrease"", ""score"": 0.09023443073144648}, {""factor_id"": 23, ""factor_label"": ""red_green_ratio"", ""factor_kind"": ""aux_feature"", ""baseline_type"": ""region_mean"", ""baseline_value"": -0.7879229784011841, ""freq"": 0.0196425696345194, ""delta_mean"": -1.0492972135543823, ""direction"": ""decrease"", ""score"": 0.02061089358454913}]",19,ndre,aux_feature,region_mean,-0.7879229784011841,0.44646594751247787,-0.8351671099662781,decrease,0.37287367508235214
283,OC_0-5cm_1km_mean,"{""OC_0-5cm_1km_mean"": {""mean"": 1.7650249545267747, ""p50"": 1.7106264233589172, ""p95"": 2.289107418060303}}","[{""factor_id"": 23, ""factor_label"": ""red_green_ratio"", ""factor_kind"": ""aux_feature"", ""baseline_type"": ""region_mean"", ""baseline_value"": -0.5506598353385925, ""freq"": 0.5819209039548022, ""delta_mean"": -0.7745717167854309, ""direction"": ""decrease"", ""score"": 0.45073947360960104}, {""factor_id"": 34, ""factor_label"": ""covgtiff_wet_g_0_5cm_1km_mean"", ""factor_kind"": ""gtiff_covariate"", ""baseline_type"": ""region_mean"", ""baseline_value"": -0.5506598353385925, ""freq"": 0.2030367231638418, ""delta_mean"": -0.7317027449607849, ""direction"": ""decrease"", ""score"": 0.14856252766682604}, {""factor_id"": 37, ""factor_label"": ""climate_bio1"", ""factor_kind"": ""climate_feature"", ""baseline_type"": ""region_mean"", ""baseline_value"": -0.5506598353385925, ""freq"": 0.12076271186440678, ""delta_mean"": 0.8510277271270752, ""direction"": ""increase"", ""score"": 0.10277241619966798}, {""factor_id"": 40, ""factor_label"": ""climate_bio15"", ""factor_kind"": ""climate_feature"", ""baseline_type"": ""region_mean"", ""baseline_value"": -0.5506598353385925, ""freq"": 0.0826271186440678, ""delta_mean"": -0.5587294101715088, ""direction"": ""decrease"", ""score"": 0.04616620126417128}, {""factor_id"": 39, ""factor_label"": ""climate_bio12"", ""factor_kind"": ""climate_feature"", ""baseline_type"": ""region_mean"", ""baseline_value"": -0.5506598353385925, ""freq"": 0.011652542372881356, ""delta_mean"": -0.6834577918052673, ""direction"": ""decrease"", ""score"": 0.007964020879086802}]",23,red_green_ratio,aux_feature,region_mean,-0.5506598353385925,0.5819209039548022,-0.7745717167854309,decrease,0.45073947360960104
284,OC_0-5cm_1km_mean,"{""OC_0-5cm_1km_mean"": {""mean"": 1.6665691767913708, ""p50"": 1.6765506267547607, ""p95"": 1.8087497651576994}}","[{""factor_id"": 19, ""factor_label"": ""ndre"", ""factor_kind"": ""aux_feature"", ""baseline_type"": ""region_mean"", ""baseline_value"": -0.6949646472930908, ""freq"": 0.7038043478260869, ""delta_mean"": -0.783149778842926, ""direction"": ""decrease"", ""score"": 0.5511842193486898}, {""factor_id"": 39, ""factor_label"": ""climate_bio12"", ""factor_kind"": ""climate_feature"", ""baseline_type"": ""region_mean"", ""baseline_value"": -0.6949646472930908, ""freq"": 0.23641304347826086, ""delta_mean"": -0.48334184288978577, ""direction"": ""decrease"", ""score"": 0.11426831611796566}, {""factor_id"": 40, ""factor_label"": ""climate_bio15"", ""factor_kind"": ""climate_feature"", ""baseline_type"": ""region_mean"", ""baseline_value"": -0.6949646472930908, ""freq"": 0.059782608695652176, ""delta_mean"": -0.49365749955177307, ""direction"": ""decrease"", ""score"": 0.02951213312537774}]",19,ndre,aux_feature,region_mean,-0.6949646472930908,0.7038043478260869,-0.783149778842926,decrease,0.5511842193486898
285,OC_0-5cm_1km_mean,"{""OC_0-5cm_1km_mean"": {""mean"": 1.7361066199930135, ""p50"": 1.7074987888336182, ""p95"": 2.141594791412353}}","[{""factor_id"": 19, ""factor_label"": ""ndre"", ""factor_kind"": ""aux_feature"", ""baseline_type"": ""region_mean"", ""baseline_value"": -0.7958422899246216, ""freq"": 0.6483420593368238, ""delta_mean"": -0.8191325664520264, ""direction"": ""decrease"", ""score"": 0.5310780950033644}, {""factor_id"": 40, ""factor_label"": ""climate_bio15"", ""factor_kind"": ""climate_feature"", ""baseline_type"": ""region_mean"", ""baseline_value"": -0.7958422899246216, ""freq"": 0.1719022687609075, ""delta_mean"": -0.6613102555274963, ""direction"": ""decrease"", ""score"": 0.11368073328003209}, {""factor_id"": 39, ""factor_label"": ""climate_bio12"", ""factor_kind"": ""climate_feature"", ""baseline_type"": ""region_mean"", ""baseline_value"": -0.7958422899246216, ""freq"": 0.13743455497382198, ""delta_mean"": -0.8238305449485779, ""direction"": ""decrease"", ""score"": 0.11322278431884905}, {""factor_id"": 44, ""factor_label"": ""terrain_slope"", ""factor_kind"": ""terrain_feature"", ""baseline_type"": ""region_mean"", ""baseline_value"": -0.7958422899246216, ""freq"": 0.029232111692844676, ""delta_mean"": -0.9128605127334595, ""direction"": ""decrease"", ""score"": 0.026684840468211946}, {""factor_id"": 43, ""factor_label"": ""terrain_relief"", ""factor_kind"": ""terrain_feature"", ""baseline_type"": ""region_mean"", ""baseline_value"": -0.7958422899246216, ""freq"": 0.010034904013961605, ""delta_mean"": -0.8682183027267456, ""direction"": ""decrease"", ""score"": 0.008712487331027552}]",19,ndre,aux_feature,region_mean,-0.7958422899246216,0.6483420593368238,-0.8191325664520264,decrease,0.5310780950033644
286,OC_0-5cm_1km_mean,"{""OC_0-5cm_1km_mean"": {""mean"": 1.7537788109887433, ""p50"": 1.7358450293540955, ""p95"": 1.9741625368595124}}","[{""factor_id"": 23, ""factor_label"": ""red_green_ratio"", ""factor_kind"": ""aux_feature"", ""baseline_type"": ""region_mean"", ""baseline_value"": -0.8704061508178711, ""freq"": 0.7570999453850354, ""delta_mean"": -0.911618173122406, ""direction"": ""decrease"", ""score"": 0.6901860690829794}, {""factor_id"": 34, ""factor_label"": ""covgtiff_wet_g_0_5cm_1km_mean"", ""factor_kind"": ""gtiff_covariate"", ""baseline_type"": ""region_mean"", ""baseline_value"": -0.8704061508178711, ""freq"": 0.20699071545603495, ""delta_mean"": -0.8623985648155212, ""direction"": ""decrease"", ""score"": 0.17850849593942247}, {""factor_id"": 40, ""factor_label"": ""climate_bio15"", ""factor_kind"": ""climate_feature"", ""baseline_type"": ""region_mean"", ""baseline_value"": -0.8704061508178711, ""freq"": 0.015292190060076462, ""delta_mean"": -0.6328845620155334, ""direction"": ""decrease"", ""score"": 0.009678191008429786}, {""factor_id"": 37, ""factor_label"": ""climate_bio1"", ""factor_kind"": ""climate_feature"", ""baseline_type"": ""region_mean"", ""baseline_value"": -0.8704061508178711, ""freq"": 0.014336428181321682, ""delta_mean"": 0.8852584362030029, ""direction"": ""increase"", ""score"": 0.012691443992533493}, {""factor_id"": 39, ""factor_label"": ""climate_bio12"", ""factor_kind"": ""climate_feature"", ""baseline_type"": ""region_mean"", ""baseline_value"": -0.8704061508178711, ""freq"": 0.0023211359912616056, ""delta_mean"": -0.7124330401420593, ""direction"": ""decrease"", ""score"": 0.001653653970837658}]",23,red_green_ratio,aux_feature,region_mean,-0.8704061508178711,0.7570999453850354,-0.911618173122406,decrease,0.6901860690829794
287,OC_0-5cm_1km_mean,"{""OC_0-5cm_1km_mean"": {""mean"": 1.7724259041409869, ""p50"": 1.7493823766708374, ""p95"": 2.0733751535415648}}","[{""factor_id"": 23, ""factor_label"": ""red_green_ratio"", ""factor_kind"": ""aux_feature"", ""baseline_type"": ""region_mean"", ""baseline_value"": -0.6003132462501526, ""freq"": 0.6780978509373571, ""delta_mean"": -0.7279804348945618, ""direction"": ""decrease"", ""score"": 0.4936419684264449}, {""factor_id"": 39, ""factor_label"": ""climate_bio12"", ""factor_kind"": ""climate_feature"", ""baseline_type"": ""region_mean"", ""baseline_value"": -0.6003132462501526, ""freq"": 0.12574302697759487, ""delta_mean"": -0.6299901008605957, ""direction"": ""decrease"", ""score"": 0.0792168622481316}, {""factor_id"": 37, ""factor_label"": ""climate_bio1"", ""factor_kind"": ""climate_feature"", ""baseline_type"": ""region_mean"", ""baseline_value"": -0.6003132462501526, ""freq"": 0.0722450845907636, ""delta_mean"": 0.7415414452552795, ""direction"": ""increase"", ""score"": 0.05357272444002477}, {""factor_id"": 40, ""factor_label"": ""climate_bio15"", ""factor_kind"": ""climate_feature"", ""baseline_type"": ""region_mean"", ""baseline_value"": -0.6003132462501526, ""freq"": 0.06675811614083219, ""delta_mean"": -0.5858449935913086, ""direction"": ""decrease"", ""score"": 0.039109908122693667}, {""factor_id"": 34, ""factor_label"": ""covgtiff_wet_g_0_5cm_1km_mean"", ""factor_kind"": ""gtiff_covariate"", ""baseline_type"": ""region_mean"", ""baseline_value"": -0.6003132462501526, ""freq"": 0.05715592135345222, ""delta_mean"": -0.7333834171295166, ""direction"": ""decrease"", ""score"": 0.04191720491138069}]",23,red_green_ratio,aux_feature,region_mean,-0.6003132462501526,0.6780978509373571,-0.7279804348945618,decrease,0.4936419684264449
288,OC_0-5cm_1km_mean,"{""OC_0-5cm_1km_mean"": {""mean"": 1.9327674082916853, ""p50"": 1.9132217168807983, ""p95"": 2.327490210533142}}","[{""factor_id"": 23, ""factor_label"": ""red_green_ratio"", ""factor_kind"": ""aux_feature"", ""baseline_type"": ""region_mean"", ""baseline_value"": -0.623828113079071, ""freq"": 0.7009436983740382, ""delta_mean"": -0.8715687990188599, ""direction"": ""decrease"", ""score"": 0.6109206573716984}, {""factor_id"": 37, ""factor_label"": ""climate_bio1"", ""factor_kind"": ""climate_feature"", ""baseline_type"": ""region_mean"", ""baseline_value"": -0.623828113079071, ""freq"": 0.1318347373360445, ""delta_mean"": 0.8991637229919434, ""direction"": ""increase"", ""score"": 0.11854101324274273}, {""factor_id"": 34, ""factor_label"": ""covgtiff_wet_g_0_5cm_1km_mean"", ""factor_kind"": ""gtiff_covariate"", ""baseline_type"": ""region_mean"", ""baseline_value"": -0.623828113079071, ""freq"": 0.10487192664923767, ""delta_mean"": -0.8314752578735352, ""direction"": ""decrease"", ""score"": 0.08719841225436935}, {""factor_id"": 40, ""factor_label"": ""climate_bio15"", ""factor_kind"": ""climate_feature"", ""baseline_type"": ""region_mean"", ""baseline_value"": -0.623828113079071, ""freq"": 0.030038954557981216, ""delta_mean"": -0.6335527300834656, ""direction"": ""decrease"", ""score"": 0.01903126166906216}, {""factor_id"": 44, ""factor_label"": ""terrain_slope"", ""factor_kind"": ""terrain_feature"", ""baseline_type"": ""region_mean"", ""baseline_value"": -0.623828113079071, ""freq"": 0.02262790576423182, ""delta_mean"": -0.7861286997795105, ""direction"": ""decrease"", ""score"": 0.017788446137168852}]",23,red_green_ratio,aux_feature,region_mean,-0.623828113079071,0.7009436983740382,-0.8715687990188599,decrease,0.6109206573716984
289,OC_0-5cm_1km_mean,"{""OC_0-5cm_1km_mean"": {""mean"": 1.7069497428846754, ""p50"": 1.705698847770691, ""p95"": 1.9398579597473142}}","[{""factor_id"": 23, ""factor_label"": ""red_green_ratio"", ""factor_kind"": ""aux_feature"", ""baseline_type"": ""region_mean"", ""baseline_value"": -1.222083568572998, ""freq"": 0.9335537190082644, ""delta_mean"": -1.262274980545044, ""direction"": ""decrease"", ""score"": 1.1784015024989105}, {""factor_id"": 40, ""factor_label"": ""climate_bio15"", ""factor_kind"": ""climate_feature"", ""baseline_type"": ""region_mean"", ""baseline_value"": -1.222083568572998, ""freq"": 0.03239669421487603, ""delta_mean"": -0.5533520579338074, ""direction"": ""decrease"", ""score"": 0.017926777414053924}, {""factor_id"": 44, ""factor_label"": ""terrain_slope"", ""factor_kind"": ""terrain_feature"", ""baseline_type"": ""region_mean"", ""baseline_value"": -1.222083568572998, ""freq"": 0.027768595041322314, ""delta_mean"": -0.9377014636993408, ""direction"": ""decrease"", ""score"": 0.02603865221512219}, {""factor_id"": 39, ""factor_label"": ""climate_bio12"", ""factor_kind"": ""climate_feature"", ""baseline_type"": ""region_mean"", ""baseline_value"": -1.222083568572998, ""freq"": 0.0036363636363636364, ""delta_mean"": -0.6239373087882996, ""direction"": ""decrease"", ""score"": 0.002268862941048362}, {""factor_id"": 37, ""factor_label"": ""climate_bio1"", ""factor_kind"": ""climate_feature"", ""baseline_type"": ""region_mean"", ""baseline_value"": -1.222083568572998, ""freq"": 0.002644628099173554, ""delta_mean"": 0.9650445580482483, ""direction"": ""increase"", ""score"": 0.0025521839551689214}]",23,red_green_ratio,aux_feature,region_mean,-1.222083568572998,0.9335537190082644,-1.262274980545044,decrease,1.1784015024989105
290,OC_0-5cm_1km_mean,"{""OC_0-5cm_1km_mean"": {""mean"": 1.9120534146704324, ""p50"": 1.8844447135925293, ""p95"": 2.2817076683044433}}","[{""factor_id"": 23, ""factor_label"": ""red_green_ratio"", ""factor_kind"": ""aux_feature"", ""baseline_type"": ""region_mean"", ""baseline_value"": -0.5201753973960876, ""freq"": 0.5602787456445993, ""delta_mean"": -0.7462735176086426, ""direction"": ""decrease"", ""score"": 0.4181211903535531}, {""factor_id"": 34, ""factor_label"": ""covgtiff_wet_g_0_5cm_1km_mean"", ""factor_kind"": ""gtiff_covariate"", ""baseline_type"": ""region_mean"", ""baseline_value"": -0.5201753973960876, ""freq"": 0.26480836236933797, ""delta_mean"": -0.73598712682724, ""direction"": ""decrease"", ""score"": 0.19489554578003568}, {""factor_id"": 37, ""factor_label"": ""climate_bio1"", ""factor_kind"": ""climate_feature"", ""baseline_type"": ""region_mean"", ""baseline_value"": -0.5201753973960876, ""freq"": 0.13937282229965156, ""delta_mean"": 0.8170111775398254, ""direction"": ""increase"", ""score"": 0.11386915366408716}, {""factor_id"": 39, ""factor_label"": ""climate_bio12"", ""factor_kind"": ""climate_feature"", ""baseline_type"": ""region_mean"", ""baseline_value"": -0.5201753973960876, ""freq"": 0.023693379790940768, ""delta_mean"": -0.6025547981262207, ""direction"": ""decrease"", ""score"": 0.014276559676858192}, {""factor_id"": 40, ""factor_label"": ""climate_bio15"", ""factor_kind"": ""climate_feature"", ""baseline_type"": ""region_mean"", ""baseline_value"": -0.5201753973960876, ""freq"": 0.011149825783972125, ""delta_mean"": -0.5678447484970093, ""direction"": ""decrease"", ""score"": 0.0063313700180851204}]",23,red_green_ratio,aux_feature,region_mean,-0.5201753973960876,0.5602787456445993,-0.7462735176086426,decrease,0.4181211903535531
291,OC_0-5cm_1km_mean,"{""OC_0-5cm_1km_mean"": {""mean"": 1.537024259689778, ""p50"": 1.4923415184020996, ""p95"": 1.8268198072910309}}","[{""factor_id"": 23, ""factor_label"": ""red_green_ratio"", ""factor_kind"": ""aux_feature"", ""baseline_type"": ""region_mean"", ""baseline_value"": -1.0219682455062866, ""freq"": 0.8884892086330936, ""delta_mean"": -1.0528913736343384, ""direction"": ""decrease"", ""score"": 0.9354826233369842}, {""factor_id"": 34, ""factor_label"": ""covgtiff_wet_g_0_5cm_1km_mean"", ""factor_kind"": ""gtiff_covariate"", ""baseline_type"": ""region_mean"", ""baseline_value"": -1.0219682455062866, ""freq"": 0.07297019527235354, ""delta_mean"": -1.0010193586349487, ""direction"": ""decrease"", ""score"": 0.07304457807099832}, {""factor_id"": 40, ""factor_label"": ""climate_bio15"", ""factor_kind"": ""climate_feature"", ""baseline_type"": ""region_mean"", ""baseline_value"": -1.0219682455062866, ""freq"": 0.02723535457348407, ""delta_mean"": -0.6106861233711243, ""direction"": ""decrease"", ""score"": 0.016632253103119006}, {""factor_id"": 37, ""factor_label"": ""climate_bio1"", ""factor_kind"": ""climate_feature"", ""baseline_type"": ""region_mean"", ""baseline_value"": -1.0219682455062866, ""freq"": 0.007194244604316547, ""delta_mean"": 0.9289050698280334, ""direction"": ""increase"", ""score"": 0.006682770286532615}, {""factor_id"": 39, ""factor_label"": ""climate_bio12"", ""factor_kind"": ""climate_feature"", ""baseline_type"": ""region_mean"", ""baseline_value"": -1.0219682455062866, ""freq"": 0.003083247687564234, ""delta_mean"": -0.8313222527503967, ""direction"": ""decrease"", ""score"": 0.0025631724134133507}]",23,red_green_ratio,aux_feature,region_mean,-1.0219682455062866,0.8884892086330936,-1.0528913736343384,decrease,0.9354826233369842
292,OC_0-5cm_1km_mean,"{""OC_0-5cm_1km_mean"": {""mean"": 2.2385212589297776, ""p50"": 2.085109233856201, ""p95"": 3.453390312194824}}","[{""factor_id"": 23, ""factor_label"": ""red_green_ratio"", ""factor_kind"": ""aux_feature"", ""baseline_type"": ""region_mean"", ""baseline_value"": -0.7332984209060669, ""freq"": 0.7112426035502959, ""delta_mean"": -1.4872002601623535, ""direction"": ""decrease"", ""score"": 1.0577601850385496}, {""factor_id"": 37, ""factor_label"": ""climate_bio1"", ""factor_kind"": ""climate_feature"", ""baseline_type"": ""region_mean"", ""baseline_value"": -0.7332984209060669, ""freq"": 0.25680473372781065, ""delta_mean"": 1.3972128629684448, ""direction"": ""increase"", ""score"": 0.35881087723568345}, {""factor_id"": 34, ""factor_label"": ""covgtiff_wet_g_0_5cm_1km_mean"", ""factor_kind"": ""gtiff_covariate"", ""baseline_type"": ""region_mean"", ""baseline_value"": -0.7332984209060669, ""freq"": 0.029585798816568046, ""delta_mean"": -1.0982455015182495, ""direction"": ""decrease"", ""score"": 0.03249247045911981}, {""factor_id"": 39, ""factor_label"": ""climate_bio12"", ""factor_kind"": ""climate_feature"", ""baseline_type"": ""region_mean"", ""baseline_value"": -0.7332984209060669, ""freq"": 0.001183431952662722, ""delta_mean"": -0.7444692850112915, ""direction"": ""decrease"", ""score"": 0.0008810287396583331}, {""factor_id"": 44, ""factor_label"": ""terrain_slope"", ""factor_kind"": ""terrain_feature"", ""baseline_type"": ""region_mean"", ""baseline_value"": -0.7332984209060669, ""freq"": 0.000591715976331361, ""delta_mean"": -0.9025036692619324, ""direction"": ""decrease"", ""score"": 0.00053402583979996}]",23,red_green_ratio,aux_feature,region_mean,-0.7332984209060669,0.7112426035502959,-1.4872002601623535,decrease,1.0577601850385496
